-- Generation time: Sat, 21 Dec 2019 17:08:56 +0000
-- Host: mysql.hostinger.ro
-- DB name: u574849695_23
/*!40030 SET NAMES UTF8 */;
/*!40101 SET @OLD_CHARACTER_SET_CLIENT=@@CHARACTER_SET_CLIENT */;
/*!40101 SET @OLD_CHARACTER_SET_RESULTS=@@CHARACTER_SET_RESULTS */;
/*!40101 SET @OLD_COLLATION_CONNECTION=@@COLLATION_CONNECTION */;
/*!40103 SET @OLD_TIME_ZONE=@@TIME_ZONE */;
/*!40103 SET TIME_ZONE='+00:00' */;
/*!40014 SET @OLD_UNIQUE_CHECKS=@@UNIQUE_CHECKS, UNIQUE_CHECKS=0 */;
/*!40014 SET @OLD_FOREIGN_KEY_CHECKS=@@FOREIGN_KEY_CHECKS, FOREIGN_KEY_CHECKS=0 */;
/*!40101 SET @OLD_SQL_MODE=@@SQL_MODE, SQL_MODE='NO_AUTO_VALUE_ON_ZERO' */;
/*!40111 SET @OLD_SQL_NOTES=@@SQL_NOTES, SQL_NOTES=0 */;

DROP TABLE IF EXISTS `communities`;
CREATE TABLE `communities` (
  `id` bigint(20) unsigned NOT NULL AUTO_INCREMENT,
  `name` varchar(150) DEFAULT NULL,
  PRIMARY KEY (`id`),
  UNIQUE KEY `id` (`id`),
  KEY `communities_name_idx` (`name`)
) ENGINE=InnoDB AUTO_INCREMENT=11 DEFAULT CHARSET=latin1;

INSERT INTO `communities` VALUES ('6','adipisci'),
('5','deserunt'),
('3','eos'),
('7','eum'),
('2','iste'),
('4','sapiente'),
('8','sit'),
('1','sunt'),
('10','unde'),
('9','voluptatibus'); 


DROP TABLE IF EXISTS `friend_requests`;
CREATE TABLE `friend_requests` (
  `initiator_user_id` bigint(20) unsigned NOT NULL,
  `target_user_id` bigint(20) unsigned NOT NULL,
  `status` enum('requested','approved','unfriended','declined') DEFAULT NULL,
  `requested_at` datetime DEFAULT current_timestamp(),
  `confirmed_at` datetime DEFAULT NULL,
  PRIMARY KEY (`initiator_user_id`,`target_user_id`),
  KEY `initiator_user_id` (`initiator_user_id`),
  KEY `target_user_id` (`target_user_id`),
  CONSTRAINT `friend_requests_ibfk_1` FOREIGN KEY (`initiator_user_id`) REFERENCES `users` (`id`),
  CONSTRAINT `friend_requests_ibfk_2` FOREIGN KEY (`target_user_id`) REFERENCES `users` (`id`)
) ENGINE=InnoDB DEFAULT CHARSET=latin1;

INSERT INTO `friend_requests` VALUES ('1','1','unfriended','2013-12-30 17:36:18','2018-01-05 09:20:24'),
('2','2','approved','2014-04-21 00:38:02','1981-07-03 15:49:25'),
('3','3','declined','2001-01-23 16:20:18','1993-05-02 09:56:48'),
('4','4','unfriended','2014-02-02 23:54:50','2011-11-06 13:11:21'),
('5','5','unfriended','2009-01-31 12:45:43','1973-04-25 16:15:02'),
('6','6','declined','1987-03-12 16:11:11','1971-11-19 11:41:13'),
('7','7','declined','1973-07-31 06:14:31','1999-06-09 03:26:22'),
('8','8','requested','2010-02-14 09:13:42','2006-08-27 14:37:14'),
('9','9','unfriended','1988-02-22 03:09:56','1998-02-12 17:31:46'),
('10','10','unfriended','1996-07-13 17:05:23','2018-03-05 09:52:20'),
('11','11','requested','1978-06-22 21:50:06','1996-07-22 21:59:54'),
('12','12','approved','1971-10-27 06:43:32','1993-10-03 07:38:38'),
('13','13','approved','1999-07-19 09:03:47','2013-02-04 14:32:58'),
('14','14','requested','2006-01-12 01:22:24','1989-02-07 12:11:42'),
('15','15','declined','1976-04-08 03:51:59','2006-03-27 23:07:31'),
('16','16','approved','2010-07-26 15:42:39','1981-05-30 05:39:59'),
('17','17','declined','2018-02-21 21:07:05','1991-12-07 09:06:55'),
('18','18','approved','2016-09-27 21:04:45','1989-12-02 05:53:07'),
('19','19','approved','2013-06-16 04:17:55','1999-01-17 10:08:48'),
('20','20','requested','1982-03-08 00:15:11','1998-04-19 18:55:07'); 


DROP TABLE IF EXISTS `games`;
CREATE TABLE `games` (
  `id` bigint(20) unsigned NOT NULL AUTO_INCREMENT,
  `user_id` bigint(20) unsigned NOT NULL,
  `title` varchar(128) DEFAULT NULL COMMENT 'Название игры',
  `created_at` datetime DEFAULT current_timestamp(),
  PRIMARY KEY (`id`),
  UNIQUE KEY `id` (`id`),
  KEY `user_id` (`user_id`),
  CONSTRAINT `games_ibfk_1` FOREIGN KEY (`user_id`) REFERENCES `users` (`id`)
) ENGINE=InnoDB AUTO_INCREMENT=31 DEFAULT CHARSET=latin1;

INSERT INTO `games` VALUES ('1','1','Cupiditate consequuntur nobis sint in nihil ipsam.','1985-12-24 17:22:11'),
('2','2','Quasi deleniti quisquam ipsum.','2004-11-04 18:09:07'),
('3','3','Recusandae beatae voluptate rem enim eos quo commodi.','1984-10-20 06:31:49'),
('4','4','Voluptas iste harum rerum error maiores.','1995-03-06 10:04:46'),
('5','5','Eos omnis ea et.','1981-11-28 18:47:55'),
('6','6','Non et enim qui ut sint exercitationem officia.','2019-04-01 00:33:04'),
('7','7','Ratione nihil aliquid sed tempora eius officiis nulla.','2006-07-17 15:23:16'),
('8','8','Amet aut voluptates quaerat doloremque.','1990-07-03 06:21:28'),
('9','9','Magnam quis veniam delectus et sed maxime.','1986-01-22 19:53:53'),
('10','10','Sunt nemo qui sint et.','1983-09-01 17:57:25'),
('11','11','Autem officiis inventore aut voluptatem velit veniam modi.','1972-09-12 08:35:07'),
('12','12','Voluptatibus distinctio nulla est consectetur repudiandae qui est.','1983-02-11 22:29:04'),
('13','13','Voluptas provident omnis corrupti reprehenderit voluptatem labore non.','1995-11-20 09:12:32'),
('14','14','Laboriosam nihil consequuntur cumque laborum molestiae.','2010-07-23 04:35:35'),
('15','15','Et atque deserunt voluptas ad neque quisquam.','2015-05-18 13:53:30'),
('16','16','Odit magni qui consectetur error sunt in ullam.','2003-05-31 09:21:19'),
('17','17','Unde distinctio ipsa iusto impedit beatae exercitationem.','2005-05-02 19:22:27'),
('18','18','Delectus qui ea et.','1972-06-13 02:30:18'),
('19','19','Sit ullam non eaque tempore earum fugit consequatur aut.','2004-04-02 11:40:21'),
('20','20','A hic vitae animi sed molestiae voluptatibus ut.','1988-04-02 16:39:37'),
('21','21','Rerum omnis consequatur sunt facilis.','1983-03-31 22:44:54'),
('22','22','Veniam aut sequi aperiam itaque quisquam.','2017-05-16 17:44:20'),
('23','23','Facere cumque voluptas voluptas consequuntur nihil voluptatem suscipit.','1997-05-28 02:02:03'),
('24','24','At libero dolore perferendis tempore accusamus dolorem.','1992-05-26 04:23:29'),
('25','25','Aut ea saepe quia.','1998-02-16 15:50:00'),
('26','26','Vel blanditiis et sed dolores.','2001-03-11 01:31:17'),
('27','27','Nesciunt ex non et officia.','2001-03-28 13:32:17'),
('28','28','Nulla excepturi tempore nam voluptas.','1989-06-06 17:45:05'),
('29','29','Voluptas error saepe voluptatem aperiam illo architecto aliquid.','1994-10-14 02:45:34'),
('30','30','Eveniet deserunt est quaerat est.','1975-04-27 11:33:52'); 


DROP TABLE IF EXISTS `likes`;
CREATE TABLE `likes` (
  `id` bigint(20) unsigned NOT NULL AUTO_INCREMENT,
  `user_id` bigint(20) unsigned NOT NULL,
  `media_id` bigint(20) unsigned NOT NULL,
  `created_at` datetime DEFAULT current_timestamp(),
  PRIMARY KEY (`id`),
  UNIQUE KEY `id` (`id`)
) ENGINE=InnoDB AUTO_INCREMENT=101 DEFAULT CHARSET=latin1;

INSERT INTO `likes` VALUES ('1','1','1','1979-07-11 01:00:45'),
('2','2','2','2014-07-22 14:10:16'),
('3','3','3','2012-06-08 02:21:22'),
('4','4','4','1982-01-10 04:42:41'),
('5','5','5','2003-11-10 07:30:44'),
('6','6','6','1982-05-03 12:34:47'),
('7','7','7','1978-06-19 18:56:43'),
('8','8','8','1981-02-28 03:03:55'),
('9','9','9','1979-01-06 10:47:07'),
('10','10','10','2018-02-16 12:25:44'),
('11','11','11','1982-06-10 04:10:02'),
('12','12','12','2018-03-19 07:25:41'),
('13','13','13','2010-03-25 19:21:09'),
('14','14','14','1977-05-07 04:30:47'),
('15','15','15','1972-01-22 04:15:33'),
('16','16','16','2014-01-12 03:26:41'),
('17','17','17','1997-05-09 15:52:24'),
('18','18','18','1979-04-02 15:24:54'),
('19','19','19','1998-08-13 09:20:39'),
('20','20','20','2016-12-06 23:41:42'),
('21','21','21','1996-03-14 08:59:31'),
('22','22','22','2017-04-21 01:49:39'),
('23','23','23','2014-08-15 21:56:48'),
('24','24','24','1993-09-17 10:46:51'),
('25','25','25','1997-07-12 02:38:19'),
('26','26','26','1971-11-02 21:33:05'),
('27','27','27','1992-11-05 00:35:46'),
('28','28','28','2019-05-24 08:56:04'),
('29','29','29','2000-12-04 12:09:01'),
('30','30','30','1996-11-27 09:25:10'),
('31','31','31','2016-07-27 19:08:51'),
('32','32','32','1993-10-21 07:42:18'),
('33','33','33','1979-11-25 18:48:33'),
('34','34','34','2006-03-09 11:06:50'),
('35','35','35','1978-05-01 23:38:23'),
('36','36','36','2001-07-15 11:14:42'),
('37','37','37','2014-03-30 04:47:14'),
('38','38','38','1974-09-18 11:42:38'),
('39','39','39','1992-09-25 13:04:28'),
('40','40','40','1988-07-06 21:30:48'),
('41','41','41','1978-11-12 22:05:04'),
('42','42','42','1995-10-23 06:47:30'),
('43','43','43','1970-01-18 19:32:58'),
('44','44','44','1978-09-30 10:43:46'),
('45','45','45','1999-10-26 10:00:28'),
('46','46','46','1971-05-16 13:07:35'),
('47','47','47','1974-12-20 05:50:31'),
('48','48','48','2006-02-16 16:31:07'),
('49','49','49','1983-01-24 19:28:21'),
('50','50','50','1980-03-15 02:37:09'),
('51','51','51','1994-07-15 00:18:52'),
('52','52','52','1992-03-18 20:07:11'),
('53','53','53','1993-08-18 17:49:06'),
('54','54','54','2006-01-13 10:24:49'),
('55','55','55','1972-03-25 12:30:36'),
('56','56','56','1976-09-29 19:33:14'),
('57','57','57','2011-01-18 16:27:36'),
('58','58','58','1975-02-07 15:57:05'),
('59','59','59','2007-08-28 04:22:05'),
('60','60','60','2011-09-23 08:38:12'),
('61','61','61','1970-12-27 11:34:09'),
('62','62','62','1973-08-06 07:59:15'),
('63','63','63','1983-12-26 00:28:18'),
('64','64','64','1984-01-31 17:36:43'),
('65','65','65','2004-02-13 17:04:31'),
('66','66','66','1972-12-27 22:35:11'),
('67','67','67','1997-02-06 00:28:35'),
('68','68','68','1977-02-12 22:24:20'),
('69','69','69','2005-01-30 06:42:59'),
('70','70','70','2000-02-19 08:44:17'),
('71','71','71','1971-05-17 13:12:55'),
('72','72','72','2015-08-25 19:31:35'),
('73','73','73','1970-01-01 03:57:56'),
('74','74','74','1972-08-03 22:19:50'),
('75','75','75','2003-08-31 00:28:41'),
('76','76','76','1981-06-07 18:25:27'),
('77','77','77','1981-07-20 23:30:18'),
('78','78','78','1991-10-13 14:03:56'),
('79','79','79','1979-09-15 19:45:00'),
('80','80','80','2015-05-27 05:11:29'),
('81','81','81','1993-03-06 08:41:13'),
('82','82','82','1973-12-16 00:12:27'),
('83','83','83','1996-11-03 18:51:40'),
('84','84','84','1992-02-14 23:39:02'),
('85','85','85','1981-01-11 04:37:42'),
('86','86','86','2002-11-11 13:32:19'),
('87','87','87','2001-01-25 00:09:13'),
('88','88','88','1979-05-02 23:25:40'),
('89','89','89','2019-10-12 17:26:31'),
('90','90','90','1973-03-17 02:13:17'),
('91','91','91','1981-05-26 13:48:55'),
('92','92','92','1994-06-02 00:22:41'),
('93','93','93','1991-01-13 17:49:51'),
('94','94','94','1998-03-24 07:13:53'),
('95','95','95','1992-07-05 09:55:07'),
('96','96','96','1989-12-16 07:22:06'),
('97','97','97','1989-09-14 12:50:43'),
('98','98','98','1976-09-22 07:22:44'),
('99','99','99','2010-02-16 01:45:50'),
('100','100','100','1996-10-11 11:43:09'); 


DROP TABLE IF EXISTS `media`;
CREATE TABLE `media` (
  `id` bigint(20) unsigned NOT NULL AUTO_INCREMENT,
  `media_type_id` bigint(20) unsigned NOT NULL,
  `user_id` bigint(20) unsigned NOT NULL,
  `body` text DEFAULT NULL,
  `filename` varchar(255) DEFAULT NULL,
  `size` int(11) DEFAULT NULL,
  `metadata` longtext CHARACTER SET utf8mb4 COLLATE utf8mb4_bin DEFAULT NULL,
  `created_at` datetime DEFAULT current_timestamp(),
  `updated_at` datetime DEFAULT current_timestamp() ON UPDATE current_timestamp(),
  PRIMARY KEY (`id`),
  UNIQUE KEY `id` (`id`),
  KEY `user_id` (`user_id`),
  KEY `media_type_id` (`media_type_id`),
  CONSTRAINT `media_ibfk_1` FOREIGN KEY (`user_id`) REFERENCES `users` (`id`),
  CONSTRAINT `media_ibfk_2` FOREIGN KEY (`media_type_id`) REFERENCES `media_types` (`id`)
) ENGINE=InnoDB AUTO_INCREMENT=101 DEFAULT CHARSET=latin1;

INSERT INTO `media` VALUES ('1','1','1','Sint molestiae porro reprehenderit. Nobis beatae ut sit aut dolorum.','velit','0',NULL,'1984-08-29 22:10:54','1995-06-07 22:41:59'),
('2','2','2','Ipsa ea modi nihil dicta qui debitis sunt explicabo. Omnis est voluptatem maxime mollitia reprehenderit. Est quis dolor tenetur excepturi tempore eos consequuntur. Et quo animi accusantium et. Id vel id nobis deserunt culpa laborum.','quisquam','0',NULL,'1971-02-22 07:53:56','2004-02-23 13:33:19'),
('3','3','3','Temporibus soluta quo recusandae molestiae ut ducimus nihil facilis. Iusto sed eaque fugit dolor voluptatem a. Dignissimos eligendi facere tempore sed odit officia magni. Adipisci dolorum omnis maxime voluptas.','reprehenderit','88510971',NULL,'1970-08-21 13:32:09','1992-10-21 14:04:51'),
('4','4','4','Ut nemo et totam magni eum rem. Aspernatur inventore qui dolorem vero impedit animi hic. Sunt nesciunt assumenda perspiciatis voluptas assumenda odit.','ut','266',NULL,'2014-09-10 22:31:09','1988-05-04 21:55:57'),
('5','5','5','Natus recusandae aut et minima quia dolore. Qui iste nihil in ut non laborum ea cum. Quam sed neque dolores perspiciatis. Explicabo aperiam doloribus omnis et saepe.','eum','98',NULL,'2008-07-16 15:21:08','1982-10-27 13:40:32'),
('6','6','6','Accusantium et adipisci alias. Et dolorum nesciunt maiores. Voluptatem eos aut hic sed ex aut.','sit','2433576',NULL,'2017-03-28 00:03:20','2006-05-10 10:31:17'),
('7','7','7','Est qui non eum dolores optio ipsam cumque. Ea fugit quos doloremque incidunt. Velit voluptatem adipisci consequatur quam dolorem odio libero iste. Amet ratione laboriosam cupiditate sunt quo.','dolorem','33140',NULL,'1970-08-15 08:39:53','1998-03-25 01:53:21'),
('8','8','8','Deleniti amet qui rem placeat blanditiis eveniet. Delectus assumenda omnis ut aut porro est. Magnam vel illum omnis voluptatem id voluptatem.','eos','0',NULL,'1991-01-19 02:19:26','1983-06-07 03:54:12'),
('9','9','9','Hic eum ratione quae dolorum sunt. Officiis in blanditiis aspernatur quisquam et. Alias aut velit cum at qui maxime. Eos ea praesentium sequi repellat quibusdam.','nobis','0',NULL,'1985-04-12 14:34:59','1990-03-08 17:16:17'),
('10','10','10','Dignissimos harum ipsa nihil quidem minus culpa necessitatibus. Est non magnam natus voluptatum. Et cumque necessitatibus cum vel ea. Enim mollitia et omnis unde assumenda odio temporibus.','doloremque','0',NULL,'1972-04-25 01:29:39','1976-02-20 07:40:44'),
('11','1','11','Aperiam nam sunt dolores. Voluptas molestiae eos laborum aliquid ipsa. Nihil dicta consectetur debitis aperiam.','neque','9',NULL,'2000-03-18 16:32:07','2018-08-03 04:25:17'),
('12','2','12','Adipisci rem aut ea tempora. Inventore et accusantium molestiae amet dolor. Labore quia temporibus veritatis sed.','ut','7108994',NULL,'1991-09-14 00:28:03','2002-09-28 06:35:50'),
('13','3','13','Impedit expedita illo explicabo iusto amet optio eius omnis. Est earum nihil est ab eum. Facilis ea cumque qui autem eum.','ut','0',NULL,'2004-09-08 12:43:42','2018-08-14 10:11:13'),
('14','4','14','Et cum porro soluta culpa harum earum exercitationem. Similique et dolor aut exercitationem distinctio. Voluptatem illum in in eaque dolor aut a.','consequatur','62749',NULL,'2010-01-29 01:05:35','2011-05-30 04:04:17'),
('15','5','15','Laboriosam cum et possimus molestias. Ratione cum sint qui reprehenderit. Labore repellendus quibusdam ipsam ab omnis. Ipsam veniam ab dolorem placeat non ipsa non beatae.','qui','287',NULL,'2019-10-06 11:58:59','2007-12-11 19:22:25'),
('16','6','16','Similique quia veritatis doloribus adipisci. Ut consequatur vel error dolorem quod sed. Cum iusto rem dolorum.','praesentium','421254603',NULL,'1987-06-21 05:53:14','1988-05-14 14:46:47'),
('17','7','17','Qui exercitationem est voluptas eos ut nesciunt. Possimus amet quaerat consequatur error. Commodi recusandae unde distinctio aut et ut.','sit','96',NULL,'1993-06-18 22:46:37','2018-01-16 10:56:26'),
('18','8','18','Quis harum est eos voluptatem et expedita eveniet. Nihil modi molestias sint sit soluta. Et aut voluptates eos cum dolorem ut itaque. Excepturi est eveniet ut quod.','sed','2397012',NULL,'1992-08-26 17:43:21','1971-06-29 22:42:18'),
('19','9','19','Omnis adipisci omnis et. Necessitatibus exercitationem similique rem excepturi alias. Quia suscipit veniam cumque exercitationem recusandae odio ut.','vero','8540540',NULL,'1999-09-12 18:43:37','1979-09-14 14:48:13'),
('20','10','20','Quam quod ratione in pariatur quis. Sit dolore libero rerum quaerat omnis omnis id. Inventore nesciunt corporis quo in aspernatur. Pariatur at odio quos fuga sunt.','quia','550505',NULL,'1997-05-16 22:38:23','2011-10-26 10:00:47'),
('21','1','21','Dolor qui et ipsum. Tempore sed officia doloremque iure eum. Officia inventore distinctio qui explicabo odio id.','cumque','72085',NULL,'1992-11-06 22:20:20','1997-08-05 04:08:27'),
('22','2','22','Voluptas suscipit quia amet minima omnis explicabo. Debitis officia aut a magnam est quia. Cupiditate aut culpa voluptatibus pariatur.','tenetur','474631251',NULL,'2006-12-27 23:13:46','2008-03-30 20:50:54'),
('23','3','23','Quam et quaerat qui non. Aut ea vitae consequatur ea et ea. Libero sed et ea.','soluta','762102850',NULL,'1994-08-03 08:49:37','2012-12-28 01:29:40'),
('24','4','24','Ut quia et placeat molestiae. Laborum consequatur et ex officiis doloremque voluptatem velit omnis. Eum quos quo est consequuntur recusandae iste.','rerum','375',NULL,'1980-04-04 15:03:08','1996-10-02 03:39:12'),
('25','5','25','Quisquam dicta harum qui. Ducimus vel aut in quaerat qui neque ut voluptate. Neque sit quis ducimus ipsum quis molestiae delectus. Laudantium ut asperiores ipsum amet voluptatem.','sint','77898',NULL,'1977-07-15 04:58:09','2019-01-04 16:02:45'),
('26','6','26','Laborum laboriosam quod quas est. Rerum officiis quibusdam deleniti nemo earum ut. Voluptas et omnis modi reiciendis blanditiis sed et est.','assumenda','723624',NULL,'2017-03-21 09:42:06','1978-08-27 23:43:38'),
('27','7','27','Voluptas quam id fugiat nobis. Qui quibusdam aut iusto sapiente voluptatibus ut. Aliquam ut quo ut et.','laudantium','2466',NULL,'1972-11-28 08:07:33','2015-01-19 09:20:48'),
('28','8','28','Ut aliquid est accusamus omnis consequuntur non. Soluta labore sit dolor. Et reiciendis sit velit saepe omnis rerum id. Exercitationem in qui quo earum.','dolorem','69',NULL,'1985-01-04 21:13:25','1982-08-20 11:02:40'),
('29','9','29','Voluptatem laudantium suscipit eum eum excepturi possimus. Aut id in rerum occaecati.','hic','4083246',NULL,'1997-11-16 21:04:40','1976-10-24 07:13:49'),
('30','10','30','Ullam sed reprehenderit consectetur assumenda velit. Maxime quaerat est qui sunt neque tempora numquam. Rerum et sequi enim magni. Itaque dolorem odio et voluptatibus.','similique','458',NULL,'1987-08-19 12:15:37','1995-07-06 10:06:49'),
('31','1','31','Excepturi dolor libero amet consequatur sequi fuga ut. Aut id est non corrupti quidem. Qui est velit non laudantium ipsa sed. Fugiat similique sunt numquam et dolorem ratione.','ea','74068',NULL,'1995-01-21 03:35:36','1985-12-05 05:38:31'),
('32','2','32','Sint sit debitis tempore quia. Eum quam doloremque adipisci. Sit cum ut repudiandae impedit facere. Voluptatibus eos cumque qui et aut omnis.','ut','27385928',NULL,'2006-03-13 19:16:39','1983-07-22 18:48:30'),
('33','3','33','Dolores dolorum sequi ea esse sed laudantium corporis. Molestias incidunt ut consequuntur dolor nostrum eum laudantium. Sunt quas error facilis sed distinctio recusandae quae. Accusantium enim perferendis natus.','excepturi','41773',NULL,'2007-05-07 02:33:42','2002-12-12 12:45:47'),
('34','4','34','Facere minima voluptates velit voluptatem quibusdam sed iusto sed. Id ut dolorum neque fugit. Iure dicta pariatur ex deleniti. Quia sint enim sint in sit rerum recusandae.','reprehenderit','63704',NULL,'2011-10-11 11:08:47','2009-09-29 10:08:24'),
('35','5','35','Nam tempore incidunt exercitationem. Aliquid voluptas inventore iure possimus porro reprehenderit id. Voluptas distinctio cupiditate sunt eos omnis. Consectetur ut quia adipisci nihil.','in','4267',NULL,'2013-02-15 19:46:57','1973-10-17 17:13:32'),
('36','6','36','Ut id exercitationem et tempore. Eaque totam exercitationem sit blanditiis. Reiciendis numquam porro ipsum quo numquam.','adipisci','700747',NULL,'1984-10-20 15:26:55','1970-10-21 04:26:31'),
('37','7','37','Quia atque accusantium tempora soluta rem. Ut qui ipsum vel ut mollitia maiores repellendus. Occaecati id doloremque ut nisi. Ad ut doloribus quos rerum veniam officia quo est.','dolorem','9835',NULL,'1987-05-02 09:56:44','1975-03-07 23:02:49'),
('38','8','38','Animi iure rem qui enim possimus nostrum doloribus. Dolore non quo enim temporibus esse. Quia nisi consequuntur accusamus tempore fugiat voluptatem vitae.','eligendi','3530',NULL,'2005-09-25 15:53:37','1998-01-27 10:32:36'),
('39','9','39','Totam et nulla veritatis et soluta. Harum sint quo beatae placeat.','sed','769283273',NULL,'1983-04-15 17:35:29','1986-04-26 09:42:04'),
('40','10','40','Rem quaerat quae sed praesentium et possimus libero. Suscipit alias sed voluptatum consequatur sit enim.','iusto','5619197',NULL,'1970-12-01 18:12:24','2012-03-17 11:15:36'),
('41','1','41','Ea tempore ut unde tempora. Veniam velit deleniti quis totam eligendi neque. Est est maxime ea sit aut iste.','cum','27657',NULL,'2004-01-18 15:03:43','1980-08-22 10:52:06'),
('42','2','42','Eos iusto perferendis quam eaque placeat voluptate accusantium. Cupiditate qui aut expedita numquam impedit amet illo et.','quis','4',NULL,'2005-11-30 02:58:56','1990-06-11 18:24:15'),
('43','3','43','Ad maxime qui consequatur reiciendis repellat non et. Eos iusto aspernatur beatae a ratione qui voluptatum. Hic minima exercitationem et ipsa molestiae. Non vel cupiditate sapiente.','exercitationem','7907554',NULL,'1983-03-29 10:08:24','1999-12-11 18:31:02'),
('44','4','44','Harum doloribus totam sed earum eligendi. Sint molestiae doloribus optio molestias itaque. Voluptatem eius aliquam qui sed in excepturi corporis.','velit','766189085',NULL,'2016-05-22 10:28:09','2003-01-27 13:28:44'),
('45','5','45','Dolorum atque omnis sed cum aliquid. Facere totam consequatur non voluptates tenetur. Iusto at tempora magnam numquam voluptas consequatur. Labore possimus id repellendus ut.','corporis','68',NULL,'1995-09-20 15:22:44','2011-03-02 07:16:20'),
('46','6','46','Aperiam sed esse vel. Quis ut mollitia nam. Ut ut officia ut alias quasi error.','sed','49',NULL,'2018-02-18 05:48:18','1998-02-28 00:45:38'),
('47','7','47','Exercitationem totam quaerat hic consequuntur corrupti. Eum quae tenetur molestiae minima. Error consequatur sunt ratione et ea in. Adipisci harum nobis deleniti provident voluptas dolorem.','at','0',NULL,'2013-03-09 22:50:49','2018-03-03 18:13:42'),
('48','8','48','Ab et quod non inventore. Libero accusamus exercitationem eos numquam rerum. Aperiam nobis eos et et aperiam est.','et','8970919',NULL,'1989-10-03 17:55:22','1994-09-15 19:29:43'),
('49','9','49','Architecto error ratione tenetur. Natus consequatur autem assumenda delectus temporibus fugit enim. Assumenda optio excepturi enim ea quae eveniet culpa.','voluptas','633540807',NULL,'2008-01-08 04:58:38','2008-09-20 15:13:06'),
('50','10','50','Voluptas minima corporis nam assumenda quo amet nihil. Sequi qui temporibus ullam quo voluptas odit maxime unde. Error neque dicta velit aut aliquid. Eum explicabo quae at repellat et quo aut. Beatae quibusdam ipsam consequatur libero reprehenderit.','dolor','727291378',NULL,'1986-11-07 01:04:14','2016-03-18 04:25:21'),
('51','1','51','Itaque amet quia nobis. Quia id laudantium est. Perferendis quos exercitationem provident unde assumenda impedit.','omnis','4095245',NULL,'2007-12-18 05:26:15','1972-07-12 21:03:33'),
('52','2','52','Vitae quod tempore dolor quisquam omnis non. Neque rerum magni quos est omnis exercitationem. Voluptatem ipsam voluptatem et dolore nam. Nisi veniam voluptates minus voluptas.','ducimus','402500594',NULL,'1989-03-18 12:43:09','1989-01-08 04:03:03'),
('53','3','53','Eum laboriosam inventore vel. Quia optio quod quae et sed. Dolor vitae sed et et accusantium officia impedit. Ut officia esse accusantium veniam consequatur fugiat at.','magni','8585173',NULL,'1988-12-05 04:48:13','2013-11-19 16:24:36'),
('54','4','54','Nihil eius alias fugit vitae iusto. Vel aut hic quos doloribus. Deserunt ipsa dolorem nesciunt at quia eos consequatur. In sunt aut laudantium voluptatem tempora provident.','quia','0',NULL,'1998-05-22 06:48:33','2008-04-25 16:19:04'),
('55','5','55','Est dolore asperiores quos ut praesentium enim aut. Reiciendis aliquid aperiam officia sit explicabo. Accusantium quia praesentium nulla. Non tempore laborum dicta sunt saepe est dolor.','ut','418157',NULL,'1992-06-03 20:45:25','2016-12-30 18:09:15'),
('56','6','56','In et ut et tenetur et dolores dignissimos numquam. Quae qui aut eligendi et sit. Et sint pariatur nihil. Libero deleniti maiores molestiae corporis.','doloribus','49258',NULL,'1985-05-22 10:33:07','2014-12-04 02:55:26'),
('57','7','57','Ad reiciendis cum deleniti voluptatem totam dolores non praesentium. Mollitia labore odit placeat consequatur consequatur libero. Aspernatur molestiae ut animi neque. Cupiditate magnam at veritatis adipisci perferendis.','unde','7238701',NULL,'1972-09-30 23:47:29','2005-10-20 22:43:52'),
('58','8','58','Occaecati commodi et beatae dolor. Et quasi aut est eveniet. Laudantium dolores non quis.','velit','2634',NULL,'2014-01-25 06:26:39','1977-08-07 22:33:21'),
('59','9','59','Quasi doloribus soluta dolorum aut placeat ut corrupti. Sit voluptates necessitatibus placeat error iste qui voluptatem. Omnis ullam et ut delectus consequatur. Sit iusto autem et voluptates.','dolor','932',NULL,'1994-03-04 09:21:25','2014-02-27 11:00:25'),
('60','10','60','Vel et autem nobis porro quibusdam officiis. Voluptatibus est sed corrupti quia sed quia laudantium. Quisquam culpa et nisi officiis aut vero.','facilis','13440',NULL,'2011-07-05 10:18:41','2006-01-22 16:44:45'),
('61','1','61','Veritatis ipsum molestiae porro animi quam. Est velit error reprehenderit ea. Distinctio est repellat sequi aliquid eveniet praesentium.','labore','36401',NULL,'1984-07-07 03:09:41','1992-11-23 00:56:35'),
('62','2','62','Repudiandae et exercitationem est nihil sint reprehenderit quidem. Debitis consequatur quisquam libero repudiandae omnis sed illo. Quaerat voluptate natus fuga ut.','quos','15430244',NULL,'2015-09-22 02:37:01','2002-05-01 22:23:53'),
('63','3','63','Sed consequatur eos velit qui sed consequatur. Iusto ex expedita dicta repellendus suscipit. Est et nesciunt at.','consequatur','75395',NULL,'1971-05-24 05:54:33','1971-01-21 15:59:16'),
('64','4','64','Repellat neque placeat illum qui. Et aut aut laboriosam. Libero reiciendis iure incidunt voluptatem harum eveniet alias et.','impedit','9449318',NULL,'2012-10-06 18:00:24','2005-05-15 06:28:11'),
('65','5','65','Itaque incidunt rerum veniam cupiditate eveniet ea consequatur. Mollitia nostrum sed quisquam earum. Quis quia adipisci officiis nihil in. Aut praesentium ut nihil dolorem ipsum qui. Dignissimos dolorum tempore eum sit.','sunt','1',NULL,'1999-12-03 14:26:36','2017-01-30 04:35:55'),
('66','6','66','Eveniet laboriosam placeat qui eligendi distinctio dolorum ut fugit. Qui quod esse aliquid quia. Vitae autem nulla cupiditate iusto. Dolor qui aut quidem ex accusamus dolorum expedita.','eius','5999',NULL,'2014-06-10 23:43:00','1994-12-08 02:29:00'),
('67','7','67','Voluptas cum et aliquid soluta. Quibusdam et suscipit reiciendis vitae eveniet odio. Rerum delectus minima accusamus qui corrupti. Inventore eum voluptatum voluptates ipsa odio et quos.','et','0',NULL,'2002-04-07 12:38:34','1993-10-07 09:19:47'),
('68','8','68','Molestiae ut voluptatem aut ab aliquid voluptatem. Enim recusandae magnam maxime voluptatum provident itaque. Distinctio recusandae est aut ad sequi.','et','4112',NULL,'2001-09-14 13:04:06','2016-09-26 02:02:22'),
('69','9','69','Qui blanditiis ut animi incidunt qui. Consectetur itaque tempora unde aut. Assumenda non quasi vero sapiente possimus.','ab','734643',NULL,'1972-08-26 20:40:04','1973-08-29 04:40:32'),
('70','10','70','Aut voluptates ea deleniti qui. Quis sequi rem inventore ut reiciendis porro. Delectus rerum ea necessitatibus quos et sed aliquam.','officiis','635667',NULL,'2013-10-28 12:49:35','1988-10-30 14:45:03'),
('71','1','71','Dolor ex magnam sed. Sit porro voluptas omnis eveniet distinctio. Reprehenderit ut natus distinctio omnis maxime voluptatem consequatur provident.','nesciunt','8520370',NULL,'1970-11-27 00:29:35','1989-06-13 12:57:49'),
('72','2','72','Temporibus distinctio quis sint quidem ratione aut voluptate dolor. Pariatur eius odio rerum autem mollitia quia. Doloribus sed sapiente nulla animi quae quia possimus. Modi quo aut minus omnis. Magni ducimus perferendis doloribus nam aut at.','autem','817842',NULL,'2010-05-07 08:37:02','2004-07-26 20:20:39'),
('73','3','73','Saepe ut quis deleniti perspiciatis quia. Quaerat qui ullam temporibus ut et praesentium. Molestiae et autem quo soluta ad voluptate earum.','incidunt','319283',NULL,'2002-04-10 13:28:03','1989-12-15 06:36:51'),
('74','4','74','Eum commodi eos nihil possimus. Earum ipsa aliquam aut et ratione nihil vitae sint. Pariatur laudantium dolore ut rerum dolor. Consequatur ducimus in dicta explicabo consequatur.','voluptas','74524',NULL,'1986-06-23 22:37:58','2014-09-22 02:53:56'),
('75','5','75','Dolor dolores eos aperiam non quo. Unde ut tempore sint voluptatem officia facere. Dolorem libero ipsa laborum rem delectus molestiae reprehenderit. Necessitatibus consequatur aut et est.','sapiente','0',NULL,'1996-03-21 10:48:47','1989-10-11 16:05:06'),
('76','6','76','Quas aut et quam assumenda consequuntur dolores dolor. Nihil et fuga molestias id nam eligendi dolorem. Et cum voluptatem unde quis incidunt velit distinctio. Vero officia qui qui sapiente rem delectus.','libero','59814',NULL,'2017-03-17 22:18:37','1987-10-30 15:20:50'),
('77','7','77','Et tenetur quam quisquam totam delectus delectus. In saepe commodi consequuntur quos commodi explicabo. Saepe consequatur tempora modi porro repellat labore blanditiis.','mollitia','83725136',NULL,'1976-02-22 14:42:29','2001-09-23 16:22:31'),
('78','8','78','Deserunt labore voluptatem voluptas omnis quo totam incidunt officia. Cupiditate est temporibus quas quo deserunt debitis aperiam.','aut','862299887',NULL,'1995-10-09 02:30:09','2004-12-02 11:01:10'),
('79','9','79','Et voluptatibus ducimus fugit. Unde debitis velit voluptate non. Et quisquam nemo deserunt voluptatem nihil qui non blanditiis.','unde','0',NULL,'1970-07-17 18:18:58','1995-02-06 02:28:48'),
('80','10','80','Inventore doloribus quia voluptas rerum et sit. Sapiente consectetur optio suscipit ea culpa pariatur rerum rerum. Nobis illum minus fugiat quas laudantium sequi.','iure','78827188',NULL,'1986-11-28 10:37:04','2005-01-27 00:11:46'),
('81','1','81','Quia dolore cum repellendus minima. Minus quis numquam officiis est tenetur. Sint porro eum labore rem nihil qui voluptatum. Sit eum ad nihil ab tempore veniam.','dolore','37325970',NULL,'1988-04-01 23:59:01','1976-08-04 03:05:26'),
('82','2','82','Rem voluptas quos minus suscipit. Dolorem minus suscipit vitae eveniet.','suscipit','312425347',NULL,'1978-10-14 08:57:56','1973-05-03 01:03:29'),
('83','3','83','Quia eius esse saepe eaque quam. Aliquid quia repudiandae eos cum deleniti eius velit. Quaerat et et quidem ea quo autem. Optio qui sed voluptatem dolorem qui aut.','et','919686175',NULL,'2005-06-05 19:10:41','2018-01-10 22:07:26'),
('84','4','84','Laborum blanditiis facere ut omnis qui eius. Eum maiores ratione et. Laborum quas magnam sed. Qui quos laborum et omnis unde corrupti omnis.','animi','218309842',NULL,'1991-08-26 21:07:59','1990-11-21 12:43:54'),
('85','5','85','Nihil recusandae assumenda tenetur eaque cumque enim. Unde minima fugit quo ut. Non molestiae eum et autem aut quod occaecati.','et','22',NULL,'1976-12-19 03:57:01','1999-03-14 05:06:54'),
('86','6','86','Vel voluptatem magni aut sed unde. Itaque eum qui asperiores ullam. Molestiae facilis consequatur ipsa velit dicta nemo non.','quis','5226208',NULL,'1997-04-18 18:46:25','1985-04-27 01:27:21'),
('87','7','87','Quia sunt sequi ducimus blanditiis et facere sunt. Provident consequatur cumque quasi fugiat iusto labore. Corrupti sint asperiores quia. Consequatur eaque saepe possimus placeat ipsa et. Aut cupiditate alias deleniti magnam omnis.','ad','234069',NULL,'1972-01-27 12:56:55','1989-12-08 22:21:13'),
('88','8','88','Eaque nemo enim dignissimos voluptatem dolore dolores eius. Eligendi dolorum recusandae id pariatur. Maiores consequatur provident deleniti illum et.','magnam','376520415',NULL,'2015-06-24 02:33:16','2013-08-23 01:23:34'),
('89','9','89','Explicabo ut illum unde eaque nihil optio enim. Incidunt dolore non quia autem ut. Maxime quibusdam tempore aliquam expedita dolorem. Sint libero quia officiis fuga ratione.','incidunt','592291',NULL,'2014-04-24 09:39:31','1993-11-07 23:24:28'),
('90','10','90','Aut et voluptas non est magni cum quaerat quia. Distinctio saepe iusto similique illum quod. Dolorem tempora eveniet quam eum sequi.','sint','52668788',NULL,'1982-11-21 03:18:54','1990-11-27 14:48:15'),
('91','1','91','Debitis accusantium architecto perspiciatis autem. Similique quia ipsum quia commodi maiores. Modi corrupti nulla dolorum perspiciatis.','quo','4784228',NULL,'2019-09-19 09:49:24','1981-05-14 04:53:19'),
('92','2','92','Tempore aut enim cum. Vero dignissimos ratione dolor. Aperiam voluptatem doloremque corrupti adipisci. Possimus rerum aliquid quia velit explicabo cupiditate suscipit.','facere','71955847',NULL,'1995-02-20 09:18:25','2016-05-15 04:22:12'),
('93','3','93','Magnam nihil et dolore odio molestiae sed voluptatem. Voluptatem animi voluptatem esse esse quibusdam corporis fuga. Et libero optio distinctio ut id. Nam exercitationem hic eveniet voluptas officia.','totam','7',NULL,'2003-04-14 10:18:49','1981-10-19 01:47:18'),
('94','4','94','Sint non quia eligendi itaque aut nesciunt consequatur. Molestiae est voluptatem non quaerat. Dolore itaque nemo necessitatibus omnis tenetur consectetur.','praesentium','17268',NULL,'2015-03-25 18:45:13','1987-07-23 00:16:08'),
('95','5','95','Aut molestias possimus eum voluptatem fugit. Dolores ipsa asperiores harum sed. Sunt adipisci quisquam consequuntur eaque ut et sint. Qui dolor eius dolor velit.','velit','736307709',NULL,'1974-02-06 01:00:17','1994-08-25 18:00:17'),
('96','6','96','Nesciunt eos et minima enim. Unde debitis a voluptas tempore laboriosam temporibus aut. Aut sit delectus illum consequatur tempore sint. Reiciendis ea cumque nisi quia velit magni qui.','qui','3',NULL,'2009-11-03 04:40:59','1993-01-26 21:30:13'),
('97','7','97','Excepturi autem qui recusandae ut quaerat ea similique. Qui qui natus tenetur voluptatum. Illum ratione quidem assumenda.','natus','855345',NULL,'1970-07-11 18:24:13','2000-12-10 17:30:26'),
('98','8','98','Et sequi quis et aut sit delectus rerum. Autem beatae itaque quia voluptas saepe et. Saepe voluptatum ut est pariatur molestiae. Quia ut quisquam accusantium distinctio eaque.','earum','0',NULL,'2019-05-27 08:25:50','1997-01-20 17:31:53'),
('99','9','99','Et placeat ut ut ipsa. Laudantium possimus aut nobis soluta eos molestiae. Eligendi sit sunt aut in voluptate minima illum. Accusamus impedit tempore vitae nemo aut et modi.','qui','25',NULL,'1986-08-31 10:05:20','1997-11-12 17:46:46'),
('100','10','100','Optio et non qui ut corrupti odio et mollitia. Quia architecto id sed et. Labore dicta aut sapiente ad quia et. Odio iste aperiam voluptate ut voluptas et rem.','quibusdam','0',NULL,'1995-10-14 21:46:32','2009-01-25 22:00:07'); 


DROP TABLE IF EXISTS `media_types`;
CREATE TABLE `media_types` (
  `id` bigint(20) unsigned NOT NULL AUTO_INCREMENT,
  `name` varchar(255) DEFAULT NULL,
  `created_at` datetime DEFAULT current_timestamp(),
  `updated_at` datetime DEFAULT current_timestamp() ON UPDATE current_timestamp(),
  PRIMARY KEY (`id`),
  UNIQUE KEY `id` (`id`)
) ENGINE=InnoDB AUTO_INCREMENT=11 DEFAULT CHARSET=latin1;

INSERT INTO `media_types` VALUES ('1','illo','1981-12-24 18:04:35','1995-06-15 13:09:27'),
('2','voluptas','2007-05-17 03:26:30','1981-06-05 04:31:29'),
('3','ut','1993-10-20 21:14:40','1980-01-04 19:26:27'),
('4','velit','1992-09-22 02:06:05','2008-12-22 15:22:32'),
('5','aut','1989-08-30 07:21:12','1972-07-13 18:03:00'),
('6','blanditiis','1991-10-14 02:36:19','1971-09-28 22:15:12'),
('7','tenetur','1991-02-08 07:13:12','1977-08-22 02:56:38'),
('8','ducimus','1981-01-21 02:21:46','1997-06-03 01:31:57'),
('9','asperiores','1983-02-12 01:39:27','1997-12-28 11:38:22'),
('10','ea','1982-01-25 08:09:49','1996-11-29 15:58:13'); 


DROP TABLE IF EXISTS `messages`;
CREATE TABLE `messages` (
  `id` bigint(20) unsigned NOT NULL AUTO_INCREMENT,
  `from_user_id` bigint(20) unsigned NOT NULL,
  `to_user_id` bigint(20) unsigned NOT NULL,
  `body` text DEFAULT NULL,
  `created_at` datetime DEFAULT current_timestamp(),
  PRIMARY KEY (`id`),
  UNIQUE KEY `id` (`id`),
  KEY `messages_from_user_id` (`from_user_id`),
  KEY `messages_to_user_id` (`to_user_id`),
  CONSTRAINT `messages_ibfk_1` FOREIGN KEY (`from_user_id`) REFERENCES `users` (`id`),
  CONSTRAINT `messages_ibfk_2` FOREIGN KEY (`to_user_id`) REFERENCES `users` (`id`)
) ENGINE=InnoDB AUTO_INCREMENT=101 DEFAULT CHARSET=latin1;

INSERT INTO `messages` VALUES ('1','1','1','Debitis non totam aut et reprehenderit reiciendis. Quis fuga ipsum est debitis distinctio et. Non id consequuntur minus. Quidem veritatis quo et aliquid. Aut dolores corrupti rerum non blanditiis enim corrupti.','2016-04-24 14:58:25'),
('2','2','2','Et animi dolor tempora occaecati quibusdam nulla qui. Repellendus qui ut fugiat et velit. Magnam vel amet rerum fuga saepe molestiae.','2010-04-17 11:23:49'),
('3','3','3','Sed maxime sequi ea ut nemo et tempore. Soluta rem nam molestiae voluptatum autem ipsum in. Error at consectetur incidunt aut sequi et dolores velit. Reprehenderit ipsa recusandae delectus temporibus debitis.','1992-08-02 21:32:09'),
('4','4','4','Laborum et non est et saepe quod consequatur. Qui modi adipisci et beatae dolor enim ut. Minima nemo quae sint earum.','2017-05-17 00:20:10'),
('5','5','5','Beatae est odit placeat. Et et in quam dolores corporis a facere velit. Non consequatur vel velit. Fugit itaque necessitatibus quia quaerat. Qui nisi doloribus iusto debitis labore amet id nihil.','2012-04-30 07:49:00'),
('6','6','6','Rerum harum velit autem dolorem deserunt. Illo quia fugiat ut est consequuntur. Qui sint sint nemo quis laudantium. Cumque qui dignissimos accusamus in ad.','1998-08-28 18:35:29'),
('7','7','7','Est adipisci omnis aut cum commodi voluptatibus. Sequi enim est enim laborum sed. Voluptatem autem molestias sint sit necessitatibus. Qui quasi impedit sint quia et.','2010-09-03 06:51:07'),
('8','8','8','Porro voluptatum ipsam sed est vitae est sint. Et dolores esse ex quo sit. Nemo ab voluptatem delectus ex consectetur inventore magnam. Est repudiandae nihil harum eos explicabo dicta facilis nobis.','1981-02-10 03:51:09'),
('9','9','9','Error soluta quis tenetur rem. Quod quaerat optio non saepe ut quo illum. Aliquid excepturi ipsam blanditiis qui.','2002-11-01 15:17:49'),
('10','10','10','Consequatur fugit sequi omnis non a nesciunt. Assumenda in sit veniam error nihil qui. Sed eligendi minima similique ullam numquam. Magnam eveniet cumque non culpa officia placeat.','2008-10-09 05:34:44'),
('11','11','11','Quia voluptatibus quia qui hic ipsum nihil qui odio. Nihil magni fugit optio veritatis eum et consequatur. Velit et sint quia et omnis ea sapiente.','1978-05-02 04:03:24'),
('12','12','12','Nihil sint sed ipsam non laudantium quae et. Deserunt id sequi est similique totam aut nemo. Quod ipsam vero distinctio rerum.','1970-02-04 04:40:21'),
('13','13','13','Placeat a asperiores veniam fugiat reiciendis voluptates eos nostrum. Aut facere cupiditate id omnis. Voluptatem ipsum officia vel modi.','2006-06-25 02:52:08'),
('14','14','14','Id nobis corporis temporibus et cumque sapiente velit debitis. Omnis vero voluptatem ut molestias et.','1990-02-26 10:17:12'),
('15','15','15','Sit praesentium amet ullam placeat consequatur. Repellendus rerum qui optio ea est eum.','1973-02-26 02:07:44'),
('16','16','16','Culpa atque qui laborum sapiente cumque vel dolor. Eaque sit ducimus est officia tempora illo. Modi aut sed quibusdam.','2006-07-26 04:00:15'),
('17','17','17','Rem sed pariatur ad recusandae tempore ipsa quis est. Ut fugit et ab animi repudiandae fuga harum est. Ad expedita perspiciatis sapiente non dolor dolore.','1988-09-03 11:19:48'),
('18','18','18','Et dolor quidem libero sunt non quis tempore ipsum. Omnis ut debitis mollitia autem voluptate debitis. Earum debitis a accusantium enim incidunt.','2006-03-26 00:36:45'),
('19','19','19','Architecto et voluptas voluptatibus quis. Officiis fugit debitis numquam qui ut modi. Mollitia voluptatibus deserunt voluptas unde. Numquam sit eius sed sit tempora quo.','2004-05-23 14:54:02'),
('20','20','20','Placeat ut sed quia quas tenetur deserunt sit et. Repudiandae fugiat numquam asperiores similique dolorem dolor. Tempore fuga consequuntur eligendi rem. Qui neque voluptatem qui.','2011-04-12 10:00:30'),
('21','21','21','Et dolorum quos sint atque. Unde sit quo eum sit omnis. Delectus ipsum unde vel architecto.','2003-04-15 07:42:06'),
('22','22','22','Esse et ab et. Id nihil in aut ullam. Tempora eius in ipsa et voluptates optio. Sit consequatur ad at aut in aliquid vel.','1980-06-26 07:07:39'),
('23','23','23','Mollitia occaecati sint et est non. Dolore et accusantium architecto doloribus nihil ipsum aut facilis. Est dicta odit consequatur adipisci consectetur dolores.','1983-09-15 15:56:04'),
('24','24','24','Beatae et culpa eos unde dicta rerum. Debitis eum eveniet et. Aspernatur quas nemo consequatur.','1986-07-14 05:49:15'),
('25','25','25','Sequi expedita animi est et facilis dolor iusto. Eos maiores et qui quia cum. Incidunt eveniet unde delectus porro rem dolores eum.','1989-12-02 18:29:37'),
('26','26','26','Culpa explicabo nihil illum odit qui est cumque quia. Voluptatibus eaque vero laborum.','2002-03-28 23:38:31'),
('27','27','27','Voluptatem eius id minus amet. Iste deserunt id doloremque doloribus quia. Rem quam rerum nulla consequuntur omnis dolore.','1991-02-28 13:16:54'),
('28','28','28','Id rem perferendis velit modi facere voluptate. Tempora nesciunt omnis aut qui.','1973-05-07 13:05:36'),
('29','29','29','Est dolores quia id dolor nobis et. Reiciendis fugit iure corporis. Numquam blanditiis voluptatum est deserunt aut.','1974-10-05 05:17:28'),
('30','30','30','Ut veritatis aut rerum consequatur similique ipsum. Architecto qui labore et error ut quam. Blanditiis dolores id eum repudiandae. Quisquam rerum eos eum sequi corrupti laudantium eos.','2019-05-05 07:59:26'),
('31','31','31','Aut ad vel fuga libero totam. Sunt unde repudiandae similique. Molestias quasi recusandae maxime rerum voluptas vitae dolores. Voluptas rerum fugiat error ratione tenetur ducimus ab.','2012-06-25 13:25:54'),
('32','32','32','Voluptatem modi distinctio maiores et omnis dolores. Nihil quos ipsum ducimus quis est debitis rem. Laborum alias aperiam rerum dolor dolor quas. Porro placeat soluta perspiciatis architecto libero repellat consectetur.','1975-06-16 00:17:14'),
('33','33','33','Rerum quidem quia deserunt modi reprehenderit. Dolorem sit sed voluptatibus ipsa voluptatem commodi tempore. Officia quis veritatis veritatis soluta perferendis quod.','1984-04-29 08:05:19'),
('34','34','34','Voluptatem modi doloremque odit mollitia et voluptate. Ea aliquam commodi qui dolorem voluptatum qui velit. Ipsum fugiat numquam reprehenderit qui eum.','1992-04-20 23:27:42'),
('35','35','35','Recusandae eligendi libero quis cumque qui et. Dolorem velit quaerat quia ut atque nisi tempora. Quam aliquid nam voluptas doloribus et. Maiores quo neque distinctio labore et.','2015-10-13 02:14:48'),
('36','36','36','Ullam impedit autem rerum voluptatem. Perspiciatis rerum cum sunt recusandae laborum et. Asperiores ipsam facilis distinctio veritatis quasi aut voluptatem. Autem impedit aspernatur molestiae eum cum.','1976-10-11 02:03:51'),
('37','37','37','Velit ut in aliquam architecto facilis nihil optio. Molestiae nostrum quisquam ut quibusdam aut minus non. Architecto optio vel quasi recusandae.','1991-06-07 16:17:00'),
('38','38','38','Optio maiores excepturi deleniti qui dignissimos consectetur. Repudiandae vitae dolorem laborum. Inventore et adipisci rerum laborum. Consequuntur aut tempora excepturi id natus vel.','2004-12-14 05:15:06'),
('39','39','39','Voluptate aliquam qui ut repellendus autem deserunt. Dolores illum hic iste rem. Est iure ipsa ea amet aut.','1982-04-21 23:10:12'),
('40','40','40','Amet velit voluptatem tenetur. Amet ut est earum tenetur vero quod.','2015-11-17 01:30:08'),
('41','41','41','Quo veritatis voluptatem dolorum exercitationem aut ad. Alias assumenda quia pariatur consectetur quibusdam eaque est.','1991-09-12 16:40:15'),
('42','42','42','Aut aut itaque in sit quis voluptatum. Dolorem commodi eveniet libero commodi. Labore et provident maxime at ea vitae et.','2007-08-06 03:50:03'),
('43','43','43','Modi maiores repellendus veritatis velit eos quibusdam quasi. Ipsa rerum porro dolorem aspernatur magnam asperiores. Dolore ab sint est omnis occaecati. Cum fugiat excepturi ratione aperiam repellat molestiae esse.','2017-03-20 20:30:27'),
('44','44','44','Atque qui ut aut. Aspernatur est qui molestiae voluptas nulla praesentium quia. Sunt aut molestiae nihil nisi quod pariatur quia quaerat.','1994-07-14 03:46:09'),
('45','45','45','Cumque deserunt autem dolores nihil et itaque sed dolor. Qui non possimus non tenetur esse est.','2000-03-22 11:33:22'),
('46','46','46','In qui non sit aspernatur deleniti. Numquam molestiae amet velit. Explicabo vel eos eum unde minus porro ut. Ut at quam impedit temporibus qui labore saepe.','1972-01-26 13:39:24'),
('47','47','47','Accusamus nam quia est voluptatem et omnis aliquam. Expedita velit cum et a minus perferendis nihil. Facere dignissimos non nulla consequatur culpa rem nihil omnis.','1980-02-14 15:43:35'),
('48','48','48','Nobis distinctio sunt excepturi assumenda quia animi. Expedita libero porro sit autem maiores vitae. Aut sed quibusdam delectus hic numquam at voluptate.','2015-06-19 22:18:49'),
('49','49','49','Unde error dolorum ratione et mollitia commodi eveniet quas. Dolorum molestiae dolor magni ipsum vel et sed. Omnis quo quo est eius. Ut deserunt et hic ex libero numquam.','1995-10-21 12:59:42'),
('50','50','50','Ut ipsa dignissimos debitis temporibus accusamus voluptatem rerum. Omnis vel dolore et eos quo. Deleniti fuga at debitis et eum eum.','1972-10-03 22:08:25'),
('51','51','51','Rem dolorem atque corrupti ut sunt culpa. Dicta est et sapiente natus voluptate officiis. Nostrum non ab aperiam.','1995-01-10 15:58:12'),
('52','52','52','Qui modi neque vel commodi sit voluptate maiores. Et placeat sed nam. Autem fuga facilis illum sed et aut quia.','2011-11-20 08:05:36'),
('53','53','53','Facilis sit vel quo ut. Quod ut ut ut iusto. Sed vitae magni sed in eos.','2016-11-06 22:15:17'),
('54','54','54','Suscipit et assumenda itaque nihil suscipit. Asperiores nihil reprehenderit corrupti eveniet rerum. Qui et debitis in dicta ratione eaque suscipit praesentium. Sit odit iste temporibus vitae quis eveniet.','1980-11-28 03:37:31'),
('55','55','55','Tempora sunt dolorum dignissimos molestias. Pariatur sit assumenda et ipsa qui delectus.','2014-01-11 21:59:42'),
('56','56','56','Id est neque incidunt. Amet porro aliquid qui omnis. Nihil aut ut delectus. Occaecati illum eligendi doloribus facilis quia.','1993-07-19 12:33:24'),
('57','57','57','Voluptas laborum magnam perspiciatis consequatur. Sit dolor assumenda in molestias. Nobis qui eligendi quia id eveniet.','1982-04-01 09:56:23'),
('58','58','58','Totam excepturi aliquid itaque voluptas rerum. Optio voluptas a rerum ea id veritatis rerum. Aut quae quasi voluptatibus consequatur deleniti ut nisi. Enim quia ipsa odit saepe magnam.','1971-04-28 00:37:59'),
('59','59','59','Consequuntur optio consequuntur vitae alias in iste quam. Aliquid qui dolor corporis voluptas pariatur rerum sed. Est dolorum non animi eos iure.','1988-10-04 22:30:25'),
('60','60','60','Aut fugit non facere. Et aut iusto ex sint reiciendis. Praesentium excepturi nostrum rerum quidem.','2000-02-18 18:12:25'),
('61','61','61','Quisquam debitis fugiat aut in atque. Omnis voluptatem ad expedita voluptatibus cumque. Nam incidunt eum nostrum tempore omnis exercitationem tenetur labore. Doloremque officiis quia consequatur modi omnis quae iure cum.','2019-06-09 05:16:24'),
('62','62','62','Ducimus nihil quasi nobis delectus. Quas in consequatur quia nesciunt sit quia rerum. Ut voluptas fugiat repudiandae officia quo repellat. Voluptate id rem dolores fugiat.','1983-09-15 20:38:07'),
('63','63','63','Labore impedit vel voluptas debitis. Alias odit sed nisi repudiandae ut animi quisquam. Enim sint sit et praesentium dignissimos doloremque.','1973-11-11 02:05:14'),
('64','64','64','Distinctio aut id est sed. Laborum maiores quo eius incidunt. Inventore sed ut aperiam odit omnis doloribus vel. Omnis et et sunt rem voluptas ullam.','2012-04-13 13:22:36'),
('65','65','65','Perspiciatis nam sit natus nihil eum id et accusantium. Et fugiat iusto sunt et velit at. Molestiae perferendis et unde illum saepe eaque.','2014-03-04 06:23:05'),
('66','66','66','Voluptatem possimus eum non odit odit dicta. Molestias sint dolor consequatur neque. Sed reiciendis aut ex tempore est.','1992-02-11 09:43:36'),
('67','67','67','Nihil asperiores temporibus et excepturi enim voluptatum aspernatur. Aut cupiditate sunt rerum magni est. Eos incidunt accusantium rerum voluptate.','2017-06-29 04:52:49'),
('68','68','68','Quia reprehenderit autem atque voluptate. Fuga qui doloremque consequatur optio provident. Aut aperiam ut ipsa perspiciatis rerum eaque aliquam. Vel ipsa sit corrupti quas iure.','1996-11-23 12:40:14'),
('69','69','69','Reiciendis aspernatur quaerat repellendus et quia animi suscipit. Rerum dolorum fugiat perspiciatis veniam sit. Ut quo cumque sed et velit sit laborum.','2002-10-20 04:56:35'),
('70','70','70','Quos cupiditate dolor id. Et eos nemo ut explicabo tenetur autem. Et nesciunt voluptates odit nihil odio.','1994-04-23 06:07:50'),
('71','71','71','Voluptatem voluptatem placeat nihil deserunt expedita. Unde ducimus dolorem labore sint consequuntur tenetur. Qui nihil velit id recusandae id velit. Nostrum iure sunt culpa cupiditate et recusandae.','1984-06-19 21:48:56'),
('72','72','72','Suscipit id tempora deleniti. Architecto ut aut non reiciendis occaecati eaque repellat. Nulla et esse id libero. Et magnam nemo repellat et provident.','2001-07-14 09:45:49'),
('73','73','73','Voluptas in doloremque accusamus. Et quae assumenda ullam autem. Libero autem facilis similique earum. Ut recusandae vel amet voluptatem voluptatum in.','2003-01-03 12:04:06'),
('74','74','74','Accusantium perferendis officiis et amet reprehenderit minima. Quis corporis officia et vitae cumque. Sed aut voluptas qui non. Tenetur sed sint cumque excepturi deleniti.','1997-10-16 12:08:01'),
('75','75','75','Et consequatur sit consectetur blanditiis autem velit cum. Quis tenetur voluptatibus quo aut saepe laborum est. Consectetur tempora in repellat laudantium omnis rerum dicta.','2009-02-12 00:22:38'),
('76','76','76','Qui qui quisquam sapiente qui nobis culpa quidem. Recusandae quia ut voluptas. Voluptas fugit corporis itaque eum non magni. Enim sequi non commodi architecto in neque.','2019-12-03 10:53:26'),
('77','77','77','Delectus ut voluptas et natus et quo. Laborum occaecati omnis nam. Odit at debitis sed voluptas non.','2018-11-10 13:53:41'),
('78','78','78','Est reprehenderit dolor molestiae quo fugit rerum. Cumque quia doloremque et rerum sit ex. Blanditiis a ratione blanditiis illo sed eveniet doloribus.','2000-08-26 12:11:30'),
('79','79','79','Eligendi exercitationem illo optio necessitatibus. Quos in dolorem iure voluptates aut optio occaecati. Numquam illum cum incidunt est eligendi.','2019-12-19 13:19:41'),
('80','80','80','Quas magnam et deleniti corporis ea. Doloribus qui dolorum nesciunt qui commodi. Alias fuga quia possimus quaerat voluptas hic. Consequatur suscipit qui consectetur quod quas.','1991-03-01 10:55:51'),
('81','81','81','Expedita mollitia omnis neque pariatur sit sint. Inventore cumque nihil fugit ut nobis. Et ea itaque laudantium voluptatem harum. Voluptatem nulla placeat libero aspernatur ipsa.','1994-01-26 11:31:49'),
('82','82','82','Assumenda earum fuga dolores voluptatem molestiae occaecati. Harum vitae cupiditate et voluptatem adipisci aspernatur veniam.','1994-05-28 18:48:33'),
('83','83','83','Sint vel hic et porro tempora. Sint voluptatem dignissimos qui et. Nam ipsum aut quod est.','1974-03-13 03:45:00'),
('84','84','84','Perferendis suscipit labore tempore consectetur. Voluptas amet neque praesentium ut. Ut eaque est quo veniam non quo repellat.','2015-08-06 14:14:54'),
('85','85','85','Fugit dolor corrupti ut in vel libero molestiae. Qui doloremque sunt omnis nemo perspiciatis ut. Nihil eligendi et eaque eum a est aspernatur. Omnis sapiente eveniet dolorem autem voluptatem possimus saepe.','1997-01-18 03:05:04'),
('86','86','86','Natus dicta eum ut soluta laboriosam voluptatibus dolore. Facilis nostrum assumenda voluptatibus provident architecto ratione. Totam sit omnis qui aut quia consequatur.','1990-09-20 02:22:07'),
('87','87','87','Suscipit itaque laudantium et pariatur. Ipsa ex debitis voluptatem quisquam magni architecto et. Odit et autem earum nihil quibusdam rerum. Est itaque illum delectus aperiam vel omnis.','1980-06-12 21:05:31'),
('88','88','88','Voluptatem veritatis autem ab est consequatur aspernatur consectetur. Molestias hic ut suscipit. Similique natus qui ipsa assumenda aut accusamus.','2001-11-20 19:43:26'),
('89','89','89','Dolor et praesentium consectetur excepturi sit repudiandae minus. Dolores id dolores voluptatem consequatur dolorem maxime.','1996-05-31 22:51:28'),
('90','90','90','Est quas excepturi nihil nesciunt voluptas. Et velit velit id iste quia ad est.','1974-12-11 04:18:15'),
('91','91','91','Quas vel ut nulla consequatur qui magni ex. Cupiditate sint quasi occaecati aperiam. Velit consectetur quaerat nobis minima. Quos alias et atque ea temporibus.','1984-12-22 05:35:48'),
('92','92','92','Laboriosam tempore eos ut qui est. Omnis dolorum voluptas repellendus qui sed adipisci ut. Doloribus hic quasi autem ipsam. Cumque ut sunt repudiandae impedit.','1987-07-08 01:32:40'),
('93','93','93','Nihil et nulla aliquid enim. Veniam distinctio maxime aut enim nobis nesciunt. Perferendis rerum nihil quod quisquam officiis doloremque.','2018-03-01 09:49:09'),
('94','94','94','Non provident id ducimus alias et nam. Sit quidem vel sunt quisquam. Consequatur animi quia consequuntur nam veritatis totam ipsa. Delectus deserunt adipisci quia.','1974-09-11 14:26:41'),
('95','95','95','Illum accusantium voluptatem corporis voluptates inventore aut qui. Occaecati velit nulla ea ab rerum id. Dolor quo sint eum rem qui corporis.','2006-10-02 01:39:23'),
('96','96','96','Perferendis et vel aut et ex laudantium. Magni in in cupiditate repudiandae pariatur aut quasi. Rem quam quidem eligendi aut.','2003-08-06 10:51:33'),
('97','97','97','Quibusdam maxime sed ut cumque rerum atque. Et facilis rerum culpa facere at eum doloribus neque. Eos qui quia in voluptatem.','2009-08-05 14:57:59'),
('98','98','98','Et necessitatibus adipisci cum nam. Beatae accusantium ut ipsa a dolorem sit. Nemo sint animi at voluptas. Reprehenderit quia fugit repudiandae numquam quasi est id.','1971-07-14 20:59:29'),
('99','99','99','Occaecati dolor in perspiciatis ut facilis veniam sequi fuga. Provident necessitatibus iure ea tempora qui excepturi. Et incidunt amet ut ducimus natus.','1996-09-10 01:03:14'),
('100','100','100','Velit nihil dolorem cupiditate fugit. Veritatis itaque assumenda sapiente neque. Corrupti veniam provident perferendis fugit natus ducimus.','1996-12-01 17:00:37'); 


DROP TABLE IF EXISTS `photo_albums`;
CREATE TABLE `photo_albums` (
  `id` bigint(20) unsigned NOT NULL AUTO_INCREMENT,
  `name` varchar(255) DEFAULT NULL,
  `user_id` bigint(20) unsigned DEFAULT NULL,
  PRIMARY KEY (`id`),
  UNIQUE KEY `id` (`id`),
  KEY `user_id` (`user_id`),
  CONSTRAINT `photo_albums_ibfk_1` FOREIGN KEY (`user_id`) REFERENCES `users` (`id`)
) ENGINE=InnoDB AUTO_INCREMENT=101 DEFAULT CHARSET=latin1;

INSERT INTO `photo_albums` VALUES ('1','rerum','1'),
('2','nesciunt','2'),
('3','atque','3'),
('4','et','4'),
('5','enim','5'),
('6','iure','6'),
('7','excepturi','7'),
('8','rerum','8'),
('9','alias','9'),
('10','qui','10'),
('11','velit','11'),
('12','reiciendis','12'),
('13','et','13'),
('14','sed','14'),
('15','omnis','15'),
('16','voluptate','16'),
('17','quia','17'),
('18','culpa','18'),
('19','quaerat','19'),
('20','quam','20'),
('21','illo','21'),
('22','quasi','22'),
('23','dolores','23'),
('24','quibusdam','24'),
('25','odio','25'),
('26','ea','26'),
('27','sunt','27'),
('28','earum','28'),
('29','reprehenderit','29'),
('30','ut','30'),
('31','atque','31'),
('32','accusantium','32'),
('33','sed','33'),
('34','est','34'),
('35','dolorum','35'),
('36','aut','36'),
('37','ipsam','37'),
('38','autem','38'),
('39','nisi','39'),
('40','ab','40'),
('41','iusto','41'),
('42','facere','42'),
('43','voluptas','43'),
('44','assumenda','44'),
('45','est','45'),
('46','aut','46'),
('47','ad','47'),
('48','esse','48'),
('49','ullam','49'),
('50','quae','50'),
('51','neque','51'),
('52','enim','52'),
('53','nostrum','53'),
('54','optio','54'),
('55','sed','55'),
('56','voluptatem','56'),
('57','qui','57'),
('58','est','58'),
('59','consequatur','59'),
('60','qui','60'),
('61','deserunt','61'),
('62','quos','62'),
('63','nisi','63'),
('64','dolore','64'),
('65','doloribus','65'),
('66','voluptas','66'),
('67','dignissimos','67'),
('68','et','68'),
('69','quaerat','69'),
('70','et','70'),
('71','aliquam','71'),
('72','quod','72'),
('73','fugit','73'),
('74','ea','74'),
('75','vel','75'),
('76','atque','76'),
('77','velit','77'),
('78','expedita','78'),
('79','sed','79'),
('80','iure','80'),
('81','cumque','81'),
('82','voluptas','82'),
('83','dolorum','83'),
('84','ut','84'),
('85','non','85'),
('86','architecto','86'),
('87','aliquid','87'),
('88','assumenda','88'),
('89','ea','89'),
('90','est','90'),
('91','sunt','91'),
('92','et','92'),
('93','perspiciatis','93'),
('94','maxime','94'),
('95','quae','95'),
('96','consequatur','96'),
('97','eum','97'),
('98','sunt','98'),
('99','aut','99'),
('100','non','100'); 


DROP TABLE IF EXISTS `photos`;
CREATE TABLE `photos` (
  `id` bigint(20) unsigned NOT NULL AUTO_INCREMENT,
  `album_id` bigint(20) unsigned NOT NULL,
  `media_id` bigint(20) unsigned NOT NULL,
  PRIMARY KEY (`id`),
  UNIQUE KEY `id` (`id`),
  KEY `album_id` (`album_id`),
  KEY `media_id` (`media_id`),
  CONSTRAINT `photos_ibfk_1` FOREIGN KEY (`album_id`) REFERENCES `photo_albums` (`id`),
  CONSTRAINT `photos_ibfk_2` FOREIGN KEY (`media_id`) REFERENCES `media` (`id`)
) ENGINE=InnoDB AUTO_INCREMENT=101 DEFAULT CHARSET=latin1;

INSERT INTO `photos` VALUES ('1','1','1'),
('2','2','2'),
('3','3','3'),
('4','4','4'),
('5','5','5'),
('6','6','6'),
('7','7','7'),
('8','8','8'),
('9','9','9'),
('10','10','10'),
('11','11','11'),
('12','12','12'),
('13','13','13'),
('14','14','14'),
('15','15','15'),
('16','16','16'),
('17','17','17'),
('18','18','18'),
('19','19','19'),
('20','20','20'),
('21','21','21'),
('22','22','22'),
('23','23','23'),
('24','24','24'),
('25','25','25'),
('26','26','26'),
('27','27','27'),
('28','28','28'),
('29','29','29'),
('30','30','30'),
('31','31','31'),
('32','32','32'),
('33','33','33'),
('34','34','34'),
('35','35','35'),
('36','36','36'),
('37','37','37'),
('38','38','38'),
('39','39','39'),
('40','40','40'),
('41','41','41'),
('42','42','42'),
('43','43','43'),
('44','44','44'),
('45','45','45'),
('46','46','46'),
('47','47','47'),
('48','48','48'),
('49','49','49'),
('50','50','50'),
('51','51','51'),
('52','52','52'),
('53','53','53'),
('54','54','54'),
('55','55','55'),
('56','56','56'),
('57','57','57'),
('58','58','58'),
('59','59','59'),
('60','60','60'),
('61','61','61'),
('62','62','62'),
('63','63','63'),
('64','64','64'),
('65','65','65'),
('66','66','66'),
('67','67','67'),
('68','68','68'),
('69','69','69'),
('70','70','70'),
('71','71','71'),
('72','72','72'),
('73','73','73'),
('74','74','74'),
('75','75','75'),
('76','76','76'),
('77','77','77'),
('78','78','78'),
('79','79','79'),
('80','80','80'),
('81','81','81'),
('82','82','82'),
('83','83','83'),
('84','84','84'),
('85','85','85'),
('86','86','86'),
('87','87','87'),
('88','88','88'),
('89','89','89'),
('90','90','90'),
('91','91','91'),
('92','92','92'),
('93','93','93'),
('94','94','94'),
('95','95','95'),
('96','96','96'),
('97','97','97'),
('98','98','98'),
('99','99','99'),
('100','100','100'); 


DROP TABLE IF EXISTS `profiles`;
CREATE TABLE `profiles` (
  `user_id` bigint(20) unsigned NOT NULL AUTO_INCREMENT,
  `gender` char(1) DEFAULT NULL,
  `birthday` date DEFAULT NULL,
  `photo_id` bigint(20) unsigned DEFAULT NULL,
  `created_at` datetime DEFAULT current_timestamp(),
  `hometown` varchar(100) DEFAULT NULL,
  PRIMARY KEY (`user_id`),
  UNIQUE KEY `user_id` (`user_id`),
  CONSTRAINT `profiles_ibfk_1` FOREIGN KEY (`user_id`) REFERENCES `users` (`id`) ON UPDATE CASCADE
) ENGINE=InnoDB AUTO_INCREMENT=101 DEFAULT CHARSET=latin1;

INSERT INTO `profiles` VALUES ('1',NULL,'2011-10-27','1','1980-06-20 12:33:19',NULL),
('2',NULL,'1993-11-20','2','1996-04-01 08:06:52',NULL),
('3',NULL,'1996-07-28','3','1990-12-26 13:37:33',NULL),
('4',NULL,'2006-08-16','4','1976-12-01 03:18:44',NULL),
('5',NULL,'2016-08-14','5','1985-05-08 09:19:54',NULL),
('6',NULL,'1976-03-07','6','2004-11-18 12:22:35',NULL),
('7',NULL,'2005-08-26','7','1980-11-16 14:36:07',NULL),
('8',NULL,'2014-11-22','8','1997-03-12 05:45:27',NULL),
('9',NULL,'2012-02-07','9','1997-10-06 08:57:53',NULL),
('10',NULL,'2004-11-09','10','1976-08-27 00:38:50',NULL),
('11',NULL,'1973-11-25','11','1994-03-10 17:57:55',NULL),
('12',NULL,'1994-07-07','12','1979-12-16 01:52:45',NULL),
('13',NULL,'2017-12-24','13','1998-11-23 09:10:48',NULL),
('14',NULL,'1972-06-25','14','2015-09-18 12:04:00',NULL),
('15',NULL,'1982-12-23','15','2005-02-27 07:37:14',NULL),
('16',NULL,'1972-04-30','16','1974-03-07 13:55:42',NULL),
('17',NULL,'1987-06-29','17','2007-01-24 10:37:21',NULL),
('18',NULL,'1992-08-28','18','2010-09-09 00:16:56',NULL),
('19',NULL,'2006-04-16','19','1993-07-05 02:21:08',NULL),
('20',NULL,'2018-03-08','20','1975-03-05 20:39:14',NULL),
('21',NULL,'2013-01-24','21','1981-05-02 00:18:57',NULL),
('22',NULL,'1997-09-14','22','2000-08-25 17:11:32',NULL),
('23',NULL,'1979-09-21','23','1996-06-05 10:26:34',NULL),
('24',NULL,'1981-06-29','24','1986-12-09 21:15:14',NULL),
('25',NULL,'1995-01-03','25','1988-10-12 18:49:08',NULL),
('26',NULL,'1992-01-21','26','2012-06-22 21:51:45',NULL),
('27',NULL,'2002-02-20','27','1973-06-17 15:38:44',NULL),
('28',NULL,'2007-06-15','28','2005-04-07 04:00:52',NULL),
('29',NULL,'2015-10-03','29','2004-01-20 19:07:54',NULL),
('30',NULL,'1978-01-22','30','1995-01-16 04:47:24',NULL),
('31',NULL,'2015-02-26','31','2006-07-27 01:39:02',NULL),
('32',NULL,'2002-10-09','32','2003-02-15 11:12:43',NULL),
('33',NULL,'1996-07-07','33','1971-01-23 20:28:21',NULL),
('34',NULL,'2012-07-05','34','1984-05-27 02:21:19',NULL),
('35',NULL,'2016-12-23','35','2001-01-07 08:44:13',NULL),
('36',NULL,'2014-05-18','36','1996-12-28 20:59:42',NULL),
('37',NULL,'1996-02-18','37','1986-09-18 23:49:07',NULL),
('38',NULL,'1984-06-18','38','2002-09-09 18:52:11',NULL),
('39',NULL,'1975-11-01','39','1976-08-27 04:15:58',NULL),
('40',NULL,'2012-09-18','40','1987-12-17 11:09:24',NULL),
('41',NULL,'2015-12-12','41','1971-08-18 12:16:33',NULL),
('42',NULL,'1996-04-05','42','1994-07-02 08:17:14',NULL),
('43',NULL,'1987-12-21','43','2006-04-12 18:54:28',NULL),
('44',NULL,'2011-01-06','44','1981-12-02 11:45:19',NULL),
('45',NULL,'1980-07-18','45','1970-11-02 06:09:40',NULL),
('46',NULL,'1982-04-08','46','1971-05-30 21:41:47',NULL),
('47',NULL,'1979-01-11','47','1998-04-29 20:49:32',NULL),
('48',NULL,'1991-05-20','48','1998-03-10 14:51:37',NULL),
('49',NULL,'2004-06-26','49','1987-05-31 12:55:59',NULL),
('50',NULL,'2017-01-13','50','1992-11-10 01:04:29',NULL),
('51',NULL,'1997-08-24','51','1998-05-12 03:19:14',NULL),
('52',NULL,'2011-10-09','52','2000-10-19 12:15:04',NULL),
('53',NULL,'1976-11-21','53','2011-02-27 04:08:03',NULL),
('54',NULL,'1983-09-08','54','2006-01-03 08:41:54',NULL),
('55',NULL,'1988-11-14','55','1985-03-08 17:32:58',NULL),
('56',NULL,'1987-07-26','56','2010-02-02 11:43:30',NULL),
('57',NULL,'2016-07-12','57','1985-12-03 07:38:45',NULL),
('58',NULL,'1985-12-04','58','2016-10-26 09:23:39',NULL),
('59',NULL,'2003-01-05','59','1991-10-23 09:51:13',NULL),
('60',NULL,'2019-09-07','60','1977-05-27 08:41:05',NULL),
('61',NULL,'1986-11-07','61','1973-07-20 23:57:08',NULL),
('62',NULL,'1979-12-12','62','2007-12-05 22:42:06',NULL),
('63',NULL,'2005-07-16','63','1978-08-31 00:07:39',NULL),
('64',NULL,'2019-02-26','64','1990-07-14 09:29:03',NULL),
('65',NULL,'2016-05-27','65','1979-04-10 12:35:41',NULL),
('66',NULL,'1970-02-19','66','1990-12-19 18:44:23',NULL),
('67',NULL,'1970-03-08','67','1990-05-07 01:43:11',NULL),
('68',NULL,'2003-01-27','68','1984-11-29 21:25:05',NULL),
('69',NULL,'1994-06-04','69','1975-11-04 02:50:59',NULL),
('70',NULL,'1980-03-18','70','1982-09-24 01:18:22',NULL),
('71',NULL,'2006-01-05','71','2015-01-31 06:41:13',NULL),
('72',NULL,'1998-05-27','72','2005-01-04 22:53:16',NULL),
('73',NULL,'2004-03-08','73','1973-12-26 03:43:11',NULL),
('74',NULL,'1987-11-30','74','2007-08-24 21:21:31',NULL),
('75',NULL,'2011-07-25','75','1994-12-25 23:15:37',NULL),
('76',NULL,'2013-08-23','76','1984-07-23 06:28:04',NULL),
('77',NULL,'2003-10-21','77','1972-09-26 14:29:16',NULL),
('78',NULL,'2011-05-01','78','1981-07-14 11:20:41',NULL),
('79',NULL,'1982-02-02','79','2006-02-27 08:48:21',NULL),
('80',NULL,'1978-06-20','80','2008-07-25 22:19:32',NULL),
('81',NULL,'2017-01-22','81','1974-07-03 10:40:38',NULL),
('82',NULL,'1976-12-24','82','1975-01-18 16:47:26',NULL),
('83',NULL,'1983-12-01','83','1980-03-03 15:05:31',NULL),
('84',NULL,'1986-11-23','84','1975-08-24 15:25:24',NULL),
('85',NULL,'1987-10-13','85','1988-04-11 12:38:04',NULL),
('86',NULL,'2019-05-09','86','1985-04-29 21:31:20',NULL),
('87',NULL,'1974-01-07','87','2002-03-23 11:53:38',NULL),
('88',NULL,'1987-01-19','88','1975-08-07 15:17:50',NULL),
('89',NULL,'1975-08-09','89','2016-08-29 14:24:28',NULL),
('90',NULL,'2017-08-27','90','2009-05-27 23:44:58',NULL),
('91',NULL,'2011-08-28','91','2009-04-05 06:57:21',NULL),
('92',NULL,'1980-06-01','92','1994-11-03 02:41:41',NULL),
('93',NULL,'2001-11-24','93','2011-01-05 02:17:01',NULL),
('94',NULL,'1994-08-17','94','2007-04-17 00:05:37',NULL),
('95',NULL,'1979-07-02','95','1996-02-22 07:36:29',NULL),
('96',NULL,'1988-03-11','96','1974-01-31 20:33:53',NULL),
('97',NULL,'1989-10-09','97','2001-01-06 15:17:13',NULL),
('98',NULL,'1993-08-20','98','1976-10-05 14:42:19',NULL),
('99',NULL,'2002-01-03','99','2011-06-06 00:49:59',NULL),
('100',NULL,'1981-04-26','100','1986-12-16 08:15:33',NULL); 


DROP TABLE IF EXISTS `users`;
CREATE TABLE `users` (
  `id` bigint(20) unsigned NOT NULL AUTO_INCREMENT,
  `firstname` varchar(50) DEFAULT NULL,
  `lastname` varchar(50) DEFAULT NULL COMMENT 'Фамиль',
  `email` varchar(120) DEFAULT NULL,
  `phone` bigint(20) DEFAULT NULL,
  PRIMARY KEY (`id`),
  UNIQUE KEY `id` (`id`),
  UNIQUE KEY `email` (`email`),
  KEY `users_phone_idx` (`phone`),
  KEY `users_firstname_lastname_idx` (`firstname`,`lastname`)
) ENGINE=InnoDB AUTO_INCREMENT=101 DEFAULT CHARSET=latin1;

INSERT INTO `users` VALUES ('1','Mariana','Hahn','fritsch.izabella@example.com','0'),
('2','Daisy','Crist','minerva.nicolas@example.com','854'),
('3','Skylar','Rice','domenick.runolfsdottir@example.org','396'),
('4','Celestino','Satterfield','paula.spencer@example.org','0'),
('5','Carolyn','King','larkin.marcelina@example.net','1'),
('6','Greta','Feeney','iwyman@example.org','3677838011'),
('7','Mack','Rosenbaum','kelsie71@example.org','0'),
('8','Duane','Raynor','mikel.koss@example.net','839'),
('9','Uriel','Brakus','botsford.constance@example.net','9194085841'),
('10','Eldon','Wiegand','scot.oberbrunner@example.org','8249446063'),
('11','Arthur','Jerde','roslyn20@example.org','96556'),
('12','Jordon','Hagenes','sofia52@example.net','327868'),
('13','Megane','Hilpert','luella19@example.net','1'),
('14','Shayne','Schuster','ritchie.sid@example.net','262604'),
('15','Emelie','Bechtelar','tstark@example.org','0'),
('16','Johnathan','Schaden','wmckenzie@example.org','5813822962'),
('17','Queenie','Hand','qbradtke@example.net','407'),
('18','Ahmad','Ullrich','marilie.fisher@example.net','0'),
('19','Phyllis','Veum','will.dallas@example.net','248'),
('20','Ollie','Eichmann','fae65@example.net','1'),
('21','Raina','Kiehn','imccullough@example.org','1'),
('22','Keshaun','Padberg','qcrist@example.org','687702'),
('23','Jaime','Kutch','aliya.herzog@example.org','7791223412'),
('24','Juliana','Lesch','kaley.weber@example.org','3764421305'),
('25','Lucinda','Waters','lind.catharine@example.com','849103'),
('26','Mia','Wolf','jhauck@example.org','842008'),
('27','Kenna','Stark','vkuhic@example.org','1'),
('28','Jacquelyn','Green','stehr.pearl@example.com','80'),
('29','Dixie','Walker','scarter@example.org','712'),
('30','Jayce','Schaden','ukuhic@example.net','1'),
('31','Cameron','Stamm','lindgren.marianna@example.net','1'),
('32','Cristina','Kemmer','icrona@example.net','5751817443'),
('33','Bradley','Hammes','marielle13@example.org','99632'),
('34','Sabryna','Fritsch','spinka.raquel@example.org','131757'),
('35','Ena','Sawayn','wolff.deja@example.com','681718'),
('36','Eudora','Sauer','hillard86@example.net','3246096804'),
('37','Kamille','Beier','alexane.donnelly@example.com','1'),
('38','Diego','Grant','huel.jasmin@example.com','553061'),
('39','Juston','Gleason','nconn@example.org','458'),
('40','Marietta','Marks','xjakubowski@example.net','796'),
('41','Jacynthe','Sanford','gottlieb.trudie@example.com','25'),
('42','Jarvis','McGlynn','haag.trevion@example.net','0'),
('43','Rosalee','Kautzer','reichel.giuseppe@example.com','59'),
('44','Erin','Osinski','green.melyssa@example.net','75'),
('45','Lewis','King','clair.bruen@example.com','0'),
('46','Cordelia','Kohler','randi66@example.net','378856'),
('47','Hillary','Wilderman','lourdes.rohan@example.org','751252'),
('48','Dena','Stracke','ncole@example.org','557'),
('49','Alexa','Kautzer','eldora91@example.net','846'),
('50','Bernie','Schinner','celia42@example.com','39'),
('51','Woodrow','Schmitt','oral.beahan@example.com','659'),
('52','Arvid','DuBuque','fstehr@example.org','1'),
('53','Luis','Wolff','hilda90@example.net','5757472353'),
('54','Lennie','Fadel','dina53@example.com','793861'),
('55','Sedrick','Hammes','lubowitz.manuel@example.com','1'),
('56','Noemy','Gleichner','mitchell.kimberly@example.org','1'),
('57','Randal','Cronin','theaney@example.net','0'),
('58','Cora','Fay','hills.favian@example.net','429632'),
('59','Christophe','Raynor','jettie.becker@example.org','0'),
('60','Roberto','Turner','koch.brigitte@example.com','0'),
('61','Cathy','Little','dbartell@example.net','975'),
('62','Wilburn','Ebert','remard@example.org','0'),
('63','Jerad','Toy','rosenbaum.hortense@example.com','35'),
('64','Ellsworth','Smitham','ibraun@example.org','625377'),
('65','Elvie','Morar','eugenia70@example.com','0'),
('66','Sammy','Wolf','mosciski.kyler@example.org','1'),
('67','Laury','Wehner','mateo.hickle@example.org','839'),
('68','Tiara','Kuhlman','jazmyn94@example.net','47'),
('69','Luella','Kuphal','vivianne.reinger@example.com','628065'),
('70','Estel','Ledner','kasandra62@example.org','45372834'),
('71','Leilani','Kuhlman','ujacobi@example.net','1'),
('72','Mossie','Deckow','oeichmann@example.com','823'),
('73','Oleta','Kozey','nitzsche.wellington@example.com','657468'),
('74','Virgil','Pacocha','kozey.colten@example.org','1'),
('75','Erica','Legros','walker.rory@example.net','953'),
('76','Nedra','Thompson','ondricka.suzanne@example.com','415'),
('77','Maiya','Dickens','giovanni05@example.net','0'),
('78','Jaiden','Blick','adriana.zemlak@example.org','0'),
('79','Paula','Gleichner','abelardo35@example.net','0'),
('80','Summer','Sanford','princess.osinski@example.com','393640'),
('81','Laverna','O\'Conner','jacey.emard@example.net','1'),
('82','Annetta','Parisian','amelia55@example.com','761'),
('83','Gail','Schumm','paucek.deangelo@example.com','46831'),
('84','Wilfred','Price','dwest@example.com','1'),
('85','Joelle','Kshlerin','ibartell@example.org','453919'),
('86','Dawn','Okuneva','susan11@example.net','1'),
('87','Ima','Braun','gerardo59@example.com','398'),
('88','Dolly','Langworth','marlin.simonis@example.org','871866'),
('89','Lucile','Upton','jaquan.feil@example.com','20'),
('90','Misael','Stark','pollich.maritza@example.net','8269971318'),
('91','Leila','Hills','esmeralda19@example.com','989374'),
('92','Weldon','Corwin','paris.lind@example.org','540274'),
('93','Rosamond','Moore','cboyle@example.com','9360482286'),
('94','Deborah','Mills','elza54@example.net','1'),
('95','Lula','Johns','maynard.dickens@example.com','250'),
('96','Angie','Farrell','howell.anna@example.com','286049'),
('97','Luis','Jones','miller.brandon@example.org','1'),
('98','Roselyn','Mayert','cole.jonathon@example.com','5411947085'),
('99','Delpha','Koepp','dalton.legros@example.org','0'),
('100','Nellie','Wolff','jacquelyn.lehner@example.com','1'); 


DROP TABLE IF EXISTS `users_communities`;
CREATE TABLE `users_communities` (
  `user_id` bigint(20) unsigned NOT NULL,
  `community_id` bigint(20) unsigned NOT NULL,
  PRIMARY KEY (`user_id`,`community_id`),
  KEY `community_id` (`community_id`),
  CONSTRAINT `users_communities_ibfk_1` FOREIGN KEY (`user_id`) REFERENCES `users` (`id`),
  CONSTRAINT `users_communities_ibfk_2` FOREIGN KEY (`community_id`) REFERENCES `communities` (`id`)
) ENGINE=InnoDB DEFAULT CHARSET=latin1;

INSERT INTO `users_communities` VALUES ('1','1'),
('2','2'),
('3','3'),
('4','4'),
('5','5'),
('6','6'),
('7','7'),
('8','8'),
('9','9'),
('10','10'),
('11','1'),
('12','2'),
('13','3'),
('14','4'),
('15','5'),
('16','6'),
('17','7'),
('18','8'),
('19','9'),
('20','10'),
('21','1'),
('22','2'),
('23','3'),
('24','4'),
('25','5'),
('26','6'),
('27','7'),
('28','8'),
('29','9'),
('30','10'),
('31','1'),
('32','2'),
('33','3'),
('34','4'),
('35','5'),
('36','6'),
('37','7'),
('38','8'),
('39','9'),
('40','10'),
('41','1'),
('42','2'),
('43','3'),
('44','4'),
('45','5'),
('46','6'),
('47','7'),
('48','8'),
('49','9'),
('50','10'); 


DROP TABLE IF EXISTS `users_games`;
CREATE TABLE `users_games` (
  `id` bigint(20) unsigned NOT NULL AUTO_INCREMENT,
  `user_id` bigint(20) unsigned NOT NULL,
  `game_id` bigint(20) unsigned NOT NULL,
  PRIMARY KEY (`id`),
  UNIQUE KEY `id` (`id`),
  KEY `user_id` (`user_id`),
  KEY `game_id` (`game_id`),
  CONSTRAINT `users_games_ibfk_1` FOREIGN KEY (`user_id`) REFERENCES `users` (`id`),
  CONSTRAINT `users_games_ibfk_2` FOREIGN KEY (`game_id`) REFERENCES `games` (`id`)
) ENGINE=InnoDB AUTO_INCREMENT=101 DEFAULT CHARSET=latin1;

INSERT INTO `users_games` VALUES ('1','1','1'),
('2','2','2'),
('3','3','3'),
('4','4','4'),
('5','5','5'),
('6','6','6'),
('7','7','7'),
('8','8','8'),
('9','9','9'),
('10','10','10'),
('11','11','11'),
('12','12','12'),
('13','13','13'),
('14','14','14'),
('15','15','15'),
('16','16','16'),
('17','17','17'),
('18','18','18'),
('19','19','19'),
('20','20','20'),
('21','21','21'),
('22','22','22'),
('23','23','23'),
('24','24','24'),
('25','25','25'),
('26','26','26'),
('27','27','27'),
('28','28','28'),
('29','29','29'),
('30','30','30'),
('31','31','1'),
('32','32','2'),
('33','33','3'),
('34','34','4'),
('35','35','5'),
('36','36','6'),
('37','37','7'),
('38','38','8'),
('39','39','9'),
('40','40','10'),
('41','41','11'),
('42','42','12'),
('43','43','13'),
('44','44','14'),
('45','45','15'),
('46','46','16'),
('47','47','17'),
('48','48','18'),
('49','49','19'),
('50','50','20'),
('51','51','21'),
('52','52','22'),
('53','53','23'),
('54','54','24'),
('55','55','25'),
('56','56','26'),
('57','57','27'),
('58','58','28'),
('59','59','29'),
('60','60','30'),
('61','61','1'),
('62','62','2'),
('63','63','3'),
('64','64','4'),
('65','65','5'),
('66','66','6'),
('67','67','7'),
('68','68','8'),
('69','69','9'),
('70','70','10'),
('71','71','11'),
('72','72','12'),
('73','73','13'),
('74','74','14'),
('75','75','15'),
('76','76','16'),
('77','77','17'),
('78','78','18'),
('79','79','19'),
('80','80','20'),
('81','81','21'),
('82','82','22'),
('83','83','23'),
('84','84','24'),
('85','85','25'),
('86','86','26'),
('87','87','27'),
('88','88','28'),
('89','89','29'),
('90','90','30'),
('91','91','1'),
('92','92','2'),
('93','93','3'),
('94','94','4'),
('95','95','5'),
('96','96','6'),
('97','97','7'),
('98','98','8'),
('99','99','9'),
('100','100','10'); 


DROP TABLE IF EXISTS `users_games_logs`;
CREATE TABLE `users_games_logs` (
  `users_games_id` bigint(20) unsigned NOT NULL,
  `metadata` longtext CHARACTER SET utf8mb4 COLLATE utf8mb4_bin DEFAULT NULL,
  `created_at` datetime DEFAULT current_timestamp(),
  PRIMARY KEY (`users_games_id`),
  CONSTRAINT `users_games_logs_ibfk_1` FOREIGN KEY (`users_games_id`) REFERENCES `users_games` (`id`)
) ENGINE=InnoDB DEFAULT CHARSET=latin1;

INSERT INTO `users_games_logs` VALUES ('1',NULL,'1980-04-27 18:20:29'),
('2',NULL,'1994-10-19 22:08:47'),
('3',NULL,'1981-01-25 05:25:32'),
('4',NULL,'2018-05-20 09:29:51'),
('5',NULL,'1990-01-13 21:23:26'),
('6',NULL,'2010-02-08 06:14:24'),
('7',NULL,'2011-09-12 01:47:18'),
('8',NULL,'2005-07-18 13:50:58'),
('9',NULL,'1978-08-01 06:07:22'),
('10',NULL,'2017-12-18 09:54:39'),
('11',NULL,'2004-01-13 22:12:15'),
('12',NULL,'1991-09-16 22:05:41'),
('13',NULL,'1976-10-20 09:10:56'),
('14',NULL,'2012-04-16 15:53:29'),
('15',NULL,'1992-02-19 09:19:13'),
('16',NULL,'1998-01-22 06:53:51'),
('17',NULL,'1987-06-13 15:27:12'),
('18',NULL,'1984-07-29 21:08:28'),
('19',NULL,'2018-06-03 19:46:33'),
('20',NULL,'1988-08-28 09:27:10'),
('21',NULL,'2016-08-10 07:58:46'),
('22',NULL,'1986-02-26 08:40:17'),
('23',NULL,'1970-06-27 16:20:42'),
('24',NULL,'1973-08-21 16:43:26'),
('25',NULL,'2001-03-20 12:41:06'),
('26',NULL,'1977-03-19 11:07:24'),
('27',NULL,'2013-03-31 15:07:03'),
('28',NULL,'1973-04-04 18:22:02'),
('29',NULL,'2002-09-06 17:42:28'),
('30',NULL,'2018-10-31 20:00:56'),
('31',NULL,'2013-05-19 01:37:56'),
('32',NULL,'1978-10-31 11:28:05'),
('33',NULL,'1984-11-26 18:57:26'),
('34',NULL,'2012-10-20 08:29:35'),
('35',NULL,'1997-05-13 23:01:56'),
('36',NULL,'2005-05-09 21:59:17'),
('37',NULL,'2000-12-29 22:28:13'),
('38',NULL,'1975-02-06 00:13:19'),
('39',NULL,'1991-11-01 18:47:51'),
('40',NULL,'1972-03-14 11:58:52'),
('41',NULL,'1979-02-22 09:34:59'),
('42',NULL,'2010-09-05 12:51:04'),
('43',NULL,'1973-11-14 05:55:18'),
('44',NULL,'2003-11-08 12:38:10'),
('45',NULL,'2013-06-30 12:31:47'),
('46',NULL,'2016-06-08 23:34:19'),
('47',NULL,'1989-04-27 05:13:02'),
('48',NULL,'1973-06-15 14:10:17'),
('49',NULL,'1989-11-06 14:41:48'),
('50',NULL,'1986-07-02 18:28:14'),
('51',NULL,'1979-08-11 22:04:36'),
('52',NULL,'2011-09-24 09:43:15'),
('53',NULL,'1991-05-19 20:37:20'),
('54',NULL,'1996-10-09 19:18:10'),
('55',NULL,'1990-07-05 02:39:00'),
('56',NULL,'1994-04-22 10:57:25'),
('57',NULL,'2014-02-07 08:56:25'),
('58',NULL,'1971-05-08 04:48:14'),
('59',NULL,'1971-01-27 06:36:27'),
('60',NULL,'1984-08-05 21:49:37'),
('61',NULL,'2003-05-03 08:04:27'),
('62',NULL,'2008-08-29 07:45:18'),
('63',NULL,'2014-11-23 14:41:04'),
('64',NULL,'2014-02-12 08:33:04'),
('65',NULL,'1995-07-14 08:56:03'),
('66',NULL,'2009-03-19 07:36:45'),
('67',NULL,'1998-07-05 22:54:50'),
('68',NULL,'1997-12-20 12:29:32'),
('69',NULL,'2016-10-02 02:34:53'),
('70',NULL,'1994-09-29 23:23:38'),
('71',NULL,'1976-05-01 14:10:56'),
('72',NULL,'1977-04-06 19:28:30'),
('73',NULL,'1993-02-04 23:51:53'),
('74',NULL,'2001-12-11 17:09:52'),
('75',NULL,'2019-07-22 10:29:28'),
('76',NULL,'1983-03-09 02:19:58'),
('77',NULL,'1993-11-12 22:45:10'),
('78',NULL,'1987-02-09 07:52:21'),
('79',NULL,'2005-04-23 11:26:19'),
('80',NULL,'2011-11-19 16:10:01'),
('81',NULL,'1992-06-06 08:18:23'),
('82',NULL,'2001-07-20 10:30:14'),
('83',NULL,'1998-02-11 07:57:32'),
('84',NULL,'2007-01-21 06:41:33'),
('85',NULL,'1989-12-01 02:00:07'),
('86',NULL,'2006-11-30 01:54:35'),
('87',NULL,'1970-05-27 09:54:30'),
('88',NULL,'1981-12-05 15:53:57'),
('89',NULL,'1997-01-16 06:53:14'),
('90',NULL,'1983-04-17 12:26:34'),
('91',NULL,'2007-10-29 21:22:48'),
('92',NULL,'1980-10-18 21:26:18'),
('93',NULL,'2005-01-16 05:34:41'),
('94',NULL,'1982-11-15 14:39:07'),
('95',NULL,'1993-05-24 15:46:38'),
('96',NULL,'1972-02-02 10:59:02'),
('97',NULL,'1993-11-29 07:07:57'),
('98',NULL,'1992-03-13 00:49:04'),
('99',NULL,'2015-09-03 07:51:20'),
('100',NULL,'1989-11-04 18:10:51'); 




/*!40101 SET SQL_MODE=@OLD_SQL_MODE */;
/*!40014 SET FOREIGN_KEY_CHECKS=@OLD_FOREIGN_KEY_CHECKS */;
/*!40014 SET UNIQUE_CHECKS=@OLD_UNIQUE_CHECKS */;
/*!40101 SET CHARACTER_SET_CLIENT=@OLD_CHARACTER_SET_CLIENT */;
/*!40101 SET CHARACTER_SET_RESULTS=@OLD_CHARACTER_SET_RESULTS */;
/*!40101 SET COLLATION_CONNECTION=@OLD_COLLATION_CONNECTION */;
/*!40111 SET SQL_NOTES=@OLD_SQL_NOTES */;

