SET SQL_MODE = "NO_AUTO_VALUE_ON_ZERO";
SET AUTOCOMMIT = 0;
START TRANSACTION;
SET time_zone = "+00:00";

/*!40101 SET @OLD_CHARACTER_SET_CLIENT=@@CHARACTER_SET_CLIENT */;
/*!40101 SET @OLD_CHARACTER_SET_RESULTS=@@CHARACTER_SET_RESULTS */;
/*!40101 SET @OLD_COLLATION_CONNECTION=@@COLLATION_CONNECTION */;
/*!40101 SET NAMES utf8mb4 */;

CREATE DATABASE IF NOT EXISTS `geekbrains_course` DEFAULT CHARACTER SET utf8 COLLATE utf8_general_ci;
USE `geekbrains_course`;

DROP TABLE IF EXISTS `edu_courses`;
CREATE TABLE IF NOT EXISTS `edu_courses` (
  `id` int(11) NOT NULL AUTO_INCREMENT,
  `modules_id` int(11) DEFAULT NULL,
  `tests_id` int(11) DEFAULT NULL,
  `title` varchar(128) DEFAULT NULL COMMENT 'Название курса',
  `short_description` varchar(255) DEFAULT NULL COMMENT 'Аннотация к курсу',
  `description` text COMMENT 'Описание курса',
  `image` varchar(128) DEFAULT NULL COMMENT 'Обложка',
  `is_active` smallint(1) DEFAULT '0' COMMENT 'Статус',
  `create_date` timestamp NOT NULL DEFAULT CURRENT_TIMESTAMP COMMENT 'Дата создания',
  `update_date` timestamp NOT NULL DEFAULT CURRENT_TIMESTAMP ON UPDATE CURRENT_TIMESTAMP COMMENT 'Дата обновления',
  PRIMARY KEY (`id`),
  KEY `modules_id_index` (`modules_id`),
  KEY `tests_id_index` (`tests_id`),
  KEY `is_active_index` (`is_active`)
) ENGINE=InnoDB AUTO_INCREMENT=9 DEFAULT CHARSET=utf8 COMMENT='Курсы';

INSERT INTO `edu_courses` (`id`, `modules_id`, `tests_id`, `title`, `short_description`, `description`, `image`, `is_active`, `create_date`, `update_date`) VALUES
(1, 1, 1, 'Magni excepturi tempore quibusdam odit a.', 'Facere sint laudantium et ipsa voluptatem et. Optio mollitia adipisci voluptatem earum officiis.', 'Neque quibusdam sed nostrum et possimus. Fugit incidunt fugiat doloremque voluptatem modi doloremque.', NULL, 0, '1982-05-16 07:22:51', '1996-06-08 01:36:34'),
(2, 2, 2, 'Maiores magnam quaerat distinctio est consequatur.', 'Unde aut explicabo quo optio unde. Laborum ducimus eius est velit suscipit nesciunt. Assumenda sed qui in dolore veritatis sint vero.', 'Voluptatem ab sunt suscipit exercitationem similique. Ut sequi possimus unde dignissimos aut non sint. Fugiat animi quia asperiores dignissimos deserunt magnam. Ullam facere velit minima facere voluptas in totam.', NULL, 1, '1987-07-03 03:45:10', '1972-07-14 23:10:46'),
(3, 3, 3, 'Ipsa vero alias ut eius voluptatem.', 'Quia iusto et nulla voluptatem. Et quibusdam expedita earum aspernatur amet facere. Aut illo explicabo ipsum.', 'Voluptatibus saepe molestiae maxime perspiciatis ut. Earum inventore aut ut minima vel et atque. Aut corporis dolorem architecto est illum id quisquam. Veritatis magnam rem et id quidem. Ea sunt voluptatem nihil natus nemo et illo.', NULL, 1, '2004-03-09 00:01:49', '1981-07-04 20:20:21'),
(4, 4, 4, 'Libero ad est expedita.', 'Nesciunt ratione omnis est officiis voluptates. Aperiam provident est sapiente minus repudiandae ipsam sequi. Quasi ab facere repudiandae unde facere sunt nulla. Repudiandae dolor expedita dolores ut.', 'Aut quo quo qui dolorem commodi. Placeat dolores nemo soluta mollitia voluptatem veritatis ab. Veritatis consectetur consequatur sed est iure in unde.', NULL, 1, '1983-01-04 15:41:08', '2001-02-17 21:20:39'),
(5, 1, 5, 'Minima sed ut quisquam cumque totam nihil.', 'Sunt veniam aliquid dolorem eum vitae. Libero quaerat quis qui occaecati vel. Consequatur aut temporibus facilis sit culpa. Optio quia neque atque.', 'Ut non sapiente possimus eum est. Tempora inventore consequuntur repellendus alias at dolorum. Voluptas aut ut ut illo eum.', NULL, 1, '1999-12-12 08:59:41', '1982-07-12 02:40:28'),
(6, 2, 1, 'Odio et et quidem numquam incidunt qui amet eum.', 'Aut enim corporis assumenda autem vel odio consectetur quia. Aperiam sunt ut exercitationem cum. Id vero ea optio magnam. Hic occaecati aperiam ea.', 'Voluptas rem deleniti est sed pariatur voluptatem. Enim tempora voluptatem inventore aut. Numquam minus sed laudantium quis sed autem ratione. Eius et quibusdam nemo quia.', NULL, 1, '1990-10-20 22:59:35', '1994-04-08 23:38:49'),
(7, 3, 2, 'Distinctio voluptatem nobis aut maxime.', 'Aliquam labore fugit magni quo labore. Consequatur laborum est eos est dolore soluta minima. Neque deleniti quod reprehenderit et illum sit.', 'Voluptatem ea maxime in repudiandae. Nulla exercitationem dolor minima repudiandae quo eum. Omnis dolor autem illo culpa quia est.', NULL, 0, '2012-12-19 01:12:01', '1992-01-01 00:22:11'),
(8, 4, 3, 'Aliquid accusamus voluptas amet asperiores.', 'Ut eligendi et officiis quis doloribus iure aut dolor. Ipsam aut harum repellat occaecati dolorum doloremque perferendis. Laborum ut modi non et in itaque aut.', 'Quae deserunt necessitatibus qui sit ut. Et consequuntur consequuntur placeat at aut exercitationem iste. Similique quis enim sit consequatur cum et et.', NULL, 0, '1984-05-24 22:55:17', '1994-04-16 21:37:22');

DROP TABLE IF EXISTS `edu_lessons`;
CREATE TABLE IF NOT EXISTS `edu_lessons` (
  `id` int(11) NOT NULL AUTO_INCREMENT,
  `courses_id` int(11) DEFAULT NULL,
  `title` varchar(128) DEFAULT NULL COMMENT 'Название урока',
  `short_description` varchar(255) DEFAULT NULL COMMENT 'Аннотация к уроку',
  `description` text COMMENT 'Описание урока',
  `image` varchar(128) DEFAULT NULL COMMENT 'Обложка',
  `timeout` smallint(6) DEFAULT NULL COMMENT 'Задержка открытия урока',
  `is_active` smallint(1) DEFAULT '0' COMMENT 'Статус',
  `create_date` timestamp NOT NULL DEFAULT CURRENT_TIMESTAMP COMMENT 'Дата создания',
  `update_date` timestamp NOT NULL DEFAULT CURRENT_TIMESTAMP ON UPDATE CURRENT_TIMESTAMP COMMENT 'Дата обновления',
  PRIMARY KEY (`id`),
  KEY `courses_id_index` (`courses_id`),
  KEY `is_active_index` (`is_active`)
) ENGINE=InnoDB AUTO_INCREMENT=51 DEFAULT CHARSET=utf8 COMMENT='Уроки';

INSERT INTO `edu_lessons` (`id`, `courses_id`, `title`, `short_description`, `description`, `image`, `timeout`, `is_active`, `create_date`, `update_date`) VALUES
(1, 1, 'Vero mollitia iusto consequatur quaerat.', 'Iste recusandae exercitationem sed qui. Maiores voluptates sed consequatur error.', 'Dignissimos nesciunt quos corporis laborum sit. Doloremque ut explicabo dolores sint et consequatur.', NULL, 8, 1, '1996-10-04 10:08:28', '1997-10-21 05:52:40'),
(2, 2, 'Ut iure nulla inventore natus sapiente.', 'Ea quibusdam voluptatem ea est voluptas quam. Fugiat qui atque nobis. Praesentium iure consequatur consectetur esse earum quo. Ea ut necessitatibus ipsam nesciunt ut.', 'Earum minus fugit pariatur non qui libero nostrum. Atque aspernatur nam molestias corrupti quo consectetur perspiciatis. Dolore impedit aut debitis provident officiis omnis. Voluptas nisi officiis numquam est porro tempore.', NULL, 8, 0, '1995-02-15 08:05:52', '1989-10-12 14:18:46'),
(3, 3, 'Labore eaque omnis est.', 'Consequatur ut et dolores. Nisi blanditiis dolores officia excepturi. Enim nam soluta ut voluptates dignissimos eos est. Mollitia totam vitae velit.', 'Adipisci natus vel reprehenderit rem labore iste. Tenetur id molestias quam eum ipsum rerum. Cum ducimus libero vero ea tempora officia. Molestiae est nesciunt qui consectetur et qui sit.', NULL, 7, 0, '1979-08-27 02:52:41', '2000-06-21 06:17:18'),
(4, 4, 'In excepturi iure doloremque voluptatibus.', 'Repellat ut deleniti explicabo aut sint aut voluptatibus quaerat. Maxime veritatis dolorem est. Quos qui molestiae modi pariatur et maxime illo aut. Exercitationem sunt soluta aperiam quia culpa omnis natus. Soluta eos officia delectus sit rerum voluptate', 'Et quidem explicabo labore totam harum quod repellendus in. Sint est adipisci ut ea aut. Ut quia neque at soluta non maxime necessitatibus.', NULL, 2, 1, '1978-01-19 05:54:15', '1998-02-06 00:07:40'),
(5, 5, 'Saepe omnis nobis reiciendis et sit.', 'Iusto quia beatae occaecati quae omnis est. Non similique architecto voluptatum dolor. Perspiciatis asperiores ad quia. Ut recusandae ducimus et iste.', 'Sunt laudantium omnis atque omnis. Est natus quisquam labore aperiam ut ratione neque. Dicta qui vel dolores autem iusto et eligendi. Eaque impedit impedit qui sed.', NULL, 3, 1, '1993-01-16 06:44:06', '1985-03-21 02:58:17'),
(6, 6, 'Quis ut qui dolores modi.', 'Ad maxime molestias voluptatem quasi repellat nobis. Sit incidunt dicta aut qui. Architecto molestiae nemo cupiditate culpa et ea libero inventore. Aut quo tempore maxime nam facere.', 'Fugiat deleniti animi modi illum. Dolorum non id dolorum aut. Suscipit autem est cupiditate incidunt quia quidem corrupti nisi. Dolorem omnis aperiam ab consequatur hic.', NULL, 9, 1, '2009-05-26 07:55:09', '1986-10-03 23:20:18'),
(7, 7, 'Dolore enim commodi nihil et sed.', 'Deserunt saepe omnis quos non omnis qui voluptatem. Culpa non dolorem quos labore earum. Laboriosam quae consectetur natus velit. Sunt aut cum cupiditate praesentium ratione qui aut.', 'Ad quia est et eos sit. Sed est voluptatem dicta harum ea aspernatur doloremque.', NULL, 9, 1, '1973-02-18 20:55:57', '2018-03-27 22:27:47'),
(8, 8, 'Aut laborum aut culpa.', 'Non ex deserunt omnis quia suscipit. Consequatur ratione et velit dolorem ut nobis dolorem. Iste minus labore fuga ut et omnis doloribus. Labore ut nesciunt nihil nobis.', 'Dolorem at deleniti laborum non dicta. Eveniet reprehenderit sed consequatur eum. Corporis aut et quo ea. Adipisci molestiae laboriosam aut officia.', NULL, 1, 0, '2000-01-08 21:02:41', '1988-11-01 11:29:58'),
(9, 1, 'Voluptatem quam officiis dignissimos quis accusantium.', 'Voluptatem iste commodi deserunt facere. Cumque possimus quia rem quo eveniet quos nobis sit. Explicabo cumque qui libero veritatis ad. In unde est voluptatibus.', 'Distinctio aut necessitatibus enim consectetur at architecto error. Adipisci sed rerum excepturi aut quis nobis.', NULL, 8, 0, '1979-02-11 05:18:35', '1979-08-09 07:43:36'),
(10, 2, 'Voluptate ut autem saepe.', 'Non beatae est esse consequatur dolor ullam quisquam. Alias laborum quia labore similique qui. Rerum autem inventore consequatur occaecati cumque totam.', 'Molestias qui impedit veritatis officia repudiandae doloremque explicabo qui. Alias sapiente consequuntur amet eum nesciunt delectus itaque. Ut unde autem incidunt facere et.', NULL, 3, 0, '1996-05-20 14:40:29', '2003-12-22 11:33:17'),
(11, 3, 'Voluptas molestiae officia quos sed sit.', 'Corporis ea iste aut et id recusandae. Unde nesciunt at quod rerum repellat delectus asperiores.', 'Explicabo laborum consequatur officia repellendus. Suscipit vel repudiandae distinctio. Fugiat consequatur nobis quidem aspernatur in eligendi. Ratione culpa incidunt est et dolorem sint provident sapiente.', NULL, 5, 1, '1986-08-02 05:56:23', '2019-06-03 09:01:56'),
(12, 4, 'Sit neque ut doloribus exercitationem et.', 'Modi fugiat corrupti ea adipisci et recusandae maiores. Ut reiciendis consequatur porro sed assumenda. Dolorum labore quas molestiae corporis. Neque aliquam aut consectetur officiis.', 'Dolores sunt dolorum at blanditiis et saepe. Omnis nisi quisquam nobis nobis. Dicta non fugit et ipsa quidem amet molestiae. Est nesciunt nemo est qui.', NULL, 4, 0, '2019-10-30 03:52:22', '1996-10-14 03:55:46'),
(13, 5, 'Quae qui hic qui quam dolores laborum.', 'Velit incidunt quae et. A quia odio ut sed assumenda. Commodi voluptas distinctio quae. Hic ipsam deserunt aspernatur aliquid similique non autem. Occaecati sequi molestias esse quia saepe.', 'Consequatur asperiores atque aut dolorem necessitatibus officia. Sed nihil est voluptatem itaque. Placeat accusantium non saepe sunt. Exercitationem qui quos accusamus quo.', NULL, 5, 0, '1979-11-28 22:40:15', '2002-06-09 18:15:18'),
(14, 6, 'Ut aspernatur recusandae officia doloremque perspiciatis et ut.', 'Aut tempore sed expedita totam aliquam voluptas debitis ex. Molestiae labore id tempora beatae. Fuga ducimus illum fuga adipisci aut necessitatibus. Qui non modi nobis et.', 'Veritatis non sunt vel amet in corporis et. Accusamus necessitatibus praesentium laudantium sit nesciunt quis. Quae est nisi repellat aut et voluptatum.', NULL, 5, 1, '1970-11-26 19:49:10', '2012-06-22 04:38:51'),
(15, 7, 'Necessitatibus delectus asperiores ad.', 'Fugiat velit unde iste qui deleniti magnam excepturi. Unde distinctio eos facilis voluptas esse iusto et. Beatae voluptas dolore assumenda a. Id libero itaque ipsa odit sunt voluptates earum.', 'Aliquam rerum aut aut non. Odio dignissimos repudiandae quasi architecto minima maxime veritatis saepe. Veritatis est recusandae debitis maiores dignissimos non. Beatae consequatur quia delectus hic et dolore deleniti. Recusandae perferendis voluptatem sint quasi qui.', NULL, 8, 1, '1977-03-12 10:26:20', '2009-12-01 20:46:05'),
(16, 8, 'Aperiam sed quam possimus sint repudiandae consequuntur modi.', 'Sed quis quo nulla omnis sequi aspernatur. Voluptatem quos sit explicabo ratione laudantium. Quia amet enim quidem esse ut. Itaque quo provident aut est.', 'Voluptas dolores aut reiciendis natus voluptatem deleniti nulla. Ad sed animi autem vel.', NULL, 8, 1, '2016-10-30 03:05:52', '2014-04-05 21:54:42'),
(17, 1, 'Repudiandae soluta similique rem quia inventore et saepe in.', 'Repudiandae cupiditate sint recusandae quaerat voluptatum ut. Magnam qui maxime doloremque distinctio reiciendis. Illum ut officia quibusdam officiis dolor est nesciunt. Voluptatum quia nisi ut fugiat quam sed.', 'Et aut tempore molestiae autem consequatur. Ut iure dolores nemo nihil soluta. Architecto debitis et accusantium.', NULL, 3, 0, '1983-11-28 04:36:36', '1978-01-04 02:36:27'),
(18, 2, 'Quibusdam tempore ut commodi reiciendis et maiores qui.', 'Culpa minus velit dignissimos harum eius. Laborum beatae qui magni aut. Laudantium officia iure cupiditate iure ut. Accusamus quia libero rerum accusamus.', 'Fuga quia debitis ipsa earum et sint. Et assumenda nulla ipsam aut rerum. Voluptatem eligendi aut iusto molestias velit ut ut.', NULL, 8, 0, '1971-03-01 00:38:21', '1985-03-29 08:17:27'),
(19, 3, 'Mollitia doloremque corrupti nobis officiis at id qui.', 'Iure quaerat a rerum ea dolorum voluptatibus. Ducimus dolores consectetur deserunt et est excepturi. Dicta qui mollitia perspiciatis sit ut voluptate est sunt.', 'Ab omnis illum voluptas itaque officia. Error qui facilis iste cumque est. Enim dolores ut earum necessitatibus. Minus quas beatae modi.', NULL, 5, 0, '2012-06-25 19:00:52', '1992-01-21 15:58:11'),
(20, 4, 'Voluptas ea minima neque.', 'Quia atque velit labore modi voluptatem. Provident tenetur impedit distinctio. Et commodi blanditiis ut quod et. Error dignissimos commodi enim enim aspernatur laboriosam.', 'Tenetur voluptatem fugit consequatur dolor. Magnam aut est doloremque itaque ipsa. Neque qui id non quia odio consequatur voluptas.', NULL, 5, 0, '1999-02-07 17:29:58', '2012-10-05 15:21:30'),
(21, 5, 'Laudantium molestias exercitationem molestiae ad iusto in inventore.', 'Voluptas nam sit voluptatibus nam. Dolor atque dolores odit dolores quas. Qui dignissimos id fugit vel odio.', 'Voluptate nihil consequatur enim sed. Doloremque ratione consequatur est eligendi. Atque cum omnis nobis numquam quibusdam.', NULL, 1, 1, '1971-06-05 13:18:32', '2007-08-27 20:30:00'),
(22, 6, 'Voluptatem rerum voluptates ad.', 'Non qui in quod sit impedit placeat. Numquam voluptatem fuga eum omnis. Saepe delectus placeat in sit rem in aut. Quaerat eum iusto et harum molestias ut necessitatibus.', 'Illum similique a ducimus optio et blanditiis reiciendis. A unde nisi ullam.', NULL, 9, 0, '2002-04-18 09:20:34', '1991-03-15 05:58:28'),
(23, 7, 'Et in qui aut ipsum recusandae laborum eveniet.', 'Tenetur pariatur quis repellendus quia. Vel aspernatur nostrum placeat voluptatem. Sapiente commodi repellat deserunt voluptatibus doloremque sed recusandae. Qui dolores aut et dolores sit.', 'Placeat non quaerat minus magni. Nam expedita saepe nostrum. Molestiae sapiente aut tempora sed neque. Ullam quo commodi consequuntur aspernatur aut qui.', NULL, 7, 1, '2016-10-29 15:09:13', '1979-09-12 13:32:12'),
(24, 8, 'Quia tempore est voluptatibus sed dolorum accusantium.', 'Aspernatur illum ut pariatur corporis quaerat provident. Quis necessitatibus rerum impedit qui. Ut minus unde ut sit dolorem possimus eius. Voluptatem quis nobis perferendis placeat non.', 'Omnis illo suscipit sit repudiandae quod. Voluptatem repellendus et esse nemo. Sequi voluptas consequatur sit maxime fugiat iste. Et optio atque minus et veritatis qui.', NULL, 2, 0, '2012-10-02 14:18:45', '1971-07-21 18:15:01'),
(25, 1, 'Veritatis voluptatem distinctio ratione doloremque inventore.', 'Eaque autem soluta fugiat eveniet. Autem tempora sequi dolor quos perspiciatis. Exercitationem laboriosam nihil hic perferendis similique delectus officiis. Consequatur libero totam eligendi expedita qui aut.', 'Laudantium sunt ipsa sint tenetur voluptatem maxime. Ea accusamus officiis et modi est. Sunt est tempora quia hic et in. Dolores labore porro sit et.', NULL, 7, 0, '1980-12-24 22:10:09', '2010-05-29 22:36:23'),
(26, 2, 'Nostrum quis velit deleniti minus itaque.', 'Excepturi veritatis sit quas aut. Numquam officia recusandae quia quibusdam blanditiis minima eos qui. Molestiae unde aut eligendi sit et. Quo temporibus ut asperiores fuga. Qui non error aspernatur magnam est.', 'Qui eos laborum similique officia dolores fugiat eos quisquam. Facere neque tempore nobis. Ex enim aut similique itaque consequuntur. Ab odit rem voluptates quisquam iure sit laborum. Omnis fuga vel expedita voluptatem rerum quae.', NULL, 9, 1, '1981-09-11 05:23:26', '2012-02-04 08:56:41'),
(27, 3, 'A temporibus ut voluptas totam molestiae et.', 'In possimus occaecati quis vitae nesciunt eaque ratione. Sit consequatur voluptates eos magnam harum maiores amet. Corrupti optio numquam velit. Explicabo sed quia quia aut aliquam quod.', 'Aliquid voluptatem dolores magnam quis. Necessitatibus consequatur distinctio dignissimos et possimus facere. Molestiae est corrupti quia recusandae mollitia sunt voluptas. Consequatur et suscipit odit temporibus. Molestiae eum aut et aut quis.', NULL, 8, 1, '1979-12-12 17:28:33', '2012-10-03 12:12:39'),
(28, 4, 'Facere debitis et nihil similique quis itaque.', 'Magni dicta dolor velit accusantium. Nam minima culpa voluptas tenetur. Sit quo veritatis cupiditate voluptas.', 'Nisi consequatur illum fugit illo fugiat voluptatem. Sequi dignissimos quis quaerat.', NULL, 8, 0, '2016-06-25 06:43:56', '1980-05-31 12:32:33'),
(29, 5, 'In consequatur excepturi magni unde ad et.', 'Error veritatis numquam eaque aliquam. Asperiores qui minus est quasi nobis repudiandae voluptatem. Ut deserunt laudantium similique nulla. Aliquam provident quis in quia blanditiis eum ab cum.', 'Sequi aut qui magnam. Sapiente ex aliquam et distinctio similique ut qui. Aut quo corporis dolores exercitationem sapiente esse odio. Minus maxime assumenda id ipsa aut ipsam vitae. Harum rerum magnam facere ea qui.', NULL, 1, 0, '1989-02-20 10:04:06', '2015-06-16 23:10:56'),
(30, 6, 'Perferendis aut quia voluptatibus dolore id aut perspiciatis.', 'Eum sit aliquam vel quidem. Minima sit odio facilis odit molestiae et. Consequatur labore et esse quia quisquam est vel.', 'Est odio ea omnis sed. Assumenda consequuntur velit aut asperiores maxime. Nam doloribus repudiandae rem assumenda exercitationem suscipit aspernatur. Voluptate est natus eaque ut nihil est molestiae ipsum.', NULL, 5, 1, '1999-08-10 06:57:16', '1996-04-28 09:35:04'),
(31, 7, 'Quasi occaecati nemo voluptas illum.', 'Qui sunt voluptatem aut tenetur quia pariatur. Nihil quaerat animi sint rerum dolor quibusdam voluptas ullam. Minima et sed debitis est fugit voluptatem quia. Qui et aut sunt.', 'Ut assumenda aliquid esse sed quia. Voluptatem eum laborum in est. Deserunt est est dolores magni animi.', NULL, 5, 0, '1999-03-21 11:00:49', '1986-09-25 09:48:30'),
(32, 8, 'Nihil et voluptatem beatae velit qui dolor dolorem.', 'Eaque et ipsum pariatur. Sint sequi eos est occaecati et. Exercitationem provident similique animi vel id. Odio perspiciatis nesciunt voluptatum eos est iusto eaque.', 'Aspernatur doloremque sit ut voluptatem adipisci. Ut corrupti labore incidunt est et suscipit. Illum et et et asperiores consequuntur. Omnis perspiciatis voluptatibus nihil vitae atque.', NULL, 2, 1, '1986-04-28 01:48:58', '2015-04-07 12:32:07'),
(33, 1, 'Provident autem nemo ipsa quia dolorem.', 'Doloribus reiciendis est voluptatem. Ea et tenetur inventore vitae sed et. Perferendis vel dolores consequatur in porro natus cumque rem.', 'Corporis accusamus sit voluptas quia ad est similique. In veniam nostrum perferendis qui aut quaerat. Est hic sed similique quia. Voluptatum inventore distinctio quia inventore error iure odio.', NULL, 5, 0, '2015-06-01 15:39:43', '2009-06-25 23:37:05'),
(34, 2, 'Aut quia non dicta totam.', 'Quis modi sapiente pariatur consequuntur velit. Omnis veniam molestiae aut sed molestiae eius voluptas.', 'Commodi tempore voluptas aut impedit. Porro a ut odio laborum cupiditate saepe. Inventore cum similique voluptatem temporibus natus unde. Rerum ex sed dicta praesentium.', NULL, 6, 1, '1981-10-04 22:14:53', '1979-12-02 12:29:15'),
(35, 3, 'Et alias aut autem iusto quisquam doloribus aut.', 'Asperiores suscipit et qui vitae voluptatum a tenetur. Dolore ipsum voluptate amet voluptatem dolor. Minima quasi quis voluptates odit suscipit odit vero. Et nam magni voluptatem quibusdam quibusdam qui illo.', 'Nostrum asperiores optio et praesentium nihil explicabo. Earum ut nesciunt ipsa ipsa. Adipisci placeat voluptas esse harum repellendus quisquam veniam. Saepe nihil ad repellat iusto qui non molestias et.', NULL, 5, 1, '1999-12-20 22:11:32', '2002-11-11 09:15:17'),
(36, 4, 'Mollitia sed fugit molestiae reprehenderit a velit molestiae sit.', 'Animi quia veniam consequatur. Vel esse eos reprehenderit harum quis rem consequatur. Modi non libero recusandae illo minus.', 'In et sed necessitatibus perspiciatis ea iste necessitatibus. Nulla et quia repellendus itaque quae non. Doloremque illo nemo animi dolores hic. Odio deserunt et enim aut est velit amet.', NULL, 9, 0, '1996-03-09 03:29:50', '1997-05-02 09:01:02'),
(37, 5, 'Iusto iure assumenda et laboriosam dolorum corporis.', 'Exercitationem officia veniam dolores dolorem. Natus voluptas corrupti officia autem ut qui similique. Officia quod consequatur et dolorem aut impedit.', 'Nemo aut ad exercitationem deserunt pariatur culpa eum. Possimus blanditiis ut et velit recusandae a sit. Labore ipsum illum dolor veniam.', NULL, 1, 1, '1975-10-08 23:58:29', '1989-03-06 23:57:20'),
(38, 6, 'Rerum ut sit perspiciatis laudantium suscipit aut.', 'Quasi eos accusantium cumque sed commodi sed. Eos est rem odio rerum velit et.', 'Soluta tempore est quia quo ab. Aut omnis blanditiis dignissimos molestiae. Dolorem veritatis animi occaecati et velit. Voluptas minima omnis et quasi quia aperiam officiis quae.', NULL, 7, 0, '2016-07-21 18:45:23', '2018-07-11 07:56:47'),
(39, 7, 'Aut et veritatis in.', 'Est et velit in a debitis optio sit accusamus. Quisquam sit porro eum voluptas eos dolores est consequatur. Reiciendis possimus nihil natus. Quas ut pariatur eos nisi atque.', 'Autem earum quia dolorem. Et sed sint vero numquam et. Esse nobis ipsum qui animi magnam aperiam. Ut non necessitatibus non facilis illo non libero quis. Ex exercitationem et dolorem expedita quos nam.', NULL, 5, 1, '1976-05-04 04:55:52', '1997-06-01 05:06:25'),
(40, 8, 'Quas architecto asperiores accusantium aperiam corrupti recusandae et.', 'Optio omnis dolor maxime voluptas aut id suscipit. Ea est cupiditate doloribus dicta. Fuga ea rem qui non dicta distinctio dignissimos.', 'Dolorem voluptate nobis sint quia enim. Et atque hic quo nihil quaerat numquam. Vel velit numquam perspiciatis velit.', NULL, 7, 0, '2002-01-07 22:50:30', '2004-07-21 16:23:39'),
(41, 1, 'Officia sint sit consequatur voluptates quia iure.', 'Est ut quibusdam rerum dolorem deleniti eos. Nihil sed et id quaerat libero. Provident inventore quia repellat quia.', 'Dolorem necessitatibus ab nihil consequatur et. Provident iste ad non. Veritatis nesciunt repellat quia veniam.', NULL, 4, 0, '2001-05-07 03:19:58', '2003-10-07 04:17:49'),
(42, 2, 'Voluptatibus delectus aspernatur aperiam qui voluptatum aut et.', 'Voluptatum velit cum reiciendis officiis esse. Deserunt doloremque ea eaque necessitatibus eos. Qui dolorum ipsum provident repellat. Consectetur quas voluptate soluta quisquam qui mollitia.', 'Reprehenderit quisquam officia molestiae provident harum. Facere itaque ratione expedita nesciunt voluptate. Amet magnam sed natus necessitatibus qui qui. Ab voluptatem nisi qui neque voluptates. Magnam rerum delectus corporis maxime.', NULL, 2, 0, '1997-07-04 16:13:03', '2014-12-27 02:13:40'),
(43, 3, 'Dolore unde totam aut quia ipsum consectetur.', 'Culpa sint enim enim. Modi corporis vitae saepe laboriosam atque et in. Ut eius ut et voluptatem nemo.', 'Qui provident voluptates officia architecto. Soluta repellendus beatae a aut porro maiores. Nam ut est officiis corrupti iste cupiditate quis. Atque enim facilis dolor nesciunt sunt recusandae.', NULL, 8, 0, '1988-11-19 07:29:29', '2014-12-18 11:56:14'),
(44, 4, 'Et qui magnam omnis iste unde.', 'Et ut et ad. Corrupti in quo asperiores quia aliquam. Aut rerum sit ea iste suscipit veritatis dolorum. Saepe ut fugiat doloremque blanditiis nobis veritatis. Sequi tenetur mollitia veritatis esse fugiat vitae et sunt.', 'Eligendi temporibus quia nostrum hic dolorem nam. Eum sed aliquam similique qui. Vero accusamus voluptas aut ea ab. Molestias non impedit expedita labore.', NULL, 1, 1, '1993-06-28 23:11:09', '2016-12-03 13:02:43'),
(45, 5, 'Quod tempore sapiente velit est iure illum.', 'Ut eum minima et blanditiis voluptatem sit. Qui eveniet tempora nobis minus dolorum et. Nulla et aut eveniet corrupti dolores repudiandae aut. Autem aut numquam necessitatibus quis laborum consequatur.', 'Non commodi omnis nemo iure. In tempore corrupti dolorem aut esse. Distinctio quibusdam accusantium dignissimos maxime laborum rerum eum. Earum voluptatibus voluptatem error atque consequatur.', NULL, 4, 0, '1998-02-07 05:51:00', '1988-12-27 08:03:56'),
(46, 6, 'Earum nihil voluptatem eveniet animi.', 'Aut culpa animi qui excepturi iusto odio non ut. Ut qui dolor tempore placeat vitae voluptate exercitationem. Voluptatem vitae laborum molestias. Tempore et eligendi ut vel aperiam nisi et quam. Ut omnis debitis nihil et et qui.', 'Perferendis necessitatibus molestiae non ex aliquid ipsam rerum. Qui perferendis enim blanditiis corrupti. Laudantium repellat soluta totam corporis explicabo nam placeat.', NULL, 6, 0, '1973-04-15 12:27:45', '1976-05-08 21:28:43'),
(47, 7, 'Itaque explicabo quidem facere velit quam.', 'Facilis atque odio molestiae ratione veritatis. Velit nihil dolores dicta quibusdam doloribus. Minima voluptatem consequuntur et ea porro iure. Ipsa nihil laborum voluptate magni est.', 'Illum voluptas quaerat perspiciatis est blanditiis deserunt. Veniam est maxime corporis veniam minima quo. Et cupiditate aliquam deserunt rerum dolor cumque necessitatibus.', NULL, 9, 0, '2015-11-20 13:26:16', '1979-04-24 05:04:56'),
(48, 8, 'Cupiditate sed rerum amet nostrum mollitia.', 'Et cum adipisci illo impedit quisquam perferendis. Modi natus et recusandae placeat natus veniam ut qui. Aspernatur aut non iure possimus sunt. Architecto voluptate dignissimos hic sit voluptatem. Enim eum sapiente et velit sint.', 'Et et assumenda odio distinctio nobis. Ut natus tenetur voluptatem et quis quo dignissimos. Assumenda dolores sed nostrum qui facere. Nemo iure autem porro occaecati enim quae maiores.', NULL, 8, 0, '1992-04-14 04:18:00', '1983-01-06 03:58:25'),
(49, 1, 'Aut eveniet vel ut quasi ab et animi.', 'Perspiciatis consequatur repellendus incidunt vero. Officiis qui facere non qui in iure. Rem inventore aut aspernatur consequuntur doloribus dolorem eius.', 'Quasi possimus asperiores optio reiciendis qui ut enim. Voluptas deserunt harum dignissimos magnam laudantium libero. Veniam quisquam provident enim suscipit doloribus et.', NULL, 9, 1, '2013-03-28 19:40:49', '2016-12-31 21:12:01'),
(50, 2, 'Non a nulla sequi quisquam est eius numquam officiis.', 'Numquam facilis distinctio sint quo aut neque ut. Officia non eos blanditiis nobis. In eius unde occaecati.', 'Quo a sint vel voluptatibus ratione. Exercitationem eaque quia sapiente veritatis dolorem excepturi reiciendis ex. Ipsa ipsa ad animi. Quas repellendus fuga fugit autem est ipsum quod. Rerum porro impedit velit voluptatibus aut corrupti sed rerum.', NULL, 8, 1, '1978-08-16 02:21:53', '2018-08-26 02:25:14');

DROP TABLE IF EXISTS `edu_lessons_tests`;
CREATE TABLE IF NOT EXISTS `edu_lessons_tests` (
  `id` int(11) NOT NULL AUTO_INCREMENT,
  `lessons_id` int(11) DEFAULT NULL COMMENT 'Урок',
  `title` varchar(128) DEFAULT NULL COMMENT 'Название задания',
  `video` varchar(128) DEFAULT NULL COMMENT 'Видео-инструкция',
  `description` text COMMENT 'Текст задания',
  `create_date` timestamp NOT NULL DEFAULT CURRENT_TIMESTAMP COMMENT 'Дата создания',
  `update_date` timestamp NOT NULL DEFAULT CURRENT_TIMESTAMP ON UPDATE CURRENT_TIMESTAMP COMMENT 'Дата обновления',
  PRIMARY KEY (`id`),
  KEY `lessons_id_index` (`lessons_id`)
) ENGINE=InnoDB AUTO_INCREMENT=101 DEFAULT CHARSET=utf8 COMMENT='Задания к урокам';

INSERT INTO `edu_lessons_tests` (`id`, `lessons_id`, `title`, `video`, `description`, `create_date`, `update_date`) VALUES
(1, 1, 'Aspernatur id eum nisi.', 'http://hodkiewicz.net/', 'Dolorum eum ipsum aliquam et rerum non minima est. Est consequatur est aliquid incidunt quod iusto nostrum. Placeat necessitatibus qui recusandae tempora sed doloribus.', '2011-06-27 23:26:31', '1990-11-02 22:50:03'),
(2, 2, 'Itaque tempore voluptatibus occaecati quos voluptatibus.', 'http://www.hettinger.org/', 'Doloribus dolores cum voluptas facilis et. Totam eveniet ea harum at. Aut id distinctio earum hic voluptates.', '1993-03-28 11:17:34', '2007-07-08 16:20:30'),
(3, 3, 'Sed amet omnis dolor ut earum sit.', 'http://www.hudson.com/', 'Maxime quia neque voluptas velit exercitationem dolorem. Dolorem tempora deleniti hic laboriosam deleniti vel. Dolor qui asperiores corporis. Rem vel mollitia sint accusantium ut accusantium provident.', '2018-07-05 04:56:05', '1985-06-22 16:38:16'),
(4, 4, 'Saepe exercitationem itaque facere omnis.', 'http://turneroberbrunner.info/', 'Recusandae aperiam et quos sit quidem qui. Et illum id id debitis doloribus cupiditate non. Voluptas perferendis fuga voluptatem quas explicabo in ea. Ut sed voluptatem voluptatum aut quod.', '1995-01-23 07:03:55', '1989-11-03 05:33:59'),
(5, 5, 'Sed voluptas nostrum enim omnis illum et porro voluptate.', 'http://www.bergstromgraham.com/', 'Laborum vel illo nesciunt non a. Earum consequatur dolorem quia ut alias. Autem ut aperiam excepturi rerum voluptatibus. Vel at a eos doloremque nihil ut libero.', '2006-10-25 14:10:34', '2006-01-25 15:49:23'),
(6, 6, 'Et qui veniam sit hic et.', 'http://oconnellheaney.com/', 'Autem earum occaecati officiis officia. A in sequi qui repudiandae quisquam ad. Ullam non natus aut sequi corporis cupiditate qui unde.', '1983-02-01 13:17:51', '1982-11-13 01:12:53'),
(7, 7, 'Necessitatibus molestiae inventore non.', 'http://www.ankunding.net/', 'Perspiciatis et quia vero minima et qui ut. Fugiat minima nulla distinctio et veritatis quia ratione. Doloremque voluptatum perferendis facilis deserunt est ipsum.', '1998-11-02 12:30:14', '2011-04-12 07:00:31'),
(8, 8, 'Ut officiis atque reiciendis maxime et.', 'http://www.roberts.com/', 'Accusantium sed quae repellat nostrum. Debitis illum blanditiis maiores alias aut sit consequatur. Et minus omnis exercitationem aut ad. Provident vitae esse assumenda reiciendis aut aut.', '2011-04-15 03:45:03', '2010-02-15 17:09:45'),
(9, 9, 'Et error consequatur sint ut eum.', 'http://www.jaskolskirodriguez.net/', 'Et error modi quis. Quidem a adipisci est autem aut. Incidunt soluta adipisci deleniti deleniti. Voluptatibus illo dolores distinctio in aspernatur.', '1976-03-25 02:54:12', '1975-05-01 13:38:14'),
(10, 10, 'In et eos officia id ab.', 'http://rutherford.biz/', 'Quia quos commodi sint optio odio nihil facilis. Saepe culpa laboriosam aspernatur est ullam corporis magni impedit. Voluptas doloribus ipsam impedit consectetur reiciendis sint. Dolor doloribus rerum provident ut eos fugit cum. Totam eius et aut id laboriosam.', '1988-09-27 13:40:43', '2016-11-23 10:05:25'),
(11, 11, 'Sunt atque pariatur iusto quo quo.', 'http://www.conn.com/', 'Non mollitia accusamus commodi aliquid eius. Doloribus laboriosam praesentium quia facilis excepturi quo et. Ut temporibus assumenda minima laudantium. Perspiciatis aut voluptatem nulla et reprehenderit qui.', '1980-06-29 19:39:57', '1972-06-16 12:02:31'),
(12, 12, 'Nihil sit corporis aut suscipit voluptate corrupti.', 'http://www.renner.net/', 'Veniam perferendis quidem vero harum dolor rerum nostrum natus. Deleniti eum at sit incidunt rem. Dolorem et quasi dolores omnis repellat odit. Asperiores et iure accusantium.', '1976-10-24 20:50:21', '1999-01-06 14:28:13'),
(13, 13, 'Suscipit quaerat quia ut repellat.', 'http://www.lesch.net/', 'Velit vel est molestias eveniet quia. Dolorem minus esse repellat. Aliquam voluptatum nisi omnis reiciendis vel.', '1973-08-12 22:23:34', '1996-06-04 13:49:00'),
(14, 14, 'Eius tenetur et explicabo quae et sunt recusandae nam.', 'http://www.lynch.com/', 'Consequatur sunt iusto dolorum repellendus est atque. Sequi odit est dolor non aspernatur sunt ea qui. Est accusantium itaque nemo rerum aliquid officiis. Nobis odit est ut.', '2001-03-18 05:11:06', '1974-12-11 00:28:23'),
(15, 15, 'Quia neque est ea animi consequatur qui.', 'http://kozeymohr.com/', 'Aliquam et numquam quam laboriosam dolorem molestiae sunt. Qui eum omnis quo qui. Repudiandae sed rerum voluptate et sapiente. Distinctio ex omnis veritatis sunt eveniet.', '1983-08-23 12:10:13', '1994-05-19 00:06:34'),
(16, 16, 'Eum repudiandae voluptatem iste.', 'http://www.gerlach.com/', 'Culpa ea exercitationem eligendi aut debitis minus. Quam aut corporis omnis tenetur temporibus maxime. Occaecati quaerat ut asperiores corrupti a harum non vero. Totam recusandae iste occaecati delectus consequatur minima.', '2016-01-01 10:32:50', '1990-06-23 22:26:58'),
(17, 17, 'Assumenda in tempora nobis adipisci fugiat.', 'http://cummingshodkiewicz.com/', 'Veritatis velit nostrum repellendus. Voluptatum ipsa qui et laudantium a ut. Numquam illum facere voluptatem et qui.', '1976-10-24 13:44:41', '2009-07-01 12:15:47'),
(18, 18, 'Numquam ut nostrum officiis minus distinctio.', 'http://www.reinger.org/', 'Hic iusto fugiat est et iste sunt. Autem ex facere omnis omnis suscipit et.', '2010-05-03 03:02:41', '1990-05-18 16:36:45'),
(19, 19, 'Nihil tenetur odio est nihil.', 'http://www.padbergklein.com/', 'Blanditiis doloribus qui odit autem impedit. Quo aut sed enim quidem quo odio inventore. Reprehenderit voluptatum quos asperiores velit qui nihil id. Nesciunt est voluptas provident expedita velit.', '1993-03-26 06:26:18', '1995-03-02 14:01:19'),
(20, 20, 'Nihil nesciunt error veniam omnis eaque.', 'http://hahn.org/', 'Nesciunt soluta vel et sed vitae. Et aspernatur aut sapiente.', '1991-12-18 02:45:34', '1971-11-02 02:50:54'),
(21, 21, 'Commodi atque et nihil et.', 'http://www.wolff.biz/', 'Eaque vel corporis corrupti. Aut dolore accusamus ut. Id cupiditate voluptas repellat enim facere beatae ut.', '2008-06-05 18:30:45', '2010-03-20 13:09:17'),
(22, 22, 'Rerum et et ab aspernatur ut corrupti qui.', 'http://lubowitz.biz/', 'Aperiam quos ad at qui. Id corporis tempora nemo et. Illum quisquam labore quia omnis reprehenderit nesciunt odio. Et accusamus a nemo ea.', '1971-03-03 05:19:06', '1970-10-16 23:49:35'),
(23, 23, 'Eius quos et qui et autem inventore.', 'http://gislason.net/', 'Quis cupiditate exercitationem dicta facere ducimus reiciendis incidunt totam. Eum veniam esse eaque iure.', '1981-04-13 19:02:54', '1991-01-08 11:40:45'),
(24, 24, 'Atque hic veniam delectus sapiente et inventore aut.', 'http://schummswift.com/', 'Voluptate ad sequi ut enim dignissimos excepturi. Enim quasi consequatur odit debitis qui. Occaecati voluptatem perferendis numquam impedit.', '1974-03-01 00:17:28', '1976-10-10 10:07:30'),
(25, 25, 'Autem blanditiis nobis sed laudantium in voluptatem accusantium.', 'http://lang.org/', 'Ut praesentium earum facere mollitia ut quaerat aut. Reiciendis ut illo expedita in.', '1991-06-02 11:21:42', '2004-03-28 15:39:38'),
(26, 26, 'Praesentium expedita inventore atque non ipsa quia sed.', 'http://rowe.info/', 'Incidunt veniam pariatur deserunt exercitationem ratione nihil quos. Nostrum asperiores excepturi vel esse rerum fugiat.', '2015-02-28 23:16:12', '1996-08-03 09:53:53'),
(27, 27, 'Sit sed aut est velit.', 'http://dietrich.info/', 'Fuga maiores recusandae nostrum quis quidem ut. Accusamus qui qui delectus placeat dolorem. Quaerat est debitis sint unde nemo excepturi ipsam.', '2008-11-13 03:02:04', '1970-01-21 08:29:34'),
(28, 28, 'Magni vel non ab earum in corporis voluptatem.', 'http://www.mcclure.net/', 'Repudiandae odio qui blanditiis aliquam tenetur et. Debitis id ut excepturi omnis molestias autem. Eius laborum ea et repudiandae. Delectus ipsum quia molestiae at placeat.', '2011-03-18 00:26:17', '1972-03-29 13:22:41'),
(29, 29, 'Maiores exercitationem eaque porro enim aspernatur harum.', 'http://www.oreilly.com/', 'Dicta cum tenetur eos qui ducimus. Error neque iure fugiat minus odit mollitia vel. Maiores temporibus qui sunt nesciunt quis ab provident. Illo enim deserunt voluptatem quia laborum error ut.', '1984-06-17 05:26:32', '1974-03-30 14:56:22'),
(30, 30, 'Est et repellendus ipsam eos rerum aut quisquam quod.', 'http://www.mayertokon.com/', 'Dolor repellendus rerum repudiandae nisi. Aspernatur perspiciatis accusamus officiis odio voluptates quia. Ut consequatur est saepe aut. Qui assumenda qui totam ut tenetur quia sed.', '1971-10-11 11:25:59', '2011-10-24 19:45:50'),
(31, 31, 'Quas tempora fuga et dolorem quia.', 'http://www.mertzthompson.com/', 'Quae at quia voluptatibus eos occaecati est. Eum distinctio voluptatem laudantium dolorem nulla. Dolorem aliquid vel minima voluptatem.', '1977-08-03 21:10:18', '2009-10-08 21:14:12'),
(32, 32, 'Rem numquam et voluptates sunt saepe labore harum.', 'http://www.rempeljohnston.info/', 'Quo aliquam nam tenetur quia voluptate dolor quia laboriosam. Dolorem praesentium odit magnam quis sunt illum error. Praesentium reiciendis doloremque molestiae commodi quia omnis. Quod temporibus esse et. Voluptas dolores iure quaerat et aut ipsa.', '1997-03-14 10:20:06', '2012-09-30 15:23:52'),
(33, 33, 'Tempora officiis occaecati nemo illum exercitationem.', 'http://sipesbuckridge.biz/', 'Quia voluptas eos rerum odit maiores eos ad. Voluptas in dolorem et omnis sit aut quas facere. Iusto aut quis debitis eveniet porro.', '1986-06-12 06:02:01', '1973-12-28 18:14:17'),
(34, 34, 'Tenetur magni a fugiat dolores.', 'http://www.feil.com/', 'Quia amet aut temporibus aut veritatis rem maiores. Amet nulla quia et a voluptatum magnam. Voluptate sapiente quia vel explicabo quod in quia.', '1986-09-02 07:25:37', '1989-04-24 11:59:57'),
(35, 35, 'Omnis culpa sit alias ab voluptatem.', 'http://gleason.com/', 'Voluptate dolor ipsam molestias nobis rem voluptate quia. Inventore ut aut dolor similique consectetur et. Culpa et aliquam sint fuga hic rerum corrupti aut. Doloremque dolorum quo veniam unde voluptas non nobis possimus.', '2005-02-01 14:35:01', '1976-02-10 10:10:42'),
(36, 36, 'Accusantium laudantium soluta nemo sed quo ad.', 'http://hauck.com/', 'Voluptas dolorem sunt dolorem sed reprehenderit at ut. In laborum eligendi hic ipsa adipisci. Consequuntur eius mollitia quis. Cumque velit aliquam maxime modi veniam ut dignissimos.', '1989-10-29 05:34:16', '1994-09-25 14:54:00'),
(37, 37, 'Ab nostrum omnis ratione cupiditate harum tempora illum.', 'http://www.weissnat.com/', 'Voluptatem nisi dolore fugit reprehenderit. Aliquid laudantium natus ipsam. Ratione blanditiis laudantium dolor minus iure. Et ut cumque non dolorem necessitatibus est dolorum.', '2014-11-25 14:51:48', '2009-03-28 20:12:56'),
(38, 38, 'Tempora laboriosam quis minima tempore voluptatum a.', 'http://parker.com/', 'Rerum quidem qui reprehenderit quis. Suscipit nulla non accusantium qui molestias qui. Ad est voluptas dolores eius vel quis architecto. Qui corporis ad maiores enim tenetur et.', '2015-04-15 22:45:25', '1978-01-26 11:44:15'),
(39, 39, 'Et ut sequi ut veritatis minima autem.', 'http://mayert.com/', 'Quis odio tenetur est voluptatem fugiat et. Omnis consequatur labore saepe qui eius ea. Blanditiis recusandae amet velit perferendis eum distinctio quidem.', '1971-05-10 22:11:59', '1990-11-02 09:05:28'),
(40, 40, 'Harum ut quis dolor incidunt.', 'http://www.nienow.org/', 'Non molestiae non natus eligendi fuga debitis. Dolor ut ducimus perspiciatis doloremque eveniet molestiae vero vitae. Sapiente nisi natus error quas eaque sed.', '2011-11-04 04:45:19', '1998-07-09 07:27:11'),
(41, 41, 'Neque quidem expedita aspernatur.', 'http://blanda.com/', 'Unde inventore sit assumenda sit aut omnis corporis assumenda. Non ipsa et porro ut.', '2005-04-17 03:57:07', '2011-11-16 12:31:57'),
(42, 42, 'Ut est quae hic dolores aut.', 'http://www.hackett.com/', 'Quos minus qui odio qui nemo mollitia. Hic quo harum facilis aperiam consectetur sunt. Dicta laborum sunt ratione error tenetur.', '1993-06-17 10:52:28', '1972-02-14 20:06:57'),
(43, 43, 'Eaque quod et ad.', 'http://dooley.biz/', 'Et rerum commodi facere nesciunt. Est ipsa labore aut dicta est nulla. Qui dolorem harum vel aut perspiciatis ipsa aut.', '1974-03-03 11:15:38', '1976-01-04 02:29:09'),
(44, 44, 'Laboriosam eaque provident odit enim similique sed autem.', 'http://dare.com/', 'Quas cum et cupiditate qui nobis deleniti sunt inventore. Quae consectetur provident provident atque iste est fugit.', '2012-10-05 04:00:22', '2008-05-11 11:54:00'),
(45, 45, 'Quasi quia id officia facere sint ut.', 'http://www.rohanhoppe.com/', 'Alias architecto autem nam dolorem doloremque quia illum. Maxime et illum voluptates consequatur necessitatibus et dolorem. Molestiae sint molestiae et.', '1975-09-04 15:06:50', '1974-01-08 01:30:44'),
(46, 46, 'Eveniet dolor recusandae sed pariatur.', 'http://www.hoegersanford.com/', 'Occaecati ut assumenda dolorum. Nihil quod voluptatem et veritatis sint.', '2012-04-06 02:46:03', '1975-07-04 13:18:54'),
(47, 47, 'Ad recusandae ipsa exercitationem sed.', 'http://stokes.com/', 'Sit ea soluta pariatur nesciunt in voluptas. Eos dolorem repudiandae explicabo fuga vitae quisquam cumque. Aut dolorum est voluptatem.', '1978-05-07 13:11:23', '2019-05-30 08:04:21'),
(48, 48, 'Commodi et debitis repellendus aut a inventore est.', 'http://boyerzulauf.com/', 'Perspiciatis est voluptas molestiae quis qui et atque. Enim sunt quis nisi. Tempora voluptas quae rem velit. Autem hic laborum rerum ab nemo ratione dolor.', '2009-05-15 01:56:07', '1984-03-19 19:47:19'),
(49, 49, 'Reprehenderit saepe corrupti nesciunt quasi temporibus sed numquam.', 'http://armstrong.biz/', 'Iste molestias necessitatibus impedit. Omnis vitae nostrum aspernatur dolore mollitia aut voluptatem asperiores. Et distinctio molestiae deleniti et neque rerum quis facere. Quisquam totam aut et vero modi perspiciatis. Sit facere molestias dolorem distinctio quod.', '1973-05-06 10:20:56', '1972-10-06 21:46:47'),
(50, 50, 'Adipisci vel quisquam doloribus harum hic rerum et.', 'http://www.steubergreenfelder.com/', 'Temporibus dolor sed eum tempore. Iure cupiditate quis sapiente qui aut aut laboriosam. Qui aliquid inventore est. Est totam voluptate adipisci odit id qui.', '1999-03-11 13:03:02', '2000-03-12 20:54:14'),
(51, 1, 'Autem sunt maxime voluptatibus iste dolorem neque.', 'http://mosciskifeest.info/', 'Sit expedita deleniti aut quia doloremque veniam. Dolor deserunt nobis pariatur ullam aliquam. Excepturi perspiciatis beatae beatae dolorem. Nulla commodi harum molestiae sit ut nemo.', '1999-01-26 12:50:52', '2005-11-09 03:45:13'),
(52, 2, 'Ullam pariatur id quae laborum corrupti et.', 'http://dickinsonhessel.com/', 'Eos qui quisquam dicta est. Asperiores sit rerum cum. Aspernatur est porro ut nobis.', '1974-08-05 20:28:32', '1978-11-11 11:22:40'),
(53, 3, 'Consequatur aut dolores quas laboriosam quisquam error eos.', 'http://pourosmcglynn.info/', 'Praesentium pariatur in molestiae doloribus. Dolores magni ea neque dolor debitis fugit aspernatur. Velit vero sit et nihil et mollitia delectus. Sequi eos voluptate porro odit at rem.', '1989-06-20 17:22:27', '1978-03-30 05:46:41'),
(54, 4, 'Est omnis sed ipsum sint et delectus sunt.', 'http://smitham.biz/', 'Ut optio sed ex dolor totam optio. Voluptas libero voluptates et nesciunt quo quam unde. Ut ad voluptatem et distinctio iure nesciunt maiores animi. Harum sint quidem et aut. Quo inventore odit deserunt optio.', '2017-06-12 06:37:09', '2006-03-04 12:05:40'),
(55, 5, 'Impedit minima unde voluptas aliquam rem dignissimos et sit.', 'http://schillerstreich.com/', 'Id sed fugit iusto. Eveniet id recusandae eum ut deserunt quia autem. Inventore odit veritatis magnam est inventore voluptatem. Reiciendis vel facere sequi nulla.', '2015-12-28 15:25:55', '2013-04-10 10:04:28'),
(56, 6, 'Veritatis distinctio quibusdam in provident ab natus qui.', 'http://www.mclaughlin.com/', 'Et laborum est voluptatem praesentium dolor veritatis voluptates. Eligendi hic eveniet recusandae. Id ea id sunt.', '1997-05-09 06:34:14', '1986-06-04 03:28:45'),
(57, 7, 'Ut cupiditate officia dicta suscipit.', 'http://www.erdman.com/', 'Eligendi fugit tempore iusto suscipit dolores eveniet asperiores corporis. Debitis totam et iusto harum. Architecto maxime est veniam cupiditate. At est ut nisi officia ipsa consequatur.', '2019-07-02 10:29:11', '1984-01-20 23:28:11'),
(58, 8, 'Iste nihil aut minima facilis molestias quae.', 'http://www.faywill.com/', 'Perferendis odio nulla aut quod dicta nemo quia sapiente. Ad harum autem consectetur consequatur aut.', '1983-07-16 15:52:19', '2016-09-01 01:03:40'),
(59, 9, 'Debitis alias quidem quibusdam cupiditate non.', 'http://heaney.com/', 'Officia repellendus exercitationem incidunt qui dolorem blanditiis ducimus. Odit laudantium asperiores quis odio praesentium cum. Dolores et nesciunt dolorum veniam consequatur.', '1971-10-31 03:17:54', '2009-12-06 11:09:53'),
(60, 10, 'Quia dicta sit voluptas voluptate in veritatis.', 'http://www.fisherschulist.com/', 'Consequuntur dolor et et ex veritatis. Rerum iusto ipsam eaque sed. Qui illo earum praesentium ducimus dolores rerum iure.', '1985-04-28 13:19:38', '1995-05-11 13:07:24'),
(61, 11, 'Temporibus officiis molestiae itaque quos molestias.', 'http://www.wolf.com/', 'Qui enim cum cumque ducimus. Quisquam quisquam sapiente nisi quis. Explicabo reiciendis voluptatum adipisci nemo delectus. Et illo modi repudiandae quam.', '1974-08-21 00:57:52', '2009-07-13 17:21:48'),
(62, 12, 'Vel consequatur incidunt reprehenderit rerum in aliquam.', 'http://white.com/', 'Cum voluptates nulla doloribus voluptatem nostrum distinctio voluptates amet. Qui sed ut doloribus ipsa. Enim nihil asperiores tempora molestiae. Soluta blanditiis alias voluptatum non laborum quasi id.', '1977-05-08 05:07:18', '2003-02-02 16:13:41'),
(63, 13, 'Praesentium dicta blanditiis ad.', 'http://www.ricesimonis.net/', 'Amet doloribus sed et rerum accusamus non. Temporibus omnis excepturi doloremque expedita et et ut. Dolorem molestiae et earum quaerat cum.', '1983-01-28 16:07:04', '1979-01-05 13:35:37'),
(64, 14, 'Sint reiciendis architecto labore.', 'http://www.boyer.net/', 'Ut et tenetur voluptate est quisquam quasi. Architecto quis temporibus expedita saepe odio. Molestiae voluptatem culpa vero quasi rerum.', '1987-12-13 07:45:53', '2011-11-03 00:58:43'),
(65, 15, 'Aut aspernatur nostrum hic.', 'http://okuneva.com/', 'Non impedit consequatur quam ut enim voluptate vel. Sequi reprehenderit ut voluptatem ab debitis qui. Iste recusandae aut qui sit quia sint. Aspernatur aliquam autem asperiores repellat est possimus suscipit. Id molestiae et ipsam ad natus qui dolorem.', '1973-03-04 12:50:15', '2013-06-16 18:53:03'),
(66, 16, 'Ad autem et autem vel.', 'http://reynoldsdeckow.org/', 'Doloribus aliquam architecto optio iste. In mollitia mollitia ab ad incidunt maxime sed. Voluptatem est vel ut aliquam sint rerum.', '1980-01-02 00:46:37', '2019-05-10 17:55:13'),
(67, 17, 'Aliquam et rerum enim expedita minus dolorem a.', 'http://olson.com/', 'Atque occaecati at nam tempora aut. Distinctio ipsa nulla necessitatibus et exercitationem et eveniet. Rerum velit illum quis amet sunt possimus nemo. Eos facilis est esse temporibus deserunt voluptatibus.', '2012-07-27 19:39:01', '2013-10-05 06:57:09'),
(68, 18, 'Modi atque dolores maxime.', 'http://www.abshire.com/', 'Omnis possimus quae aut autem dolor exercitationem accusantium quia. Fugiat totam esse nulla. Velit reiciendis dolores fugiat numquam aut autem maiores. Sunt ipsa quasi sint.', '2014-07-20 18:58:07', '2004-04-19 23:30:13'),
(69, 19, 'Et esse aut a repellat deserunt voluptas totam.', 'http://www.gerhold.biz/', 'Quisquam ipsum cumque rerum quidem omnis quaerat. Qui aperiam est mollitia qui rerum. Vel cumque qui vero commodi eum expedita aut. Iure beatae esse fuga sed numquam reiciendis labore.', '1982-06-25 18:37:54', '2017-11-28 05:32:31'),
(70, 20, 'Dolor pariatur nesciunt sunt nobis eveniet magnam.', 'http://klein.com/', 'Dignissimos veritatis molestias quo delectus. Sequi et nesciunt aperiam aperiam necessitatibus. Et accusantium omnis voluptatum. Quia at minima adipisci voluptatem velit minima. Cupiditate quibusdam nisi ut et nihil sit.', '1998-09-04 05:11:47', '1977-07-25 04:02:37'),
(71, 21, 'Rerum repudiandae labore quia sunt iusto blanditiis suscipit.', 'http://dare.com/', 'Eius rerum voluptatem molestiae iste. Sit omnis neque eum consequatur. Qui ipsa velit libero enim quaerat enim esse. Minus molestiae perspiciatis quasi beatae aut.', '1971-12-09 18:16:09', '1974-01-11 21:18:44'),
(72, 22, 'Possimus et tempora perferendis at maxime.', 'http://www.franeckismitham.com/', 'Atque amet vitae voluptatibus. Vel dignissimos commodi modi. Cum doloribus quas labore sunt debitis voluptas.', '1974-01-31 15:39:37', '2019-03-09 18:41:26'),
(73, 23, 'Rerum voluptates et incidunt.', 'http://trantow.info/', 'Ut velit commodi earum commodi. Consequatur ipsam adipisci veniam ut voluptatem odio. Iure possimus earum in iusto neque.', '1981-05-13 21:45:00', '2015-09-07 22:17:28'),
(74, 24, 'Voluptates consequatur molestiae doloribus officiis et minima et eos.', 'http://goldnerpurdy.info/', 'Similique suscipit repellendus placeat quo quam. Vitae quidem dolore exercitationem modi. Nihil laborum adipisci et aliquid repellendus nemo.', '1971-06-11 05:30:03', '2018-12-15 16:35:57'),
(75, 25, 'Optio officia explicabo doloremque.', 'http://www.nitzschedooley.biz/', 'Eius hic culpa sit praesentium necessitatibus dolores voluptatem. Facere ducimus quasi excepturi sed quas. Eum commodi odit non eum minus velit ipsam. Soluta dolore qui voluptate consequuntur. Assumenda neque quia beatae.', '1975-09-29 14:42:35', '1986-02-06 18:31:04'),
(76, 26, 'Aut eum harum mollitia aut ut dolores.', 'http://www.marquardtdeckow.com/', 'Veritatis enim voluptatem qui est voluptatem sed aliquid. Et pariatur enim fugiat dolore necessitatibus veritatis vitae. A aut laboriosam soluta nesciunt et totam voluptatem. Magni alias id est.', '1971-02-25 05:01:09', '2019-05-15 02:22:36'),
(77, 27, 'Laboriosam unde unde modi neque.', 'http://www.hesselflatley.org/', 'Ducimus est architecto quibusdam numquam dolorum. Eaque quis officia qui alias repellat aliquid unde.', '1986-07-29 18:03:26', '2005-08-06 20:12:56'),
(78, 28, 'Harum aut ut porro alias non.', 'http://marks.com/', 'Eaque eveniet repellat dicta excepturi necessitatibus. Cumque repellat perspiciatis iusto et odit ut error laboriosam.', '2008-02-23 20:20:56', '1982-10-04 03:32:41'),
(79, 29, 'Tenetur exercitationem repellat accusamus et ea earum.', 'http://mosciski.com/', 'Amet iure provident provident sunt voluptatem dicta ab. Facilis recusandae nulla voluptatem minima laborum.', '1976-08-06 15:59:12', '2000-02-19 19:04:23'),
(80, 30, 'Ut perferendis consequuntur cupiditate nulla cum.', 'http://hammesaufderhar.com/', 'Rem impedit eum eos vero in omnis recusandae. Soluta aut optio sequi. Cumque et et asperiores praesentium recusandae voluptate autem. Cupiditate et animi dolor est.', '2001-05-21 15:56:54', '2014-02-02 12:32:44'),
(81, 31, 'Consequuntur reprehenderit est mollitia ea alias et consequatur ea.', 'http://www.bechtelar.net/', 'Saepe ratione dolorum doloribus. Dolorem nostrum assumenda quisquam fugiat placeat neque facilis. Vitae molestias accusantium magni hic aut hic.', '1990-12-25 14:40:02', '1993-10-06 12:48:28'),
(82, 32, 'Est voluptatibus illo molestiae distinctio saepe eum totam.', 'http://www.graham.info/', 'Dolor aut soluta ad reprehenderit. Perspiciatis voluptates ea dolor nihil ratione asperiores adipisci ut. Error in molestiae suscipit totam.', '2020-01-28 17:36:55', '1989-12-28 13:27:40'),
(83, 33, 'Nulla sit doloremque ut odio sit.', 'http://www.blanda.com/', 'Omnis sequi perferendis cumque iste. Vero fuga molestias quia veniam quod dolorum sed. Est deleniti nam necessitatibus asperiores ipsa. Maxime in rerum et repellat tempora perferendis. Quam dolores veniam sit quia ad qui voluptate.', '1985-03-23 07:14:56', '1979-02-04 19:25:10'),
(84, 34, 'Vero veritatis voluptas magnam rerum voluptatem est libero.', 'http://gislasondenesik.com/', 'Nam ab ut dolorum aliquam dolorem labore eos accusamus. Aperiam corporis a doloribus qui pariatur sunt. Rerum eum enim rerum est a.', '2008-03-23 11:41:46', '2009-04-28 16:26:53'),
(85, 35, 'Et dicta odio pariatur dolor.', 'http://lindgren.com/', 'Repudiandae sit modi architecto minus omnis omnis. Nihil vel et fuga. Tenetur ea voluptates optio in iure recusandae.', '1990-11-02 06:49:18', '1992-08-09 21:55:27'),
(86, 36, 'Delectus a voluptatum ut dolore neque.', 'http://www.funkjerde.com/', 'Quasi doloremque est in dolore doloribus. Vitae quia doloribus vitae quis consectetur officia sunt. Qui cupiditate nihil nisi omnis harum fuga id.', '1994-12-03 04:26:31', '2009-02-18 15:16:37'),
(87, 37, 'Consequatur alias laborum ut occaecati qui laboriosam enim.', 'http://www.marquardt.com/', 'Voluptates officiis exercitationem laudantium qui ipsam. Eos recusandae illo ut quia. Exercitationem et non aliquam cupiditate quis et unde.', '2018-07-07 09:46:56', '2012-06-14 03:42:05'),
(88, 38, 'Sit nobis vero accusantium nihil nemo sunt corrupti ducimus.', 'http://www.lebsack.info/', 'Est iste enim sapiente velit tenetur voluptate voluptatum. Nulla est quis magnam doloribus. Voluptate asperiores odit repudiandae quia. Odit aliquid et nihil rerum est.', '2012-12-22 05:32:32', '2008-08-24 22:08:13'),
(89, 39, 'Reiciendis magni et eius eum illum voluptatem.', 'http://www.durganupton.com/', 'Vero ea rem earum autem aut deleniti. Molestiae rerum harum numquam veritatis ipsa. Aut minima molestias doloremque aut sunt. Quo vitae ducimus qui fuga quia dignissimos.', '1973-01-25 20:17:08', '2002-12-20 21:06:51'),
(90, 40, 'Aspernatur fugiat explicabo eum unde magnam.', 'http://rolfson.biz/', 'Sit rem suscipit accusantium molestiae. Reiciendis facilis eos quaerat nam iste eos. Perferendis quam id vero mollitia a.', '2005-09-17 07:40:11', '1999-05-22 07:33:37'),
(91, 41, 'Porro rerum est at harum maxime doloremque ab quia.', 'http://haagchamplin.com/', 'Officia illum suscipit perferendis voluptatibus temporibus mollitia. Dolores est omnis sequi molestiae nostrum. Error repellat omnis est qui quasi sunt. Possimus ratione aut quibusdam nesciunt sit molestias est.', '2001-03-24 18:44:20', '1973-08-07 21:50:12'),
(92, 42, 'Quis nobis voluptas molestias laborum inventore quia aut sunt.', 'http://www.carter.com/', 'Debitis aut nam dolore at consectetur reprehenderit facere. At et sit sunt rerum dicta excepturi. Consequatur soluta consequatur accusamus atque soluta sunt. Eos animi voluptas saepe qui sunt natus.', '1975-12-30 17:49:56', '1982-03-27 06:47:23'),
(93, 43, 'In voluptates in nihil quia eum voluptate.', 'http://www.ratke.org/', 'Voluptas fugiat porro autem voluptatibus explicabo non alias. Voluptate in dolor et quo magni molestiae. Velit neque dolores ut voluptatem id sed odit non.', '2002-10-08 08:24:46', '1973-11-19 00:17:43'),
(94, 44, 'Blanditiis voluptatem qui accusantium vel eius iusto.', 'http://www.grimes.com/', 'In aliquid deserunt voluptas rem quo porro quas. Animi omnis distinctio animi est. Tenetur qui sed officia et sit. Facere hic dolores eos praesentium eius.', '1976-05-27 12:44:34', '1998-04-17 04:01:33'),
(95, 45, 'Quos et minima nesciunt molestiae.', 'http://stracke.com/', 'Maxime dolores fugit optio aut voluptas. Deleniti beatae vel suscipit nihil numquam autem. Quam animi qui ut magnam aut voluptas.', '1981-05-03 00:38:30', '2012-04-06 03:15:02'),
(96, 46, 'Sunt vel ipsum quam facilis occaecati et molestiae.', 'http://kovacekbrown.com/', 'Quas deleniti voluptatum similique et aut dolorem animi. Dignissimos ad rerum est cupiditate sit et nisi. Reiciendis et sed maxime quos vel placeat.', '1980-06-28 01:22:41', '2019-08-23 08:25:29'),
(97, 47, 'Sit dicta distinctio omnis nesciunt deleniti nostrum qui.', 'http://monahan.org/', 'Quia sed aliquam est quas repellendus. Adipisci aut excepturi asperiores recusandae qui nam ad unde. Quia voluptatum sint aut est eos harum quasi.', '2012-08-22 13:44:14', '1990-07-10 01:19:45'),
(98, 48, 'Est atque vitae non animi.', 'http://www.schimmellowe.org/', 'Ut voluptas asperiores architecto molestiae. Sed earum nulla sapiente architecto. Sapiente voluptatibus facere quidem voluptatem et consectetur.', '1998-10-04 02:40:42', '1971-03-12 13:14:17'),
(99, 49, 'Magni nihil voluptatem aut deleniti consequatur.', 'http://www.larkinblanda.net/', 'Ex autem atque dolorem eveniet officiis dolorem corrupti. Alias voluptatem aliquam reiciendis non labore sint et. Soluta magni harum fugiat.', '1996-09-10 08:22:12', '2015-03-19 01:31:42'),
(100, 50, 'Dolor assumenda labore minus ut rerum impedit quaerat.', 'http://lehnerpfeffer.info/', 'Velit magnam autem cupiditate eius non ducimus dolore. Sed sed eaque nulla earum. Nemo ut consequatur quos dolorem. Alias similique non voluptate labore reprehenderit aliquam.', '1989-02-28 08:09:45', '1977-07-14 13:19:25');

DROP TABLE IF EXISTS `edu_modules`;
CREATE TABLE IF NOT EXISTS `edu_modules` (
  `id` int(11) NOT NULL AUTO_INCREMENT,
  `tests_id` int(11) DEFAULT NULL,
  `title` varchar(255) DEFAULT NULL COMMENT 'Название модуля',
  `description` text COMMENT 'Описание модуля',
  `image` varchar(128) DEFAULT NULL COMMENT 'Обложка',
  `is_active` smallint(1) DEFAULT '0' COMMENT 'Статус',
  `create_date` timestamp NOT NULL DEFAULT CURRENT_TIMESTAMP COMMENT 'Дата создания',
  `update_date` timestamp NOT NULL DEFAULT CURRENT_TIMESTAMP ON UPDATE CURRENT_TIMESTAMP COMMENT 'Дата обновления',
  PRIMARY KEY (`id`),
  KEY `is_active_index` (`is_active`),
  KEY `tests_id_index` (`tests_id`)
) ENGINE=InnoDB AUTO_INCREMENT=5 DEFAULT CHARSET=utf8 COMMENT='Модуль/Набор курсов';

INSERT INTO `edu_modules` (`id`, `tests_id`, `title`, `description`, `image`, `is_active`, `create_date`, `update_date`) VALUES
(1, 1, 'Autem corrupti consequuntur labore ipsum laboriosam inventore et.', 'Ullam nesciunt vero eaque autem vel dolorum officia. Aut et placeat quia animi nesciunt ut et ipsum. Qui eveniet qui hic voluptas perferendis adipisci optio.', NULL, 1, '1990-09-24 21:46:08', '2013-02-10 13:16:35'),
(2, 2, 'Ipsa doloremque dignissimos culpa.', 'Et iusto voluptas laboriosam quia. Molestiae quos maiores sequi et rerum officia. Blanditiis occaecati ratione ullam aperiam. Est voluptatibus explicabo suscipit.', NULL, 1, '2008-02-21 05:46:45', '2015-08-29 07:40:36'),
(3, 3, 'Non quos consequatur quibusdam eligendi et provident numquam.', 'Minus qui voluptas aperiam. Earum qui maxime ipsa sapiente nobis voluptatem. Libero animi facere porro rem mollitia autem voluptatem. Non accusantium hic soluta.', NULL, 0, '1989-01-02 01:04:23', '1989-04-30 07:53:38'),
(4, 4, 'Similique earum sit eos aut.', 'Hic harum distinctio assumenda recusandae quis vel et. Ut placeat aliquam animi molestias.', NULL, 1, '1989-04-20 18:53:06', '1982-10-24 23:07:29');

DROP TABLE IF EXISTS `profile`;
CREATE TABLE IF NOT EXISTS `profile` (
  `user_id` int(11) NOT NULL,
  `first_name` varchar(64) DEFAULT NULL COMMENT 'Имя',
  `last_name` varchar(64) DEFAULT NULL COMMENT 'Фамилия',
  `birthday` date DEFAULT NULL COMMENT 'Дата рождения',
  `phone` varchar(32) DEFAULT NULL COMMENT 'Телефон',
  UNIQUE KEY `user_id` (`user_id`),
  KEY `user_id_2` (`user_id`)
) ENGINE=InnoDB DEFAULT CHARSET=utf8 COMMENT='Данные пользователей';

INSERT INTO `profile` (`user_id`, `first_name`, `last_name`, `birthday`, `phone`) VALUES
(1, 'Maudie', 'Dare', '2013-10-09', '797-873-6659'),
(2, 'Harvey', 'Yundt', '2003-03-12', '04474962945'),
(3, 'Tatyana', 'Farrell', '1974-05-18', '338.122.7654x843'),
(4, 'Marilou', 'Wiza', '2005-03-23', '843-149-4435x7562'),
(5, 'Malachi', 'McKenzie', '2006-03-24', '134-483-3745'),
(6, 'Brianne', 'Kling', '1983-02-22', '1-748-416-3588'),
(7, 'Nathaniel', 'Lubowitz', '1988-08-21', '151-556-8822x471'),
(8, 'Ayla', 'Stark', '1985-10-19', '(764)338-1177x33764'),
(9, 'Dereck', 'Mraz', '1996-05-23', '+27(5)3853248447'),
(10, 'Yasmin', 'Schmidt', '1993-07-29', '05085437822'),
(11, 'Alvera', 'Welch', '1992-02-01', '06940731273'),
(12, 'Mollie', 'Torphy', '1996-11-08', '(502)199-5718'),
(13, 'Doyle', 'Thompson', '1974-12-14', '501-264-4181x22637'),
(14, 'Noble', 'Skiles', '1971-07-17', '1-694-031-8031'),
(15, 'Diana', 'Borer', '2010-03-27', '616.492.0701x286'),
(16, 'Melba', 'Williamson', '1981-08-30', '1-896-709-5770'),
(17, 'Davonte', 'Schaefer', '1980-03-23', '(215)429-4925'),
(18, 'Gwendolyn', 'Emmerich', '2002-12-12', '+93(3)8239804431'),
(19, 'Eryn', 'Larson', '1983-08-25', '573.374.2770x58765'),
(20, 'Eladio', 'Ullrich', '2017-09-03', '358.065.8704'),
(21, 'Bo', 'Huels', '1973-01-28', '730-393-5743x81590'),
(22, 'Shaniya', 'Kilback', '2015-11-09', '08626974590'),
(23, 'Arne', 'Nicolas', '1988-02-08', '486-447-6019x9112'),
(24, 'Shania', 'Ankunding', '2012-05-31', '389-898-2118x14523'),
(25, 'Conrad', 'Hoeger', '1976-10-21', '+89(5)9116877019'),
(26, 'Noe', 'Heller', '2012-09-24', '099.856.5686x393'),
(27, 'Pablo', 'Conroy', '1980-07-23', '+75(1)0888436511'),
(28, 'Marisa', 'Treutel', '1992-03-24', '460.519.4587x2815'),
(29, 'Gaylord', 'Hahn', '2003-08-01', '(429)405-9238x80197'),
(30, 'Jedediah', 'Jerde', '2007-12-01', '(974)314-4828x194'),
(31, 'Candido', 'Anderson', '1983-05-05', '579-757-8774x522'),
(32, 'Clara', 'Borer', '1992-05-17', '1-404-789-7073x888'),
(33, 'Harold', 'Hickle', '1988-09-22', '+32(2)4696772688'),
(34, 'Horacio', 'Zulauf', '2019-05-02', '+19(4)4368973717'),
(35, 'Gennaro', 'McGlynn', '1997-09-25', '1-810-665-7621x467'),
(36, 'Sienna', 'Nader', '1980-08-06', '566-152-6807'),
(37, 'Pattie', 'Klein', '1971-11-25', '1-857-541-1047x761'),
(38, 'Dayne', 'Moen', '1985-02-15', '1-668-264-8995x03852'),
(39, 'Bernadette', 'Keeling', '1996-04-23', '1-495-765-4744'),
(40, 'Kayden', 'Prohaska', '2008-11-13', '1-843-794-7644x040'),
(41, 'Leann', 'Cronin', '2013-09-18', '(238)881-0143x1205'),
(42, 'Serenity', 'Tillman', '2002-03-25', '471-692-0190x105'),
(43, 'Tabitha', 'DuBuque', '1978-09-10', '(259)725-6590'),
(44, 'Taylor', 'Lehner', '1979-05-06', '+48(5)3205204695'),
(45, 'Derrick', 'Ryan', '2015-03-02', '(659)064-7568x482'),
(46, 'Charley', 'Powlowski', '1984-04-02', '1-065-818-3721x8716'),
(47, 'Dahlia', 'Jones', '1996-03-20', '371.394.2124x83980'),
(48, 'Hanna', 'Hessel', '1978-07-12', '473-060-5446'),
(49, 'Dayne', 'Stokes', '2015-08-27', '656.928.1632'),
(50, 'Nadia', 'Schultz', '1992-10-12', '(822)676-4315x749'),
(51, 'Johathan', 'Wehner', '2005-06-22', '(273)054-3217'),
(52, 'Elza', 'Beahan', '2018-08-30', '06661074062'),
(53, 'Chasity', 'Boyer', '2012-10-07', '1-683-705-2373'),
(54, 'Winona', 'Muller', '2013-06-20', '1-840-493-4132'),
(55, 'Javier', 'Greenholt', '2004-09-01', '(727)838-9092'),
(56, 'Narciso', 'Cartwright', '2002-12-26', '355-549-9872'),
(57, 'Elvie', 'Champlin', '2009-02-26', '+32(6)7945874153'),
(58, 'Elsie', 'Murphy', '1987-01-19', '1-130-290-7693x3910'),
(59, 'Joan', 'Bashirian', '1979-05-02', '1-920-111-4058'),
(60, 'Jacquelyn', 'Nader', '2014-10-18', '1-189-020-2624'),
(61, 'Kendra', 'Howell', '1991-03-30', '952.031.3135'),
(62, 'Aurelia', 'Bechtelar', '2012-09-19', '(742)639-5963'),
(63, 'Dora', 'Goyette', '2015-06-26', '076-795-0769'),
(64, 'Brendon', 'Hettinger', '2001-01-08', '(591)425-7664x05877'),
(65, 'Johnpaul', 'Haag', '2009-05-12', '1-178-428-5784'),
(66, 'Randi', 'Mohr', '1995-05-13', '1-072-707-6635'),
(67, 'Macey', 'Beer', '2019-08-27', '06872937191'),
(68, 'Roy', 'Beahan', '2002-06-07', '(375)731-6020'),
(69, 'Marlon', 'Wintheiser', '1979-01-12', '589.564.7494x134'),
(70, 'Jaren', 'Boehm', '2009-07-17', '1-796-519-9305'),
(71, 'Ara', 'Fahey', '1983-02-26', '772.808.9332x519'),
(72, 'Chad', 'Runolfsson', '1992-01-20', '01270873775'),
(73, 'Kolby', 'Botsford', '2005-02-07', '1-842-221-4739x124'),
(74, 'Kimberly', 'Moen', '1975-01-08', '262-993-6457x73497'),
(75, 'Arvid', 'Kohler', '1997-01-12', '1-563-045-1137x2713'),
(76, 'Cathryn', 'Miller', '1980-08-29', '+00(7)1800761135'),
(77, 'Aiden', 'Watsica', '1980-10-30', '869-045-4678x54330'),
(78, 'Colton', 'Macejkovic', '2013-12-09', '745.231.9737'),
(79, 'Jane', 'Mayert', '1976-03-23', '180.954.8623x984'),
(80, 'Keith', 'Witting', '2004-03-11', '1-335-809-8639x5887'),
(81, 'Angie', 'Denesik', '1971-05-21', '(658)428-5523x1139'),
(82, 'Layne', 'Towne', '1994-06-27', '(130)507-3766x16125'),
(83, 'Loy', 'Ullrich', '2006-12-13', '528-467-4100x7939'),
(84, 'Tracy', 'Predovic', '1974-12-24', '540.389.6639x26555'),
(85, 'Kattie', 'Frami', '2001-09-20', '541.745.3275'),
(86, 'Jonatan', 'Boehm', '1979-12-22', '525.413.6505x66067'),
(87, 'Ardith', 'McKenzie', '2013-03-28', '07779004453'),
(88, 'Mayra', 'Funk', '1985-11-26', '1-289-675-2645x13257'),
(89, 'Florencio', 'Ratke', '1989-11-12', '099.533.3673x13474'),
(90, 'Eleonore', 'Hamill', '1994-04-25', '106.238.4736'),
(91, 'Johann', 'Boyer', '1991-06-16', '(573)570-1211x5683'),
(92, 'Dorcas', 'Schaefer', '2009-11-08', '(992)325-1791x843'),
(93, 'Dillon', 'Little', '1983-10-08', '710.369.6381x81527'),
(94, 'Megane', 'Bayer', '2004-02-25', '(593)607-5800'),
(95, 'Robert', 'Hilpert', '1988-03-14', '(801)523-3277x09332'),
(96, 'Nadia', 'McClure', '2004-10-07', '703.877.8301'),
(97, 'Orrin', 'Senger', '2000-11-06', '019-374-7451'),
(98, 'Mozell', 'Toy', '1989-04-06', '00718002140'),
(99, 'Retha', 'Braun', '2013-05-24', '015-070-8864x020'),
(100, 'Kendra', 'Jacobson', '1977-09-12', '527.686.4313');
DROP VIEW IF EXISTS `studying_proccess_view`;
CREATE TABLE IF NOT EXISTS `studying_proccess_view` (
`users_id` int(11)
,`modules_id` int(11)
,`modules_status` smallint(1)
,`courses_id` int(11)
,`courses_status` smallint(1)
,`lessons_id` int(11)
,`start_date` timestamp
,`lessons_status` smallint(1)
,`tests_id` int(11)
,`description` varchar(255)
);

DROP TABLE IF EXISTS `tests`;
CREATE TABLE IF NOT EXISTS `tests` (
  `id` int(11) NOT NULL AUTO_INCREMENT,
  `title` varchar(128) DEFAULT NULL COMMENT 'Название теста',
  `short_description` varchar(255) DEFAULT NULL COMMENT 'Короткое описание',
  `description` text COMMENT 'Описание теста',
  `is_active` smallint(1) DEFAULT '0' COMMENT 'Статус',
  `create_date` timestamp NOT NULL DEFAULT CURRENT_TIMESTAMP COMMENT 'Дата создания',
  `update_date` timestamp NOT NULL DEFAULT CURRENT_TIMESTAMP ON UPDATE CURRENT_TIMESTAMP COMMENT 'Дата обновления',
  PRIMARY KEY (`id`),
  KEY `is_active_index` (`is_active`)
) ENGINE=InnoDB AUTO_INCREMENT=6 DEFAULT CHARSET=utf8 COMMENT='Тесты';

INSERT INTO `tests` (`id`, `title`, `short_description`, `description`, `is_active`, `create_date`, `update_date`) VALUES
(1, 'Id ducimus unde ex nesciunt et et harum.', 'Voluptate eum sed voluptatem magnam. Placeat molestiae et rerum id occaecati. Aperiam cum placeat modi aut. Tempora voluptas aliquid et autem.', 'Vel dolor facilis adipisci tenetur voluptatum quod. Non quaerat id dicta dicta. Vel enim tempore id fugit ut.', 1, '2012-09-22 05:21:43', '1987-05-05 11:36:27'),
(2, 'Aperiam deserunt quae ut et.', 'Placeat veritatis inventore asperiores vitae sint voluptas. Facere et est doloribus sint modi. Expedita eligendi non molestiae est quia incidunt in.', 'Ut alias nostrum non ut accusantium asperiores. Sed qui molestiae non sequi laborum quidem magni. Rerum sunt eaque et. Unde nemo in ea sunt sint saepe sint.', 0, '1995-11-13 08:22:41', '1973-10-16 19:43:41'),
(3, 'Commodi aut mollitia in tempora eligendi pariatur.', 'Repudiandae id quia facere labore sed quos. Architecto nobis fugit sequi aut earum eum. Neque voluptatem quasi voluptate quia et dignissimos facilis nesciunt. Aut et enim nesciunt inventore quo.', 'Labore dicta reprehenderit corrupti ea voluptatem. Voluptatibus quidem quo rerum. Consequatur ipsam consequatur repellendus rerum illum. Nostrum modi illum mollitia earum sint magni omnis.', 0, '1980-01-11 13:36:51', '2011-01-06 08:32:04'),
(4, 'Ea est quisquam non et consequatur.', 'Quia laborum est ab non. Sed perferendis molestiae totam culpa non aut omnis. Quibusdam dignissimos consequatur facere alias sint veniam eveniet.', 'Sed sed quia inventore asperiores est ut. Quo commodi laudantium ut ipsum aut velit. Maiores molestias architecto ad et eos aut.', 1, '1985-02-20 02:24:01', '1978-03-06 17:29:03'),
(5, 'Veritatis est omnis laborum dolores atque.', 'Nisi quo culpa in aut recusandae. Sed sequi dolor officiis ea. Assumenda vero ipsum veritatis voluptates vel optio provident. Beatae non magni soluta est.', 'Delectus ut commodi et vitae quas sint asperiores consequatur. Eum veritatis consequatur asperiores quis. Quia qui veritatis sequi eveniet sapiente rerum. Ex quo distinctio saepe iusto.', 1, '2004-05-23 03:45:56', '1999-12-08 05:53:52');

DROP TABLE IF EXISTS `tests_questions`;
CREATE TABLE IF NOT EXISTS `tests_questions` (
  `id` int(11) NOT NULL AUTO_INCREMENT,
  `test_id` int(11) DEFAULT NULL COMMENT 'Тест',
  `title` varchar(255) DEFAULT NULL COMMENT 'Вопрос',
  `is_active` smallint(6) DEFAULT '0' COMMENT 'Статус',
  `create_date` timestamp NULL DEFAULT CURRENT_TIMESTAMP COMMENT 'Дата создания',
  `update_date` timestamp NULL DEFAULT CURRENT_TIMESTAMP ON UPDATE CURRENT_TIMESTAMP COMMENT 'Дата обновления',
  PRIMARY KEY (`id`),
  KEY `test_id` (`test_id`),
  KEY `active` (`is_active`)
) ENGINE=InnoDB AUTO_INCREMENT=51 DEFAULT CHARSET=utf8 COMMENT='Вопросы к тестам';

INSERT INTO `tests_questions` (`id`, `test_id`, `title`, `is_active`, `create_date`, `update_date`) VALUES
(1, 1, 'Qui aut dolor voluptatibus eligendi aut expedita ut.', 0, '1996-07-03 23:43:40', '2003-05-25 00:41:25'),
(2, 2, 'Sed dolores quis et.', 0, '2016-06-07 16:25:51', '1970-11-11 02:33:47'),
(3, 3, 'Eveniet ab quisquam sed quas.', 1, '1976-06-07 15:41:32', '1970-05-01 20:28:54'),
(4, 4, 'Ratione praesentium eligendi est deleniti quas molestias.', 1, '1970-04-28 23:38:52', '1980-09-03 20:07:23'),
(5, 5, 'Veritatis magni et nostrum voluptas et ea aperiam.', 1, '2018-12-05 07:09:43', '1995-05-20 16:24:24'),
(6, 1, 'Et maxime esse unde temporibus.', 1, '1981-05-31 04:43:50', '2000-01-15 20:23:52'),
(7, 2, 'Quaerat commodi alias adipisci rem.', 0, '2010-02-07 01:11:43', '2014-11-21 21:59:18'),
(8, 3, 'Temporibus est quod a aperiam saepe aut.', 1, '2004-07-18 03:46:19', '2017-12-12 11:21:12'),
(9, 4, 'Dolore quam debitis dolor doloribus quod excepturi.', 0, '1994-06-22 00:32:51', '2001-10-07 19:23:34'),
(10, 5, 'Animi non quam esse sit.', 0, '1996-03-11 18:11:16', '1986-05-01 20:59:43'),
(11, 1, 'Aliquid accusamus eum et maiores nemo.', 0, '2001-03-02 08:33:50', '2002-06-10 04:10:13'),
(12, 2, 'Impedit sed praesentium aliquam placeat eius.', 1, '1993-10-02 23:11:08', '1982-06-02 18:35:14'),
(13, 3, 'Fugiat rerum voluptas beatae tenetur cupiditate.', 1, '1974-12-13 17:29:02', '1984-01-24 13:51:01'),
(14, 4, 'Ut dolores ex iusto veniam excepturi.', 0, '1989-08-02 19:33:33', '1999-07-07 19:40:33'),
(15, 5, 'Distinctio quae nobis placeat recusandae repellendus.', 1, '2014-03-16 10:31:35', '1990-06-09 19:55:35'),
(16, 1, 'Et qui qui illum unde enim voluptate.', 1, '1987-03-11 13:44:01', '1991-05-24 10:21:46'),
(17, 2, 'Eligendi a quaerat ullam perspiciatis non.', 0, '1983-02-16 21:12:26', '2001-11-21 10:59:33'),
(18, 3, 'Tenetur velit consequuntur dolores ea sapiente officia.', 0, '1992-10-13 05:29:01', '1981-02-13 19:11:42'),
(19, 4, 'Voluptas qui et reiciendis voluptatem illo animi.', 0, '1998-02-18 10:45:28', '1970-03-25 16:41:41'),
(20, 5, 'Eveniet dolores eius quisquam aut.', 0, '1971-03-09 08:28:40', '2012-10-31 06:33:49'),
(21, 1, 'In est reprehenderit culpa autem est eos perferendis.', 0, '1975-08-19 23:03:46', '2011-06-29 18:00:31'),
(22, 2, 'Dolore animi veritatis modi cumque.', 0, '2010-11-13 06:36:07', '2016-03-09 14:32:20'),
(23, 3, 'Amet placeat esse hic quia ea.', 0, '1975-10-13 04:48:43', '2016-03-10 16:33:36'),
(24, 4, 'Veritatis ut et harum illo.', 0, '1990-07-12 21:46:04', '1979-09-22 03:29:22'),
(25, 5, 'Sint quia et architecto.', 0, '1979-05-18 14:04:10', '1986-10-21 07:42:03'),
(26, 1, 'Sapiente et porro consequatur dolorum deleniti iure exercitationem.', 1, '1984-12-16 06:37:21', '1989-08-20 16:04:28'),
(27, 2, 'Sit esse ea reiciendis aut ut.', 1, '2014-04-12 00:37:07', '1972-07-21 00:40:43'),
(28, 3, 'Asperiores rem occaecati neque.', 0, '2018-12-21 08:31:50', '1999-05-04 09:09:22'),
(29, 4, 'Accusamus non at voluptas voluptatem.', 1, '2000-01-08 20:35:31', '2009-11-21 08:25:22'),
(30, 5, 'Tenetur praesentium fugiat fuga qui eaque distinctio officiis.', 1, '2007-12-02 13:18:10', '2005-10-23 20:58:55'),
(31, 1, 'Blanditiis aut eveniet inventore sit ipsa.', 0, '2001-04-07 10:34:34', '1989-05-03 09:38:54'),
(32, 2, 'Unde rerum rerum cupiditate magnam illum.', 0, '2008-07-08 04:35:21', '2004-07-28 03:05:06'),
(33, 3, 'Occaecati cumque nobis dignissimos.', 0, '1973-01-30 04:35:15', '1987-09-18 10:54:36'),
(34, 4, 'Id odio similique et quae minus sit nobis.', 0, '2012-10-20 11:18:37', '1994-03-11 14:57:05'),
(35, 5, 'Dolores aut quia magnam delectus atque.', 0, '1973-04-12 18:20:42', '1974-12-16 15:42:55'),
(36, 1, 'Sit vel sit quasi.', 0, '2002-09-15 13:25:29', '1974-07-27 12:27:15'),
(37, 2, 'Neque unde exercitationem iusto.', 1, '1986-01-22 02:55:51', '2016-08-15 10:26:57'),
(38, 3, 'Veniam iste provident rerum debitis eos in a consectetur.', 0, '2000-07-04 07:12:05', '2008-10-15 09:58:31'),
(39, 4, 'Voluptatem distinctio illo ipsam esse accusamus.', 0, '2011-06-10 23:36:56', '2013-01-27 19:55:53'),
(40, 5, 'Cum tempore illo labore ducimus corporis eius.', 1, '2006-12-22 16:33:15', '2019-03-18 13:26:55'),
(41, 1, 'Tenetur autem corrupti sunt eligendi est dolor.', 0, '1992-04-10 12:54:37', '1976-10-05 23:22:54'),
(42, 2, 'Est sed quia deleniti voluptatem.', 0, '2003-03-20 21:57:45', '2000-08-03 07:54:31'),
(43, 3, 'Sunt expedita et blanditiis repellat eos.', 0, '1974-04-07 07:06:47', '2002-03-13 01:04:59'),
(44, 4, 'Labore tempora ipsum pariatur quam sint ducimus autem.', 1, '1972-07-12 08:38:26', '1984-02-05 16:13:21'),
(45, 5, 'Atque ut earum voluptatum incidunt atque.', 0, '1974-10-01 18:13:21', '1972-12-31 23:00:34'),
(46, 1, 'Blanditiis qui ut excepturi provident voluptatum quae voluptatem.', 0, '1998-02-04 00:24:51', '1991-09-11 00:05:46'),
(47, 2, 'Et quisquam eos et quis aut debitis.', 1, '1985-10-08 11:23:05', '2019-11-18 04:23:33'),
(48, 3, 'Eum atque perspiciatis quae.', 1, '1993-12-05 12:55:39', '1995-07-28 19:57:50'),
(49, 4, 'Ex illum sint corporis harum doloremque harum modi.', 1, '2011-04-19 15:01:07', '1978-10-11 13:41:49'),
(50, 5, 'In consequuntur pariatur omnis qui eveniet.', 1, '2007-01-18 16:27:05', '2016-12-09 15:55:17');

DROP TABLE IF EXISTS `tests_questions_answers`;
CREATE TABLE IF NOT EXISTS `tests_questions_answers` (
  `id` int(11) NOT NULL AUTO_INCREMENT,
  `question_id` int(11) DEFAULT NULL COMMENT 'Вопрос',
  `title` varchar(255) DEFAULT NULL COMMENT 'Ответ',
  `is_correct` smallint(1) DEFAULT '0' COMMENT 'Корректный/Не*',
  `create_date` timestamp NOT NULL DEFAULT CURRENT_TIMESTAMP COMMENT 'Дата создания',
  `update_date` timestamp NOT NULL DEFAULT CURRENT_TIMESTAMP ON UPDATE CURRENT_TIMESTAMP COMMENT 'Дата обновления',
  PRIMARY KEY (`id`),
  KEY `question_id` (`question_id`),
  KEY `is_correct` (`is_correct`)
) ENGINE=InnoDB AUTO_INCREMENT=201 DEFAULT CHARSET=utf8 COMMENT='Ответы к вопросам';

INSERT INTO `tests_questions_answers` (`id`, `question_id`, `title`, `is_correct`, `create_date`, `update_date`) VALUES
(1, 1, 'Nam ut optio magni dolor non sit.', 0, '1990-07-03 21:26:33', '1973-09-26 09:16:17'),
(2, 2, 'Expedita optio eos officia iure illo.', 1, '1989-06-08 18:28:47', '2000-06-12 05:02:41'),
(3, 3, 'Ratione esse quaerat explicabo quo quidem.', 0, '1990-10-23 04:26:38', '2012-10-23 07:09:05'),
(4, 4, 'Corporis incidunt vel molestias voluptatum est est repellat rerum.', 0, '1970-10-03 01:25:35', '1999-11-20 17:27:09'),
(5, 5, 'Expedita ex eius dolorem dolores et harum nesciunt.', 1, '1987-08-18 17:16:14', '1971-04-11 06:15:17'),
(6, 6, 'Adipisci autem fugiat eum et aspernatur animi.', 0, '2008-08-29 07:18:34', '1985-02-27 01:43:51'),
(7, 7, 'Quibusdam earum et ab cumque non exercitationem molestias.', 1, '1983-10-17 05:55:36', '2012-06-23 16:38:12'),
(8, 8, 'Temporibus qui fugit ut facilis unde voluptatem.', 1, '1983-01-12 03:18:59', '2003-09-26 02:54:24'),
(9, 9, 'Consectetur et facere laborum.', 0, '2015-05-14 08:11:57', '1995-10-30 01:44:29'),
(10, 10, 'Repellat totam fugiat quia accusamus.', 1, '1998-04-10 15:49:49', '2005-03-01 22:53:51'),
(11, 11, 'Et animi delectus quaerat vel ad ut ea.', 1, '1976-07-09 12:18:53', '1987-04-29 14:02:33'),
(12, 12, 'Quisquam et reprehenderit officiis non culpa rem est vitae.', 0, '2009-12-15 04:51:16', '1996-06-17 13:23:36'),
(13, 13, 'Quidem ut qui ea voluptates.', 0, '1994-08-20 23:39:51', '1987-11-03 22:08:47'),
(14, 14, 'Aut pariatur et consequatur necessitatibus.', 0, '1978-04-17 07:16:35', '1973-10-24 18:17:40'),
(15, 15, 'Enim qui doloribus accusantium reiciendis voluptas dolore nemo.', 0, '1985-11-09 04:34:41', '1994-07-21 17:35:39'),
(16, 16, 'Dolorem minus et assumenda quia provident nostrum.', 1, '2007-07-01 15:01:25', '1976-05-15 07:15:31'),
(17, 17, 'Exercitationem mollitia qui ipsa ut.', 0, '1995-07-18 10:01:50', '2019-10-22 18:56:00'),
(18, 18, 'Iusto pariatur mollitia quo sapiente exercitationem et.', 1, '2014-12-05 23:14:40', '1977-06-23 17:29:07'),
(19, 19, 'Est et officia officiis enim quia.', 1, '2017-05-07 01:52:58', '2017-09-21 08:35:45'),
(20, 20, 'Iste odit blanditiis eveniet sapiente ducimus non consequuntur minus.', 1, '1987-02-17 17:05:09', '1985-11-21 09:27:38'),
(21, 21, 'Et beatae sint est sed ex quaerat.', 1, '1988-06-16 22:57:19', '1970-09-30 05:59:32'),
(22, 22, 'Nemo rerum ab quidem dolorum dolores quam ut.', 1, '1994-06-02 17:57:21', '2002-06-17 06:28:07'),
(23, 23, 'Sed aut sint fugiat sapiente.', 1, '2018-02-20 01:22:07', '2004-07-12 03:04:08'),
(24, 24, 'Quasi nostrum dolor in et eius earum voluptatibus.', 1, '2010-02-04 01:50:48', '2018-01-09 20:04:56'),
(25, 25, 'Et laudantium est iure ratione ducimus.', 0, '1975-03-23 03:32:49', '1987-06-25 03:17:40'),
(26, 26, 'Voluptatum aliquam ut officia esse sapiente cupiditate aspernatur.', 0, '1991-05-23 03:52:51', '1999-08-03 13:08:25'),
(27, 27, 'Fugit soluta placeat est qui qui illum aut.', 1, '1995-12-19 02:12:56', '1978-05-03 17:46:47'),
(28, 28, 'Voluptatem accusamus blanditiis earum velit eaque iste necessitatibus.', 1, '2004-05-18 03:56:58', '2007-09-13 04:55:15'),
(29, 29, 'Iste asperiores asperiores animi repellendus necessitatibus aperiam consequuntur.', 1, '2016-10-26 11:56:40', '1992-04-16 13:34:56'),
(30, 30, 'Voluptate eos quis est dignissimos tempore est.', 0, '2011-06-16 01:00:15', '2015-03-27 07:18:03'),
(31, 31, 'Id eos eaque illo perspiciatis consequuntur omnis.', 0, '1987-10-11 21:35:02', '2004-11-26 21:14:47'),
(32, 32, 'Ut est autem aut qui blanditiis non.', 1, '1981-04-02 05:41:33', '1991-03-11 00:44:30'),
(33, 33, 'Aliquam modi labore sit odio aut sed repellendus.', 1, '2007-08-11 00:15:48', '1992-12-09 06:56:28'),
(34, 34, 'Libero non aut est modi.', 0, '1991-03-16 02:01:01', '1991-11-23 01:15:47'),
(35, 35, 'Et accusantium consequuntur officiis aperiam necessitatibus suscipit.', 0, '1972-01-02 17:22:30', '1979-05-31 21:50:19'),
(36, 36, 'Expedita quidem cum aliquid saepe.', 0, '2004-08-14 12:36:05', '1995-01-18 13:06:31'),
(37, 37, 'Esse ratione facilis voluptate quos similique enim voluptatum.', 1, '2000-04-16 05:20:18', '1989-11-22 10:11:23'),
(38, 38, 'Tenetur veniam impedit beatae tenetur quia suscipit expedita.', 1, '1973-10-21 17:27:05', '1999-12-08 21:25:34'),
(39, 39, 'Incidunt sequi dolor dicta tempore facere.', 1, '2014-03-30 01:29:14', '1979-02-14 00:36:39'),
(40, 40, 'Delectus doloribus nulla aliquam.', 1, '1980-02-08 00:29:58', '1989-06-30 15:22:40'),
(41, 41, 'Consectetur quibusdam doloribus dolores optio repellendus reiciendis.', 0, '2014-05-10 19:03:10', '1973-11-23 15:42:29'),
(42, 42, 'Porro impedit nostrum voluptatum ea explicabo aliquid fugiat.', 0, '2015-03-25 16:40:08', '1992-11-10 00:52:24'),
(43, 43, 'Tempore incidunt dolor voluptatem.', 0, '1997-02-24 06:13:35', '1991-08-09 03:46:22'),
(44, 44, 'Necessitatibus vel dolor nobis ea eveniet dolore deserunt nisi.', 1, '2004-12-08 01:08:56', '1984-12-07 11:54:30'),
(45, 45, 'Quia hic natus assumenda quo dolor accusamus.', 1, '1984-03-19 23:57:37', '1983-12-23 19:22:16'),
(46, 46, 'Est est ullam velit.', 1, '1971-08-24 22:46:02', '1980-07-24 03:38:51'),
(47, 47, 'Vel voluptatum quo autem autem voluptatum minus quaerat voluptatem.', 0, '1986-08-08 14:37:33', '1996-12-10 08:45:24'),
(48, 48, 'Velit et alias accusantium ut atque assumenda id.', 0, '2019-03-01 20:18:00', '2010-10-12 16:00:03'),
(49, 49, 'Consequatur aspernatur et excepturi quae incidunt.', 1, '2015-09-22 09:43:26', '1994-08-19 08:18:46'),
(50, 50, 'Sint optio qui saepe eius voluptas dolorem.', 0, '1990-11-28 22:28:42', '1990-02-10 08:55:13'),
(51, 1, 'Porro magni placeat dolorem eaque et beatae deserunt nihil.', 1, '1991-01-04 03:24:00', '2017-11-12 11:52:59'),
(52, 2, 'Veniam repellendus nesciunt dolorem mollitia autem ut.', 0, '2007-10-06 16:50:04', '2018-06-28 18:21:33'),
(53, 3, 'Quam aspernatur quam amet error nam.', 0, '2015-11-20 01:42:38', '1973-08-29 20:20:56'),
(54, 4, 'Deleniti ratione culpa sed culpa amet.', 0, '1994-04-22 05:00:34', '1991-05-12 13:52:12'),
(55, 5, 'Aliquam ducimus itaque sed occaecati.', 0, '1989-06-09 10:49:22', '2018-09-29 20:28:18'),
(56, 6, 'Est voluptatum neque deserunt adipisci voluptate.', 1, '1971-04-09 19:19:14', '1974-11-17 01:49:21'),
(57, 7, 'Fugit sed facere vel dolor quaerat illo alias.', 1, '1988-08-13 05:14:40', '1984-09-05 06:56:22'),
(58, 8, 'Eos accusamus minima atque fuga suscipit fuga.', 0, '1979-03-12 13:35:16', '2019-06-16 02:16:12'),
(59, 9, 'Ut accusantium rerum enim et totam.', 1, '1998-07-10 21:23:43', '2019-01-16 10:31:28'),
(60, 10, 'Expedita qui minus labore.', 0, '2007-10-29 00:06:07', '2019-09-14 07:46:08'),
(61, 11, 'Vitae sint ut maiores enim ratione sed inventore.', 0, '2004-11-15 03:35:31', '2018-03-06 15:44:41'),
(62, 12, 'Et voluptatibus magnam sit exercitationem.', 0, '2012-07-17 21:51:37', '2018-12-23 02:02:32'),
(63, 13, 'Voluptatem laborum temporibus incidunt voluptatem deserunt voluptates.', 0, '1976-03-20 10:14:45', '2001-03-07 07:18:24'),
(64, 14, 'Repudiandae incidunt adipisci tenetur expedita placeat ducimus.', 1, '1998-06-18 23:05:33', '1977-01-04 17:59:57'),
(65, 15, 'Tempora corrupti iusto voluptates eius.', 0, '2003-09-26 22:07:25', '1982-05-04 02:09:46'),
(66, 16, 'Praesentium vero eligendi itaque sequi accusamus consequatur quibusdam eos.', 0, '1998-10-16 11:58:36', '1992-09-25 01:17:04'),
(67, 17, 'Ipsam fuga error velit officiis quod eveniet molestias error.', 1, '1976-05-06 08:54:02', '2002-02-23 01:27:15'),
(68, 18, 'Asperiores officiis qui tenetur quia quia.', 0, '1982-11-21 18:45:00', '2005-01-03 14:51:22'),
(69, 19, 'Consequatur quo voluptas enim eligendi.', 0, '2018-04-24 20:41:09', '2001-10-18 10:35:01'),
(70, 20, 'Nihil magnam non incidunt nisi provident eligendi.', 0, '1999-11-02 00:55:32', '1975-05-15 20:20:43'),
(71, 21, 'Placeat nisi consequuntur recusandae sed aspernatur ipsum consectetur.', 1, '2012-12-24 02:18:20', '2001-10-12 05:14:36'),
(72, 22, 'Molestiae quod autem molestiae qui corporis quaerat ducimus.', 0, '1999-01-15 21:47:09', '2011-02-12 02:20:47'),
(73, 23, 'Adipisci totam at illo et exercitationem.', 1, '1977-03-25 13:06:34', '2013-08-11 05:31:06'),
(74, 24, 'Nihil eum rerum et id perferendis rerum.', 0, '2009-03-15 12:53:48', '1975-09-15 04:58:00'),
(75, 25, 'Sed odio ducimus eum neque quia rem.', 0, '2005-12-12 10:48:24', '1992-07-02 00:52:16'),
(76, 26, 'Et qui ut delectus quibusdam.', 1, '1977-11-06 05:18:42', '2003-03-02 13:12:41'),
(77, 27, 'Id nihil unde aliquam dolores.', 0, '2012-05-15 17:59:11', '1988-10-18 23:44:30'),
(78, 28, 'Sapiente labore odit aut.', 0, '2002-03-15 07:02:54', '1973-06-24 21:25:21'),
(79, 29, 'Dolores eos qui omnis ea deleniti veritatis dignissimos veniam.', 1, '2010-10-02 06:58:39', '2006-04-01 23:10:56'),
(80, 30, 'Quia quos vero ut consequatur quia numquam quo maiores.', 0, '1980-11-24 17:27:20', '1972-04-04 20:15:41'),
(81, 31, 'Nihil similique dolores ut cupiditate deserunt.', 1, '1988-01-12 04:19:52', '2007-10-24 13:58:32'),
(82, 32, 'Necessitatibus totam ut enim fuga velit esse.', 1, '2012-04-06 00:58:57', '1981-04-16 08:10:43'),
(83, 33, 'Placeat nihil sed quisquam animi reprehenderit deleniti magni.', 1, '2001-08-05 10:35:42', '2006-02-03 08:56:10'),
(84, 34, 'Aut nulla temporibus aut.', 0, '1971-12-10 14:45:29', '2003-08-26 14:40:34'),
(85, 35, 'Laboriosam quae deleniti perspiciatis nesciunt quia eos explicabo.', 1, '1987-12-06 08:34:20', '2004-04-22 00:27:51'),
(86, 36, 'Magnam voluptas animi voluptatem ducimus sed blanditiis.', 0, '2003-09-16 17:30:52', '2003-03-24 11:43:55'),
(87, 37, 'Et quod placeat cupiditate deleniti harum voluptas beatae.', 0, '1981-02-20 22:34:36', '2002-03-26 14:56:49'),
(88, 38, 'Fugiat non nulla sunt esse cum.', 1, '2006-09-23 17:29:00', '2001-04-07 18:02:49'),
(89, 39, 'Recusandae sint quisquam beatae.', 0, '2003-05-11 03:00:54', '2015-02-23 16:56:12'),
(90, 40, 'Dolores voluptatem ullam voluptatem omnis iste.', 1, '2006-06-04 17:44:11', '2014-07-11 09:15:44'),
(91, 41, 'Nesciunt delectus delectus dolores qui.', 1, '2014-04-09 10:08:04', '1990-01-19 07:52:14'),
(92, 42, 'Illo natus dolores odio non asperiores.', 0, '2018-08-11 17:41:26', '2010-05-10 22:03:37'),
(93, 43, 'Ipsum qui earum quis doloribus omnis sapiente.', 0, '1996-12-20 12:18:27', '2011-02-18 02:00:34'),
(94, 44, 'Et eum dignissimos quia beatae dolorem.', 0, '1996-01-31 18:09:23', '1973-05-11 15:39:35'),
(95, 45, 'Dolore id et ducimus voluptatem error iusto vero.', 1, '2017-07-12 17:00:29', '2001-06-11 17:48:19'),
(96, 46, 'Illum exercitationem quos culpa quisquam.', 0, '2019-06-15 03:42:18', '1987-08-08 08:20:06'),
(97, 47, 'Enim et qui et sed nostrum.', 0, '1991-04-27 16:03:32', '1999-04-24 04:59:48'),
(98, 48, 'Qui officiis omnis cumque ex perferendis veniam.', 1, '2011-11-06 01:08:32', '2009-08-03 03:46:00'),
(99, 49, 'Libero aut facere veniam.', 0, '1991-05-10 08:15:12', '1973-03-08 08:23:11'),
(100, 50, 'Alias accusamus error quasi dolorem asperiores.', 0, '2005-12-07 21:12:56', '1981-08-06 12:26:29'),
(101, 1, 'Illum in nihil fugit magnam aut qui id.', 0, '2011-06-06 02:20:59', '2005-07-18 03:19:26'),
(102, 2, 'Maiores quis ex ipsa reiciendis veritatis labore.', 0, '1982-11-12 07:49:53', '2004-06-03 10:39:57'),
(103, 3, 'Enim rerum earum architecto neque et amet consequuntur.', 1, '2011-04-20 04:17:32', '1970-07-22 22:08:24'),
(104, 4, 'Doloremque ut quis qui voluptas est quia.', 1, '2002-10-12 17:12:16', '2015-05-04 06:40:31'),
(105, 5, 'Sunt architecto cupiditate omnis corrupti atque molestias.', 0, '1982-07-03 12:10:27', '1991-11-23 07:24:14'),
(106, 6, 'Molestiae vitae aperiam aperiam inventore.', 0, '1975-06-18 03:53:47', '1991-10-14 14:42:58'),
(107, 7, 'Ut veniam sed est ratione cum qui.', 1, '2010-03-28 01:35:30', '2000-03-04 11:30:08'),
(108, 8, 'Repellendus delectus molestiae voluptatibus animi alias reprehenderit.', 1, '1970-04-08 16:06:52', '1997-11-21 07:35:19'),
(109, 9, 'Voluptatem incidunt velit in deleniti laborum est ut.', 1, '1987-05-16 11:52:53', '1987-12-06 17:20:28'),
(110, 10, 'Possimus veniam ratione officia natus id.', 0, '2003-10-20 15:42:11', '2008-04-09 17:00:46'),
(111, 11, 'Soluta mollitia sequi odit.', 0, '1989-12-15 16:42:21', '2012-09-06 04:55:08'),
(112, 12, 'Ea expedita error beatae dolor minima velit quia.', 1, '1992-02-22 07:58:05', '1996-01-16 08:37:41'),
(113, 13, 'Iusto consequuntur velit laborum enim voluptatem assumenda.', 1, '1987-08-19 17:46:14', '2000-12-26 21:10:01'),
(114, 14, 'Minima vero quo accusamus eos.', 1, '1978-05-14 13:30:28', '1996-03-20 04:49:22'),
(115, 15, 'Ut autem ea est.', 1, '2002-09-11 19:44:57', '1980-11-17 04:11:23'),
(116, 16, 'Nesciunt quisquam provident deserunt cum et velit rerum.', 1, '1974-10-19 21:34:20', '2016-10-06 13:28:32'),
(117, 17, 'Amet est molestias cumque voluptatibus voluptates.', 1, '1973-05-28 17:47:40', '2010-10-06 20:37:06'),
(118, 18, 'Architecto enim eum error commodi.', 0, '2019-09-01 02:34:10', '1973-03-16 02:58:47'),
(119, 19, 'Doloribus omnis consectetur doloremque accusantium quia voluptatem.', 1, '1972-07-13 05:11:20', '1989-01-14 15:59:43'),
(120, 20, 'Aspernatur sint enim qui cupiditate rerum numquam id.', 1, '2014-03-01 07:34:40', '2014-06-15 12:12:20'),
(121, 21, 'Dolor et sed totam ut.', 1, '1991-05-17 01:40:48', '1992-03-11 03:52:33'),
(122, 22, 'Atque id aut quis eos nesciunt.', 1, '1984-02-07 23:50:00', '1984-03-05 16:32:19'),
(123, 23, 'Sunt officiis voluptas rerum.', 1, '1995-09-05 06:34:45', '1990-08-31 13:41:58'),
(124, 24, 'Tempora quidem sequi dignissimos eum architecto et.', 1, '1981-02-23 02:54:23', '2004-04-20 23:48:11'),
(125, 25, 'Aperiam iusto voluptas facere corrupti error reiciendis nihil ut.', 0, '1990-10-13 22:12:16', '1973-07-16 05:50:07'),
(126, 26, 'Aut consequatur saepe ullam doloribus.', 0, '1971-07-06 21:12:05', '1979-06-27 05:34:16'),
(127, 27, 'Maxime sit voluptas voluptatem autem esse earum soluta.', 0, '2014-03-14 18:50:26', '1979-05-11 18:15:05'),
(128, 28, 'Maiores occaecati in sequi quidem omnis quidem.', 1, '1986-11-04 03:23:51', '1991-06-19 06:06:40'),
(129, 29, 'Eos adipisci corporis iure ex maiores.', 1, '1981-09-09 09:39:11', '2017-10-10 20:31:48'),
(130, 30, 'Occaecati consequatur accusamus sunt sint odit.', 1, '2000-07-30 06:37:46', '2011-09-09 16:56:30'),
(131, 31, 'Qui asperiores expedita corrupti.', 0, '1987-10-23 23:57:04', '1992-03-17 08:36:16'),
(132, 32, 'Quos eum quia aut sint nobis adipisci ut odit.', 0, '1992-12-24 12:06:08', '1985-10-18 00:34:04'),
(133, 33, 'Necessitatibus a neque quidem est ut aut.', 0, '1975-01-05 12:08:26', '1982-11-08 08:40:26'),
(134, 34, 'Qui tenetur labore velit adipisci eos repellat sit.', 1, '1979-05-29 19:34:19', '2006-08-22 08:01:21'),
(135, 35, 'Omnis provident sunt quia laboriosam accusantium.', 1, '1978-07-21 15:53:49', '1992-01-01 06:35:38'),
(136, 36, 'Qui tempore animi qui in id aut enim quo.', 0, '1983-05-20 02:38:34', '1984-01-18 05:02:19'),
(137, 37, 'Pariatur ullam tempore nihil in.', 1, '1992-07-26 06:01:52', '1986-11-04 10:25:48'),
(138, 38, 'Amet architecto voluptas voluptas aut commodi minima.', 1, '1976-07-15 06:29:06', '2010-10-28 15:47:29'),
(139, 39, 'Suscipit dolorem nemo fuga rem vel delectus.', 0, '2019-08-31 12:46:16', '2000-06-21 06:17:12'),
(140, 40, 'Consequuntur odit est debitis dolor dolores eaque qui deserunt.', 1, '2019-08-02 22:16:38', '1994-02-16 22:23:22'),
(141, 41, 'Vero voluptas provident doloremque beatae commodi tempora.', 1, '1989-08-23 07:52:27', '2002-10-02 19:53:32'),
(142, 42, 'Iste maiores eos enim vel necessitatibus vitae sed.', 1, '1972-02-24 02:36:10', '1990-10-19 03:25:30'),
(143, 43, 'Quidem labore vero soluta maxime.', 0, '1995-10-27 15:29:24', '2005-07-03 06:54:12'),
(144, 44, 'Omnis eum quia qui nisi.', 1, '1983-01-07 17:09:21', '2019-06-04 18:05:54'),
(145, 45, 'Temporibus iure suscipit nobis sequi et aut.', 1, '2001-02-07 22:14:38', '2017-01-03 22:58:29'),
(146, 46, 'Exercitationem autem totam ex et est consequatur.', 0, '1988-08-13 09:56:50', '2017-06-10 08:56:10'),
(147, 47, 'Sunt qui nemo omnis aspernatur.', 1, '2000-06-06 11:48:56', '1994-06-03 23:45:48'),
(148, 48, 'Rem eum aliquid quis corrupti sunt.', 0, '1983-09-28 18:30:34', '1988-09-25 01:31:53'),
(149, 49, 'Sequi veniam nisi necessitatibus corrupti.', 0, '1972-03-30 05:11:01', '1984-07-08 05:49:36'),
(150, 50, 'Enim perferendis et iure sit.', 1, '1989-08-18 15:19:03', '1983-08-25 02:27:43'),
(151, 1, 'Dolore sapiente autem maxime assumenda optio repudiandae.', 1, '2009-11-24 10:55:12', '1996-04-06 16:56:59'),
(152, 2, 'Ea et ut qui quia.', 1, '2014-03-11 04:42:23', '2006-03-27 01:07:58'),
(153, 3, 'Dolorum et quidem autem ea.', 0, '2012-01-09 10:35:35', '1974-05-11 14:15:48'),
(154, 4, 'Adipisci ratione reiciendis voluptas sequi.', 1, '1972-11-16 11:07:37', '2000-07-16 08:55:39'),
(155, 5, 'Dolor id nemo officiis assumenda voluptatibus vero facere.', 1, '1989-03-29 22:24:11', '1994-06-13 06:19:53'),
(156, 6, 'Nihil ipsa quia ipsum qui et temporibus ab.', 1, '2005-03-14 20:26:32', '2007-07-22 06:49:26'),
(157, 7, 'Voluptates porro iusto nulla eum molestiae.', 1, '1981-12-20 02:59:42', '2008-08-02 11:59:56'),
(158, 8, 'Sunt est possimus sed nihil dolor sed.', 1, '2016-11-06 10:17:21', '2015-01-17 10:38:33'),
(159, 9, 'Eaque fuga nam quo aut.', 1, '1992-04-06 21:02:59', '2015-02-03 19:43:08'),
(160, 10, 'Rerum est aperiam sunt illo beatae sit tempora.', 0, '1980-10-22 14:16:58', '1985-07-23 21:33:09'),
(161, 11, 'Aliquid doloribus eos officia impedit qui rerum.', 1, '2011-05-30 10:03:05', '2012-11-27 14:51:21'),
(162, 12, 'Adipisci pariatur dignissimos ipsa omnis voluptate voluptas corporis.', 0, '2001-08-07 23:50:01', '2000-06-16 15:03:41'),
(163, 13, 'Nesciunt totam sint dicta.', 0, '1997-08-02 11:25:04', '1974-04-19 12:41:27'),
(164, 14, 'Quam animi ea perspiciatis animi delectus.', 0, '1987-04-28 11:02:15', '2007-03-26 06:30:46'),
(165, 15, 'Deserunt corporis est dolore.', 0, '1975-07-07 15:04:05', '2016-12-31 05:37:50'),
(166, 16, 'Eius ut commodi itaque.', 0, '1971-10-16 00:18:57', '1982-08-23 19:13:14'),
(167, 17, 'Et ea qui eum sed voluptatem adipisci dolorem.', 0, '2017-10-11 10:12:19', '2003-03-27 19:57:40'),
(168, 18, 'Perferendis pariatur quaerat quasi pariatur odit ad.', 1, '1975-11-21 16:54:14', '1983-09-12 02:05:10'),
(169, 19, 'Autem iure sed vel labore quasi distinctio.', 0, '2007-12-16 23:59:38', '1983-09-10 11:26:59'),
(170, 20, 'Aut voluptatem possimus qui similique iste minima.', 1, '1994-05-23 12:59:29', '1975-07-19 06:53:48'),
(171, 21, 'Sed sed consequatur neque blanditiis ipsa.', 1, '1996-02-07 18:06:02', '1987-01-13 23:14:02'),
(172, 22, 'Molestiae doloremque non pariatur eveniet.', 1, '2013-06-16 10:58:35', '1970-04-25 09:02:31'),
(173, 23, 'Incidunt fugiat consequuntur error quia facilis impedit voluptatibus.', 1, '1981-11-22 17:36:36', '1983-02-06 15:15:20'),
(174, 24, 'Dolores nihil corrupti cumque omnis qui.', 1, '2017-01-24 12:20:53', '2009-01-03 02:59:50'),
(175, 25, 'Et ratione commodi accusamus provident tempore.', 0, '1993-02-21 13:50:56', '2003-11-12 05:44:40'),
(176, 26, 'Tenetur aperiam corrupti tenetur.', 1, '2019-11-02 22:28:25', '1978-06-18 14:44:36'),
(177, 27, 'Et exercitationem dolores blanditiis placeat similique aut aut.', 0, '1976-10-06 02:48:05', '2014-12-23 13:40:44'),
(178, 28, 'Vitae vel iusto qui voluptas consectetur similique cumque.', 1, '1984-05-25 08:12:25', '1975-08-18 16:29:16'),
(179, 29, 'Asperiores dolorum ipsam laudantium quia ratione perferendis.', 1, '2000-03-14 02:12:19', '1999-09-07 18:45:12'),
(180, 30, 'Illum aperiam numquam corporis ea suscipit.', 0, '1987-10-30 05:42:35', '2011-08-06 09:11:02'),
(181, 31, 'Et ut iusto officiis qui et odit sit.', 1, '2003-02-23 17:15:50', '1971-11-18 18:04:38'),
(182, 32, 'Quo excepturi corporis repellendus voluptas beatae nihil alias similique.', 0, '1995-08-27 19:53:36', '1990-10-24 23:31:02'),
(183, 33, 'Maiores voluptatum ea in iste temporibus iste.', 0, '2009-05-19 17:20:22', '1998-11-25 23:51:27'),
(184, 34, 'Ea consectetur nihil sint magnam est architecto.', 1, '1994-03-25 15:30:32', '1979-08-01 22:49:14'),
(185, 35, 'Vitae quidem a vel molestiae ea eum.', 1, '1982-01-08 06:32:27', '2002-06-11 15:40:53'),
(186, 36, 'Aliquam alias itaque aspernatur odit a corporis quasi magnam.', 1, '2000-06-17 06:57:49', '1983-08-05 16:33:14'),
(187, 37, 'Pariatur praesentium molestiae ratione ducimus dolorum facilis odit.', 1, '1999-05-06 00:47:25', '2000-07-25 15:22:24'),
(188, 38, 'Vel vel facilis deleniti eaque eius.', 0, '1996-01-11 12:27:52', '1997-12-06 04:52:46'),
(189, 39, 'Dolor odit nulla qui commodi quod harum.', 0, '2006-12-11 05:31:14', '2013-06-30 15:59:43'),
(190, 40, 'Alias est maiores id ipsa id beatae.', 0, '2005-06-24 22:59:11', '1993-10-17 15:15:08'),
(191, 41, 'Distinctio quos voluptatum maiores quos facilis vitae ad.', 1, '1970-09-29 02:35:36', '2005-06-30 04:49:08'),
(192, 42, 'Officia corporis recusandae rerum ea dolor libero ipsa.', 1, '2010-08-11 23:10:03', '1973-07-08 02:48:19'),
(193, 43, 'Eum molestiae architecto suscipit cumque eos odio omnis.', 0, '2015-12-19 10:32:39', '1972-03-05 22:47:33'),
(194, 44, 'Ducimus sit qui optio eum et reprehenderit voluptatibus.', 0, '2006-09-27 17:33:54', '2010-03-26 16:43:16'),
(195, 45, 'Velit quisquam quam repellendus non.', 0, '1989-02-01 13:55:49', '2019-05-27 12:20:27'),
(196, 46, 'Doloribus pariatur voluptatem iusto atque saepe et doloribus.', 1, '2008-12-30 01:12:48', '2009-05-28 15:05:45'),
(197, 47, 'Optio consequatur qui quis.', 1, '1984-04-14 09:57:34', '1992-02-19 23:24:18'),
(198, 48, 'Inventore voluptatem tenetur voluptates eos est voluptatum.', 1, '2002-06-21 13:30:02', '1986-12-13 13:29:59'),
(199, 49, 'Eveniet aspernatur dolorum aut ducimus.', 1, '1988-02-27 17:32:01', '1977-11-04 10:39:38'),
(200, 50, 'Provident atque neque aspernatur ipsam.', 0, '2003-09-14 22:06:50', '2013-03-03 09:51:44');

DROP TABLE IF EXISTS `users`;
CREATE TABLE IF NOT EXISTS `users` (
  `id` int(11) NOT NULL AUTO_INCREMENT,
  `password` varchar(255) NOT NULL COMMENT 'Пароль',
  `email` varchar(128) DEFAULT NULL COMMENT 'E-mail',
  `is_active` smallint(1) DEFAULT '1' COMMENT 'Статус',
  `create_date` timestamp NOT NULL DEFAULT CURRENT_TIMESTAMP,
  `update_date` timestamp NOT NULL DEFAULT CURRENT_TIMESTAMP ON UPDATE CURRENT_TIMESTAMP,
  PRIMARY KEY (`id`),
  KEY `is_active_index` (`is_active`),
  KEY `email_index` (`email`) USING BTREE
) ENGINE=InnoDB AUTO_INCREMENT=101 DEFAULT CHARSET=utf8 COMMENT='Пользователи';

INSERT INTO `users` (`id`, `password`, `email`, `is_active`, `create_date`, `update_date`) VALUES
(1, 'e76240e76a3ad258121b3a38992162aa', 'barrett67@example.org', 1, '1999-08-08 15:39:08', '2001-12-29 22:31:54'),
(2, '32007668e8a08477b21d1538c98ee74c', 'rbergstrom@example.org', 0, '1993-03-01 01:53:15', '1972-11-03 12:32:30'),
(3, 'cd43165065d7be6ddd3f98d8453f01c6', 'dolores.farrell@example.org', 0, '1998-10-01 05:41:29', '2006-03-24 19:57:22'),
(4, 'acd1ebc6293aeb7e502c3765c4a3bdb5', 'martin33@example.net', 0, '2012-06-05 07:19:36', '1992-03-06 01:23:34'),
(5, 'f0b0cec806a06431a4833d15c99a0da4', 'o\'kon.charlene@example.org', 1, '1973-10-04 17:00:11', '1973-05-29 13:03:07'),
(6, '41d9ccbf624517ab426b736b3cfdc4d7', 'hconn@example.net', 1, '2002-07-24 19:04:51', '1987-06-04 04:26:28'),
(7, '39a8985c8729e2f8828cb0c4f1c2a363', 'xmurray@example.org', 0, '2019-10-02 22:08:37', '2016-06-28 02:48:02'),
(8, 'de91c4d153467f91621326c1414bb9d3', 'gpouros@example.com', 0, '1971-04-20 19:19:02', '1990-10-13 14:20:53'),
(9, 'ac0183aa95a27d56e3246c10fbda2297', 'hegmann.alyce@example.com', 0, '2009-01-04 07:58:49', '1994-10-30 23:09:51'),
(10, 'f0aa6c676b030a3b5683dc6e19eff3db', 'uwisozk@example.org', 0, '2018-09-29 20:41:41', '2005-01-03 07:52:46'),
(11, '6823c46ec9c2305f0bee20686a7749e2', 'dedrick.hand@example.org', 1, '1971-08-03 08:39:01', '1995-07-17 05:48:51'),
(12, '107ee09a5d812f6b170c473bdd19a885', 'harvey.maverick@example.org', 1, '1998-10-10 04:13:01', '2017-09-28 12:09:27'),
(13, '3283cb3ed207e85212dc99d98cf06c4f', 'jamey31@example.org', 1, '1974-01-30 22:24:47', '1971-12-29 05:48:21'),
(14, 'e3fd959ff8524da0948499acc3bb444c', 'monahan.syble@example.com', 1, '2016-01-31 18:06:37', '2003-05-02 14:16:44'),
(15, '48265835386773b42c20af35814b6170', 'hattie.kohler@example.com', 0, '2013-07-20 11:10:50', '2009-12-20 03:53:17'),
(16, '9a2d2bce24d0147f30dd6a9d333a667d', 'jennyfer.gusikowski@example.net', 0, '2001-01-22 06:18:34', '1989-05-05 20:37:01'),
(17, '919cb9194b150f4f1295ce78f57178c3', 'stehr.michelle@example.com', 1, '2014-06-12 17:19:56', '1980-05-02 08:28:03'),
(18, '2e6e5d4843f32fc522e3e407dc8eed01', 'tkassulke@example.com', 1, '1981-08-17 02:26:58', '2005-12-27 08:50:39'),
(19, '8b5ec94f7716883dda7c93330ef791ec', 'kutch.darrell@example.com', 1, '1972-02-17 07:56:17', '2019-07-19 06:13:51'),
(20, '186474447287c4636104aeaa02bb08bd', 'cremin.margie@example.com', 0, '2008-07-26 14:04:40', '2010-08-28 23:36:14'),
(21, 'b768da0a867ce6aa9d4f26eb2fbff03c', 'christ.grant@example.org', 1, '1980-02-20 15:27:31', '1973-10-28 07:48:49'),
(22, 'c5721c7158a5d4c608a5839607ef6be5', 'sawayn.collin@example.org', 1, '1986-09-13 03:45:37', '2013-01-02 18:25:33'),
(23, '8d737e5a5fc6afeaee449d6ed59f74d5', 'kwyman@example.com', 1, '2008-12-23 10:37:06', '2001-03-06 21:49:02'),
(24, '598426345299ce5c434e5ab5b134e039', 'nolan.jazmyn@example.com', 1, '1984-10-04 12:20:31', '2012-10-12 23:58:52'),
(25, 'f8aa1d19c85592af494d2e9e8d7d6756', 'djacobs@example.net', 0, '2006-12-04 01:52:55', '1974-10-31 16:28:48'),
(26, '8fa431b51e32168f2ac3d13800832505', 'ayden78@example.org', 0, '1981-09-09 18:59:24', '1983-08-21 05:39:45'),
(27, 'ac4e5a6fcb022639b47042704b0c3d79', 'kattie.champlin@example.net', 0, '1995-06-07 16:29:43', '1986-05-06 03:17:34'),
(28, '2afb861de8892a5fda5f52836e0199f2', 'saul20@example.org', 1, '2013-10-24 07:54:36', '2010-11-14 14:05:27'),
(29, '91f880abfd0fa20fe7c3e694b5885a2f', 'fheller@example.org', 1, '2009-11-27 14:59:34', '1979-08-27 00:20:08'),
(30, 'f79ef5e19b4d59d5e3d145975a4b24c3', 'taylor.brekke@example.com', 0, '2017-03-06 03:36:06', '1989-03-10 02:49:47'),
(31, '78b4b6901e1eda0d24aa9fc9b27bb15d', 'gwendolyn.cartwright@example.com', 1, '1976-05-01 15:54:56', '1970-06-24 17:22:20'),
(32, '323b377d473f12749cd35c1117655a16', 'ysatterfield@example.net', 0, '2012-07-12 10:01:57', '2017-07-13 20:44:33'),
(33, '34a6ff350cf029f926ffbfae6553e58e', 'zhalvorson@example.net', 0, '2003-03-20 16:31:33', '1986-12-31 13:13:13'),
(34, 'cd5e8df0b64c3f9285ab152408036a92', 'colton32@example.org', 0, '1978-07-05 12:51:57', '1980-10-09 18:11:23'),
(35, '58507ca8b85e9ce4b3dcc32714055846', 'boehm.sherwood@example.net', 0, '2011-03-15 07:46:21', '1983-05-26 05:49:31'),
(36, 'cf7be1b2b79bb72ace3559fd3c82addd', 'troberts@example.com', 0, '1993-10-17 00:07:27', '2015-10-24 19:03:23'),
(37, '9841ad301314b5554d33ac234267a7b4', 'dmorar@example.net', 0, '1996-08-28 02:20:45', '1978-09-01 19:59:45'),
(38, 'af5124f2f864e9cdadd76b9c36277c95', 'nherman@example.net', 1, '1997-06-16 19:29:11', '2009-03-15 00:04:35'),
(39, '6a2adf3073591452bb8ddbe4aecd9257', 'mathias92@example.net', 1, '1990-12-15 20:06:53', '2006-04-23 07:39:38'),
(40, 'edda13880b652a1a6c4e533af265bdf1', 'wilfredo91@example.net', 1, '2005-01-27 07:50:44', '1976-08-17 14:28:23'),
(41, '1b5b2029ffbf2cc63ecf6fdd1f8f9a0c', 'alberta60@example.net', 1, '1999-03-22 18:53:57', '2009-10-04 04:02:47'),
(42, '294122d50b5c714e742b3dcc87b0b2d7', 'willa36@example.com', 0, '1979-09-11 10:09:35', '2003-12-12 06:05:26'),
(43, '047490079d3b50888545a53cb247da25', 'xhyatt@example.com', 1, '1974-03-12 13:27:36', '1988-02-22 00:51:46'),
(44, 'd9797e2f3be046ea34ad104252ccdd29', 'ihudson@example.net', 1, '2014-05-03 17:50:48', '1984-06-01 09:40:02'),
(45, '5f4a5bf349c1419da74e79565fefd4f2', 'wsipes@example.org', 0, '1986-08-07 10:36:10', '1985-04-11 12:51:42'),
(46, '1d08fe2b4d733dbd29bc56d58c6a5f76', 'dillan.veum@example.org', 1, '1973-01-02 06:17:10', '1993-02-13 14:46:26'),
(47, 'e10cbb814f488dca8c9c9c77ae017341', 'parker.tomas@example.net', 1, '2017-05-21 05:30:44', '1994-05-31 15:15:19'),
(48, '023afa8d52cd8048363802c8a5bcf6d0', 'llang@example.org', 0, '2008-02-16 03:59:59', '2001-01-14 07:59:59'),
(49, '89ef883909f91c19879bc27dd7541df0', 'cordell97@example.org', 0, '2011-10-15 23:12:19', '1979-07-29 16:23:37'),
(50, 'bc2276c0a5c1902644098b9ec0c05452', 'sawayn.jeffry@example.net', 0, '2018-06-20 17:40:42', '1976-05-10 08:29:56'),
(51, '047bf72016ef1d12edf306c758e8961c', 'mayert.neva@example.com', 0, '2005-11-15 11:20:07', '2017-07-07 08:03:27'),
(52, '3470945b8be84c407d1028cf1ee57237', 'earnestine36@example.org', 0, '1970-08-31 16:27:33', '1991-12-09 20:25:40'),
(53, '80cf22b8f5930b038c6f0c5b3ce742db', 'io\'conner@example.net', 1, '1970-06-05 20:28:06', '2010-03-05 04:19:12'),
(54, '81332cfc2f7aa98d52843ca66df82673', 'wbogan@example.org', 1, '1996-06-26 13:28:09', '2019-08-24 13:06:51'),
(55, 'f664b89f806995f3ec0d40199cc9bcd4', 'khilll@example.com', 0, '1975-05-11 01:17:00', '1984-02-17 22:33:36'),
(56, '75ddd7d8beb63deb2013d0e33e6194d6', 'qwilkinson@example.net', 1, '1999-07-09 04:20:25', '2008-11-23 12:45:43'),
(57, '264053169a3b44d5fc083b80cfad8d69', 'mckenna.balistreri@example.org', 1, '1981-08-17 07:57:07', '1985-05-18 15:43:49'),
(58, '5b575dda49d270d833503bb21a3e6450', 'madaline20@example.com', 1, '2007-09-10 03:39:55', '1975-09-25 20:27:58'),
(59, '81dfb413d6341189ca371cafeb79a0c2', 'pkub@example.org', 1, '1990-03-24 21:44:06', '1972-12-06 06:02:14'),
(60, 'a175703c5cb8c092c4b35adc052dbc4e', 'mabelle.russel@example.org', 1, '2011-02-27 03:56:20', '1972-07-10 04:07:08'),
(61, '709a69d49e5f1eb1381bcef51694dbee', 'arvilla83@example.net', 0, '2015-10-23 05:32:52', '1992-12-01 07:55:41'),
(62, '8a173e326a29208252f257c7ee84e765', 'jakob.kuhic@example.com', 1, '2013-06-09 07:17:33', '1995-02-03 04:23:27'),
(63, '318dc2505ada0cc6935b791c1a421271', 'jacobi.jordi@example.net', 0, '1994-07-08 14:37:13', '2015-02-18 05:36:19'),
(64, '3a2cb07ff13512229d82d77b6fba63f1', 'beaulah.denesik@example.org', 0, '2010-08-15 21:46:38', '2011-09-02 19:41:31'),
(65, '0ae1ac47d90922f7d57294bf2f4f4fef', 'nrenner@example.org', 1, '2008-06-19 23:42:34', '2010-05-23 09:38:12'),
(66, '0e6353316b7d293da68a6de839fa636f', 'stoltenberg.margaret@example.net', 0, '1972-10-24 18:11:38', '1983-08-19 07:24:43'),
(67, 'd6534136df887398a26c1d3a3cba7f6b', 'shannon.mayert@example.org', 0, '2010-09-05 14:07:51', '1997-03-03 07:45:20'),
(68, '191362e2ccdcc38f58c883203487ecbd', 'nhettinger@example.net', 1, '1982-02-13 04:58:37', '2020-01-31 01:37:37'),
(69, '471871f28afa47d64ee489772a1199ae', 'jay59@example.net', 0, '2014-01-12 07:32:31', '1979-03-10 03:10:17'),
(70, 'cb7b9e001bb69a103f9e5542db593965', 'reagan05@example.org', 1, '2019-05-28 12:32:36', '1995-06-19 04:02:30'),
(71, 'b6e181217be0044895816c1d6a588c7c', 'mccullough.ila@example.org', 0, '2008-07-23 02:51:56', '2010-02-04 19:14:29'),
(72, '006162730c0da3dcf834d739cdbc29f8', 'bdoyle@example.com', 0, '2004-04-02 10:16:28', '2013-07-10 04:47:20'),
(73, '0e7051378e83241d8e274b4a7b0b62da', 'ottis.keeling@example.com', 0, '2009-01-06 02:45:18', '2005-04-18 09:00:16'),
(74, '094305137fd87ccb8ac81c2e78dde567', 'wlowe@example.net', 1, '1996-11-16 12:30:10', '1974-08-07 15:12:27'),
(75, '7b241bd8f265995e459798ea7d4fcd0c', 'ritchie.kelli@example.com', 1, '1990-07-20 17:52:25', '1998-01-14 21:42:46'),
(76, '2f65b0ca8b3e245ba34938a6b15e19ba', 'dickinson.greta@example.net', 1, '1974-06-15 16:22:07', '1982-11-06 13:38:29'),
(77, 'd172679d2f5ae5fca2ef08af235d1020', 'schaefer.elisa@example.org', 1, '2015-04-11 02:36:40', '2014-04-02 12:42:54'),
(78, '7fc68bd9501efe3082655c1d479a76b4', 'zmiller@example.com', 0, '2000-06-26 19:52:15', '1987-04-20 17:50:29'),
(79, '1d9b8846ab04362d2c62e30efc07c378', 'genesis.balistreri@example.org', 1, '1995-02-07 18:46:31', '2008-03-05 06:16:57'),
(80, 'ad37d7934c5558246073082e4e575257', 'odessa.o\'conner@example.com', 0, '1993-02-11 02:12:47', '1983-03-11 08:31:26'),
(81, '1910d04608865db10388ca048e25bfb9', 'arch.macejkovic@example.com', 0, '2007-01-10 02:04:58', '2018-06-08 10:37:28'),
(82, 'c2d198cc315b5c7d1b73a9032cf04065', 'chelsey27@example.org', 0, '1977-08-05 18:47:55', '2003-12-27 21:48:27'),
(83, 'addf6f4b4ee98ddb0f6037788ac74818', 'homenick.talia@example.net', 1, '1982-09-03 20:06:14', '2003-12-22 13:56:39'),
(84, 'a21477adad50ccbb8434625a9ceebd60', 'willie.murphy@example.com', 1, '1994-12-06 05:20:27', '1984-11-24 06:13:01'),
(85, 'f8dfc88315b80def383db42cf965f0a9', 'roob.susana@example.org', 1, '1997-08-01 08:53:31', '2017-09-05 11:11:52'),
(86, 'dcbe35add4526cc58dbd7f64d5bff0af', 'xstehr@example.net', 1, '2011-08-04 10:40:59', '1993-02-04 07:34:11'),
(87, '68766e820f8cbd89c6b16c60686d2d27', 'minerva87@example.net', 1, '2010-11-13 04:34:36', '1986-01-04 19:06:16'),
(88, '9864749fb30175b3858754d76868374a', 'mariam.kreiger@example.net', 1, '1971-07-06 12:14:46', '2014-07-03 14:49:01'),
(89, '45c42b466c885c5d5557d85859745492', 'dawn.lesch@example.com', 0, '1971-10-21 03:14:20', '1992-12-02 06:46:22'),
(90, '03c3beedc19ecf4ca4b881780b3bf189', 'sreichert@example.net', 0, '1996-02-02 01:38:28', '1991-05-01 11:47:37'),
(91, '33bf59262e93978a151c50dc452ad537', 'rahul.hilll@example.net', 1, '1970-06-17 14:34:45', '1982-10-22 17:05:25'),
(92, '97d70dc8490f2bc3276eac57d0700a4f', 'wintheiser.katlynn@example.org', 1, '2004-06-29 11:36:38', '1992-12-14 06:11:48'),
(93, '779b2ad6882c2cde411f7a1e127be007', 'dooley.keon@example.org', 1, '1986-02-17 13:39:15', '2008-08-31 22:41:21'),
(94, 'fb0b549cea833f30a05ebe79f9adba40', 'otremblay@example.com', 1, '1984-05-29 19:35:38', '2004-10-28 20:38:07'),
(95, 'aec15909df324394c70a7a181f598529', 'ucormier@example.com', 0, '2002-07-14 21:39:01', '1999-06-01 21:56:17'),
(96, '76bdad28419b7f6d358eb032aee2aac8', 'ruthe.gaylord@example.com', 1, '1977-02-28 12:45:27', '2003-03-21 02:01:22'),
(97, '3a15eb0868537eea73a51d7179af390a', 'hermina32@example.net', 1, '1988-06-27 21:54:20', '1991-03-03 20:39:30'),
(98, '64e396779c0bb00e0366e31a85987bad', 'lucinda84@example.org', 0, '2002-12-12 16:34:13', '1985-01-28 09:52:16'),
(99, '9e7a00e553da54dfe96585c9c2f616c3', 'becker.alta@example.org', 0, '2019-07-25 06:07:05', '2019-12-14 11:30:16'),
(100, 'e82b711d2ae782845475180a6c0c4a16', 'daugherty.deshaun@example.com', 0, '2010-09-21 23:14:06', '2000-07-12 21:43:07');
DROP TRIGGER IF EXISTS `add_profile_data`;
DELIMITER $$
CREATE TRIGGER `add_profile_data` AFTER INSERT ON `users` FOR EACH ROW BEGIN
	INSERT INTO `profile`(`user_id`) VALUES (NEW.id);
END
$$
DELIMITER ;
DROP VIEW IF EXISTS `users_data_view`;
CREATE TABLE IF NOT EXISTS `users_data_view` (
`id` int(11)
,`email` varchar(128)
,`first_name` varchar(64)
,`last_name` varchar(64)
,`phone` varchar(32)
,`birthday` date
);

DROP TABLE IF EXISTS `users_edu_courses`;
CREATE TABLE IF NOT EXISTS `users_edu_courses` (
  `id` int(11) NOT NULL AUTO_INCREMENT,
  `users_edu_modules_id` int(11) DEFAULT NULL,
  `courses_id` int(11) DEFAULT NULL COMMENT 'Курс',
  `status` smallint(1) DEFAULT '0' COMMENT 'Статус',
  PRIMARY KEY (`id`),
  KEY `courses_id_index` (`courses_id`),
  KEY `status_index` (`status`),
  KEY `users_edu_modules_id_index` (`users_edu_modules_id`)
) ENGINE=InnoDB AUTO_INCREMENT=401 DEFAULT CHARSET=utf8;

INSERT INTO `users_edu_courses` (`id`, `users_edu_modules_id`, `courses_id`, `status`) VALUES
(1, 1, 1, 0),
(2, 2, 2, 0),
(3, 3, 3, 0),
(4, 4, 4, 0),
(5, 5, 5, 0),
(6, 6, 6, 0),
(7, 7, 7, 0),
(8, 8, 8, 0),
(9, 9, 1, 0),
(10, 10, 2, 0),
(11, 11, 3, 0),
(12, 12, 4, 0),
(13, 13, 5, 0),
(14, 14, 6, 0),
(15, 15, 7, 0),
(16, 16, 8, 0),
(17, 17, 1, 0),
(18, 18, 2, 0),
(19, 19, 3, 0),
(20, 20, 4, 0),
(21, 21, 5, 0),
(22, 22, 6, 0),
(23, 23, 7, 0),
(24, 24, 8, 0),
(25, 25, 1, 0),
(26, 26, 2, 0),
(27, 27, 3, 0),
(28, 28, 4, 0),
(29, 29, 5, 0),
(30, 30, 6, 0),
(31, 31, 7, 0),
(32, 32, 8, 0),
(33, 33, 1, 0),
(34, 34, 2, 0),
(35, 35, 3, 0),
(36, 36, 4, 0),
(37, 37, 5, 0),
(38, 38, 6, 0),
(39, 39, 7, 0),
(40, 40, 8, 0),
(41, 41, 1, 0),
(42, 42, 2, 0),
(43, 43, 3, 0),
(44, 44, 4, 0),
(45, 45, 5, 0),
(46, 46, 6, 0),
(47, 47, 7, 0),
(48, 48, 8, 0),
(49, 49, 1, 0),
(50, 50, 2, 0),
(51, 51, 3, 0),
(52, 52, 4, 0),
(53, 53, 5, 0),
(54, 54, 6, 0),
(55, 55, 7, 0),
(56, 56, 8, 0),
(57, 57, 1, 0),
(58, 58, 2, 0),
(59, 59, 3, 0),
(60, 60, 4, 0),
(61, 61, 5, 0),
(62, 62, 6, 0),
(63, 63, 7, 0),
(64, 64, 8, 0),
(65, 65, 1, 0),
(66, 66, 2, 0),
(67, 67, 3, 0),
(68, 68, 4, 0),
(69, 69, 5, 0),
(70, 70, 6, 0),
(71, 71, 7, 0),
(72, 72, 8, 0),
(73, 73, 1, 0),
(74, 74, 2, 0),
(75, 75, 3, 0),
(76, 76, 4, 0),
(77, 77, 5, 0),
(78, 78, 6, 0),
(79, 79, 7, 0),
(80, 80, 8, 0),
(81, 81, 1, 0),
(82, 82, 2, 0),
(83, 83, 3, 0),
(84, 84, 4, 0),
(85, 85, 5, 0),
(86, 86, 6, 0),
(87, 87, 7, 0),
(88, 88, 8, 0),
(89, 89, 1, 0),
(90, 90, 2, 0),
(91, 91, 3, 0),
(92, 92, 4, 0),
(93, 93, 5, 0),
(94, 94, 6, 0),
(95, 95, 7, 0),
(96, 96, 8, 0),
(97, 97, 1, 0),
(98, 98, 2, 0),
(99, 99, 3, 0),
(100, 100, 4, 0),
(101, 101, 5, 0),
(102, 102, 6, 0),
(103, 103, 7, 0),
(104, 104, 8, 0),
(105, 105, 1, 0),
(106, 106, 2, 0),
(107, 107, 3, 0),
(108, 108, 4, 0),
(109, 109, 5, 0),
(110, 110, 6, 0),
(111, 111, 7, 0),
(112, 112, 8, 0),
(113, 113, 1, 0),
(114, 114, 2, 0),
(115, 115, 3, 0),
(116, 116, 4, 0),
(117, 117, 5, 0),
(118, 118, 6, 0),
(119, 119, 7, 0),
(120, 120, 8, 0),
(121, 121, 1, 0),
(122, 122, 2, 0),
(123, 123, 3, 0),
(124, 124, 4, 0),
(125, 125, 5, 0),
(126, 126, 6, 0),
(127, 127, 7, 0),
(128, 128, 8, 0),
(129, 129, 1, 0),
(130, 130, 2, 0),
(131, 131, 3, 0),
(132, 132, 4, 0),
(133, 133, 5, 0),
(134, 134, 6, 0),
(135, 135, 7, 0),
(136, 136, 8, 0),
(137, 137, 1, 0),
(138, 138, 2, 0),
(139, 139, 3, 0),
(140, 140, 4, 0),
(141, 141, 5, 0),
(142, 142, 6, 0),
(143, 143, 7, 0),
(144, 144, 8, 0),
(145, 145, 1, 0),
(146, 146, 2, 0),
(147, 147, 3, 0),
(148, 148, 4, 0),
(149, 149, 5, 0),
(150, 150, 6, 0),
(151, 151, 7, 0),
(152, 152, 8, 0),
(153, 153, 1, 0),
(154, 154, 2, 0),
(155, 155, 3, 0),
(156, 156, 4, 0),
(157, 157, 5, 0),
(158, 158, 6, 0),
(159, 159, 7, 0),
(160, 160, 8, 0),
(161, 161, 1, 0),
(162, 162, 2, 0),
(163, 163, 3, 0),
(164, 164, 4, 0),
(165, 165, 5, 0),
(166, 166, 6, 0),
(167, 167, 7, 0),
(168, 168, 8, 0),
(169, 169, 1, 0),
(170, 170, 2, 0),
(171, 171, 3, 0),
(172, 172, 4, 0),
(173, 173, 5, 0),
(174, 174, 6, 0),
(175, 175, 7, 0),
(176, 176, 8, 0),
(177, 177, 1, 0),
(178, 178, 2, 0),
(179, 179, 3, 0),
(180, 180, 4, 0),
(181, 181, 5, 0),
(182, 182, 6, 0),
(183, 183, 7, 0),
(184, 184, 8, 0),
(185, 185, 1, 0),
(186, 186, 2, 0),
(187, 187, 3, 0),
(188, 188, 4, 0),
(189, 189, 5, 0),
(190, 190, 6, 0),
(191, 191, 7, 0),
(192, 192, 8, 0),
(193, 193, 1, 0),
(194, 194, 2, 0),
(195, 195, 3, 0),
(196, 196, 4, 0),
(197, 197, 5, 0),
(198, 198, 6, 0),
(199, 199, 7, 0),
(200, 200, 8, 0),
(201, 201, 1, 0),
(202, 202, 2, 0),
(203, 203, 3, 0),
(204, 204, 4, 0),
(205, 205, 5, 0),
(206, 206, 6, 0),
(207, 207, 7, 0),
(208, 208, 8, 0),
(209, 209, 1, 0),
(210, 210, 2, 0),
(211, 211, 3, 0),
(212, 212, 4, 0),
(213, 213, 5, 0),
(214, 214, 6, 0),
(215, 215, 7, 0),
(216, 216, 8, 0),
(217, 217, 1, 0),
(218, 218, 2, 0),
(219, 219, 3, 0),
(220, 220, 4, 0),
(221, 221, 5, 0),
(222, 222, 6, 0),
(223, 223, 7, 0),
(224, 224, 8, 0),
(225, 225, 1, 0),
(226, 226, 2, 0),
(227, 227, 3, 0),
(228, 228, 4, 0),
(229, 229, 5, 0),
(230, 230, 6, 0),
(231, 231, 7, 0),
(232, 232, 8, 0),
(233, 233, 1, 0),
(234, 234, 2, 0),
(235, 235, 3, 0),
(236, 236, 4, 0),
(237, 237, 5, 0),
(238, 238, 6, 0),
(239, 239, 7, 0),
(240, 240, 8, 0),
(241, 241, 1, 0),
(242, 242, 2, 0),
(243, 243, 3, 0),
(244, 244, 4, 0),
(245, 245, 5, 0),
(246, 246, 6, 0),
(247, 247, 7, 0),
(248, 248, 8, 0),
(249, 249, 1, 0),
(250, 250, 2, 0),
(251, 251, 3, 0),
(252, 252, 4, 0),
(253, 253, 5, 0),
(254, 254, 6, 0),
(255, 255, 7, 0),
(256, 256, 8, 0),
(257, 257, 1, 0),
(258, 258, 2, 0),
(259, 259, 3, 0),
(260, 260, 4, 0),
(261, 261, 5, 0),
(262, 262, 6, 0),
(263, 263, 7, 0),
(264, 264, 8, 0),
(265, 265, 1, 0),
(266, 266, 2, 0),
(267, 267, 3, 0),
(268, 268, 4, 0),
(269, 269, 5, 0),
(270, 270, 6, 0),
(271, 271, 7, 0),
(272, 272, 8, 0),
(273, 273, 1, 0),
(274, 274, 2, 0),
(275, 275, 3, 0),
(276, 276, 4, 0),
(277, 277, 5, 0),
(278, 278, 6, 0),
(279, 279, 7, 0),
(280, 280, 8, 0),
(281, 281, 1, 0),
(282, 282, 2, 0),
(283, 283, 3, 0),
(284, 284, 4, 0),
(285, 285, 5, 0),
(286, 286, 6, 0),
(287, 287, 7, 0),
(288, 288, 8, 0),
(289, 289, 1, 0),
(290, 290, 2, 0),
(291, 291, 3, 0),
(292, 292, 4, 0),
(293, 293, 5, 0),
(294, 294, 6, 0),
(295, 295, 7, 0),
(296, 296, 8, 0),
(297, 297, 1, 0),
(298, 298, 2, 0),
(299, 299, 3, 0),
(300, 300, 4, 0),
(301, 301, 5, 0),
(302, 302, 6, 0),
(303, 303, 7, 0),
(304, 304, 8, 0),
(305, 305, 1, 0),
(306, 306, 2, 0),
(307, 307, 3, 0),
(308, 308, 4, 0),
(309, 309, 5, 0),
(310, 310, 6, 0),
(311, 311, 7, 0),
(312, 312, 8, 0),
(313, 313, 1, 0),
(314, 314, 2, 0),
(315, 315, 3, 0),
(316, 316, 4, 0),
(317, 317, 5, 0),
(318, 318, 6, 0),
(319, 319, 7, 0),
(320, 320, 8, 0),
(321, 321, 1, 0),
(322, 322, 2, 0),
(323, 323, 3, 0),
(324, 324, 4, 0),
(325, 325, 5, 0),
(326, 326, 6, 0),
(327, 327, 7, 0),
(328, 328, 8, 0),
(329, 329, 1, 0),
(330, 330, 2, 0),
(331, 331, 3, 0),
(332, 332, 4, 0),
(333, 333, 5, 0),
(334, 334, 6, 0),
(335, 335, 7, 0),
(336, 336, 8, 0),
(337, 337, 1, 0),
(338, 338, 2, 0),
(339, 339, 3, 0),
(340, 340, 4, 0),
(341, 341, 5, 0),
(342, 342, 6, 0),
(343, 343, 7, 0),
(344, 344, 8, 0),
(345, 345, 1, 0),
(346, 346, 2, 0),
(347, 347, 3, 0),
(348, 348, 4, 0),
(349, 349, 5, 0),
(350, 350, 6, 0),
(351, 351, 7, 0),
(352, 352, 8, 0),
(353, 353, 1, 0),
(354, 354, 2, 0),
(355, 355, 3, 0),
(356, 356, 4, 0),
(357, 357, 5, 0),
(358, 358, 6, 0),
(359, 359, 7, 0),
(360, 360, 8, 0),
(361, 361, 1, 0),
(362, 362, 2, 0),
(363, 363, 3, 0),
(364, 364, 4, 0),
(365, 365, 5, 0),
(366, 366, 6, 0),
(367, 367, 7, 0),
(368, 368, 8, 0),
(369, 369, 1, 0),
(370, 370, 2, 0),
(371, 371, 3, 0),
(372, 372, 4, 0),
(373, 373, 5, 0),
(374, 374, 6, 0),
(375, 375, 7, 0),
(376, 376, 8, 0),
(377, 377, 1, 0),
(378, 378, 2, 0),
(379, 379, 3, 0),
(380, 380, 4, 0),
(381, 381, 5, 0),
(382, 382, 6, 0),
(383, 383, 7, 0),
(384, 384, 8, 0),
(385, 385, 1, 0),
(386, 386, 2, 0),
(387, 387, 3, 0),
(388, 388, 4, 0),
(389, 389, 5, 0),
(390, 390, 6, 0),
(391, 391, 7, 0),
(392, 392, 8, 0),
(393, 393, 1, 0),
(394, 394, 2, 0),
(395, 395, 3, 0),
(396, 396, 4, 0),
(397, 397, 5, 0),
(398, 398, 6, 0),
(399, 399, 7, 0),
(400, 400, 8, 0);

DROP TABLE IF EXISTS `users_edu_lessons`;
CREATE TABLE IF NOT EXISTS `users_edu_lessons` (
  `id` int(11) NOT NULL AUTO_INCREMENT,
  `users_edu_courses_id` int(11) DEFAULT NULL,
  `lessons_id` int(11) DEFAULT NULL COMMENT 'Урок',
  `status` smallint(1) DEFAULT '0' COMMENT 'Статус',
  `start_date` timestamp NOT NULL DEFAULT CURRENT_TIMESTAMP COMMENT 'Дата начала урока',
  PRIMARY KEY (`id`),
  KEY `lessons_id_index` (`lessons_id`),
  KEY `status_index` (`status`),
  KEY `users_edu_courses_id_index` (`users_edu_courses_id`)
) ENGINE=InnoDB AUTO_INCREMENT=401 DEFAULT CHARSET=utf8;

INSERT INTO `users_edu_lessons` (`id`, `users_edu_courses_id`, `lessons_id`, `status`, `start_date`) VALUES
(1, 1, 1, 0, '2017-10-31 04:23:29'),
(2, 2, 2, 0, '2008-04-13 12:56:41'),
(3, 3, 3, 0, '2006-04-06 04:36:49'),
(4, 4, 4, 0, '1971-09-05 21:52:14'),
(5, 5, 5, 0, '2006-11-30 01:11:44'),
(6, 6, 6, 0, '1978-02-20 01:21:06'),
(7, 7, 7, 0, '2002-07-18 04:09:56'),
(8, 8, 8, 0, '2012-10-16 03:02:32'),
(9, 9, 9, 0, '1970-01-15 17:08:52'),
(10, 10, 10, 0, '2010-01-07 04:03:05'),
(11, 11, 11, 0, '2018-08-15 07:10:06'),
(12, 12, 12, 0, '2001-02-14 00:52:12'),
(13, 13, 13, 0, '1981-03-28 22:06:54'),
(14, 14, 14, 0, '2016-04-14 14:58:23'),
(15, 15, 15, 0, '2017-09-04 07:12:18'),
(16, 16, 16, 0, '2005-01-01 13:10:05'),
(17, 17, 17, 0, '2006-01-14 13:35:24'),
(18, 18, 18, 0, '1991-03-25 03:08:22'),
(19, 19, 19, 0, '1985-04-07 09:04:56'),
(20, 20, 20, 0, '1993-04-16 15:47:54'),
(21, 21, 21, 0, '2012-10-19 21:14:53'),
(22, 22, 22, 0, '1995-07-17 02:38:00'),
(23, 23, 23, 0, '1992-05-23 02:35:38'),
(24, 24, 24, 0, '1980-01-23 13:04:08'),
(25, 25, 25, 0, '1972-02-18 18:45:18'),
(26, 26, 26, 0, '1988-06-12 12:36:27'),
(27, 27, 27, 0, '2005-11-05 16:09:30'),
(28, 28, 28, 0, '2004-04-19 21:06:31'),
(29, 29, 29, 0, '1971-06-09 00:30:32'),
(30, 30, 30, 0, '1982-03-20 11:56:04'),
(31, 31, 31, 0, '2003-02-03 10:27:57'),
(32, 32, 32, 0, '2007-09-01 18:27:10'),
(33, 33, 33, 0, '2000-04-10 02:48:26'),
(34, 34, 34, 0, '1971-11-01 16:23:58'),
(35, 35, 35, 0, '1988-04-20 10:36:06'),
(36, 36, 36, 0, '2007-10-31 15:59:05'),
(37, 37, 37, 0, '2004-11-29 15:24:18'),
(38, 38, 38, 0, '1972-07-21 06:32:37'),
(39, 39, 39, 0, '2017-10-25 22:12:58'),
(40, 40, 40, 0, '1982-10-31 11:42:55'),
(41, 41, 41, 0, '1991-09-04 08:36:09'),
(42, 42, 42, 0, '2007-09-05 10:03:56'),
(43, 43, 43, 0, '1986-03-24 06:10:45'),
(44, 44, 44, 0, '1986-03-07 08:45:56'),
(45, 45, 45, 0, '1995-04-22 05:19:26'),
(46, 46, 46, 0, '2000-06-18 09:29:01'),
(47, 47, 47, 0, '1976-12-08 11:23:19'),
(48, 48, 48, 0, '2001-03-12 07:06:45'),
(49, 49, 49, 0, '1999-03-09 06:17:48'),
(50, 50, 50, 0, '1976-01-01 20:51:29'),
(51, 51, 1, 0, '2002-10-24 00:27:56'),
(52, 52, 2, 0, '1977-08-27 12:12:06'),
(53, 53, 3, 0, '1980-09-01 01:29:47'),
(54, 54, 4, 0, '2011-01-25 17:28:42'),
(55, 55, 5, 0, '2004-02-20 16:19:52'),
(56, 56, 6, 0, '1983-08-29 10:42:37'),
(57, 57, 7, 0, '1982-05-25 02:26:04'),
(58, 58, 8, 0, '2009-02-10 08:30:58'),
(59, 59, 9, 0, '1975-04-12 18:41:39'),
(60, 60, 10, 0, '2000-07-25 03:19:52'),
(61, 61, 11, 0, '2012-09-07 06:17:10'),
(62, 62, 12, 0, '2016-12-16 00:02:34'),
(63, 63, 13, 0, '2012-05-20 06:38:10'),
(64, 64, 14, 0, '1970-05-08 23:26:24'),
(65, 65, 15, 0, '1984-05-12 05:23:46'),
(66, 66, 16, 0, '1979-08-29 08:06:01'),
(67, 67, 17, 0, '2002-09-01 07:41:52'),
(68, 68, 18, 0, '1987-10-20 14:34:54'),
(69, 69, 19, 0, '1996-02-27 04:46:26'),
(70, 70, 20, 0, '1977-05-20 00:11:56'),
(71, 71, 21, 0, '1983-05-27 18:02:39'),
(72, 72, 22, 0, '1992-12-07 17:47:54'),
(73, 73, 23, 0, '1970-06-20 06:14:50'),
(74, 74, 24, 0, '2003-09-19 19:26:41'),
(75, 75, 25, 0, '1985-06-28 17:36:05'),
(76, 76, 26, 0, '1976-11-09 09:37:45'),
(77, 77, 27, 0, '1984-12-12 05:43:19'),
(78, 78, 28, 0, '2012-03-21 18:24:41'),
(79, 79, 29, 0, '1991-03-10 04:52:08'),
(80, 80, 30, 0, '1980-01-13 07:25:32'),
(81, 81, 31, 0, '1999-09-07 12:45:48'),
(82, 82, 32, 0, '1989-04-12 07:30:44'),
(83, 83, 33, 0, '2007-07-28 10:26:48'),
(84, 84, 34, 0, '2004-03-01 21:43:16'),
(85, 85, 35, 0, '1983-10-11 22:29:54'),
(86, 86, 36, 0, '1980-10-06 14:55:22'),
(87, 87, 37, 0, '1986-04-21 01:10:45'),
(88, 88, 38, 0, '1989-02-07 03:18:22'),
(89, 89, 39, 0, '2010-08-22 13:12:52'),
(90, 90, 40, 0, '2007-01-28 14:46:48'),
(91, 91, 41, 0, '1977-01-21 02:01:16'),
(92, 92, 42, 0, '1972-02-11 12:10:01'),
(93, 93, 43, 0, '2017-09-05 07:55:41'),
(94, 94, 44, 0, '1985-12-08 14:33:24'),
(95, 95, 45, 0, '2012-03-13 05:12:22'),
(96, 96, 46, 0, '1992-02-28 04:16:59'),
(97, 97, 47, 0, '2019-10-24 21:58:57'),
(98, 98, 48, 0, '2019-02-15 06:22:32'),
(99, 99, 49, 0, '1976-04-29 06:16:51'),
(100, 100, 50, 0, '1987-09-23 20:14:32'),
(101, 101, 1, 0, '2018-10-20 23:26:26'),
(102, 102, 2, 0, '2019-08-20 11:17:41'),
(103, 103, 3, 0, '1982-09-21 05:26:29'),
(104, 104, 4, 0, '1985-11-25 09:22:49'),
(105, 105, 5, 0, '1993-04-08 15:00:11'),
(106, 106, 6, 0, '1979-10-15 15:02:17'),
(107, 107, 7, 0, '1995-04-05 05:43:33'),
(108, 108, 8, 0, '1986-04-05 13:15:26'),
(109, 109, 9, 0, '1979-08-29 19:23:33'),
(110, 110, 10, 0, '2002-09-27 23:58:00'),
(111, 111, 11, 0, '1999-05-10 05:04:16'),
(112, 112, 12, 0, '1990-07-05 18:57:37'),
(113, 113, 13, 0, '1987-05-23 13:58:30'),
(114, 114, 14, 0, '1990-03-23 17:38:05'),
(115, 115, 15, 0, '2001-10-27 22:50:55'),
(116, 116, 16, 0, '2003-07-17 05:29:56'),
(117, 117, 17, 0, '1979-06-29 00:48:54'),
(118, 118, 18, 0, '1998-03-06 07:00:01'),
(119, 119, 19, 0, '1996-09-01 21:47:46'),
(120, 120, 20, 0, '1974-05-19 04:03:05'),
(121, 121, 21, 0, '1991-09-21 16:36:39'),
(122, 122, 22, 0, '1991-07-30 17:56:35'),
(123, 123, 23, 0, '1970-04-23 13:23:07'),
(124, 124, 24, 0, '2003-05-02 22:10:42'),
(125, 125, 25, 0, '1991-12-21 18:51:15'),
(126, 126, 26, 0, '2006-09-13 20:31:39'),
(127, 127, 27, 0, '1993-04-02 13:40:46'),
(128, 128, 28, 0, '2004-08-23 18:48:02'),
(129, 129, 29, 0, '1997-02-24 13:33:24'),
(130, 130, 30, 0, '2014-06-02 00:30:22'),
(131, 131, 31, 0, '2016-09-03 09:05:47'),
(132, 132, 32, 0, '2008-11-06 20:26:17'),
(133, 133, 33, 0, '1990-11-03 12:13:17'),
(134, 134, 34, 0, '2001-04-18 10:15:34'),
(135, 135, 35, 0, '1997-11-28 10:32:00'),
(136, 136, 36, 0, '2016-11-18 23:50:57'),
(137, 137, 37, 0, '2017-06-02 19:16:24'),
(138, 138, 38, 0, '1980-09-05 10:16:46'),
(139, 139, 39, 0, '2018-09-12 23:06:57'),
(140, 140, 40, 0, '2007-07-05 05:58:05'),
(141, 141, 41, 0, '1996-10-02 18:08:40'),
(142, 142, 42, 0, '2002-10-23 00:01:29'),
(143, 143, 43, 0, '1985-08-05 18:05:22'),
(144, 144, 44, 0, '1991-11-20 23:42:49'),
(145, 145, 45, 0, '1970-11-14 11:30:37'),
(146, 146, 46, 0, '1974-12-01 21:25:04'),
(147, 147, 47, 0, '1984-11-16 08:43:25'),
(148, 148, 48, 0, '1977-03-02 08:27:58'),
(149, 149, 49, 0, '1976-12-20 14:01:27'),
(150, 150, 50, 0, '1992-04-02 15:30:41'),
(151, 151, 1, 0, '1996-01-04 11:38:53'),
(152, 152, 2, 0, '1982-06-07 01:03:25'),
(153, 153, 3, 0, '2016-01-22 11:57:14'),
(154, 154, 4, 0, '1975-06-14 09:44:58'),
(155, 155, 5, 0, '1987-11-20 20:37:22'),
(156, 156, 6, 0, '2019-06-18 22:38:00'),
(157, 157, 7, 0, '1985-10-19 23:21:32'),
(158, 158, 8, 0, '1986-12-24 09:50:50'),
(159, 159, 9, 0, '2001-12-24 11:37:41'),
(160, 160, 10, 0, '1996-07-31 10:41:56'),
(161, 161, 11, 0, '2009-06-08 22:02:34'),
(162, 162, 12, 0, '1993-11-22 17:03:57'),
(163, 163, 13, 0, '1983-05-16 21:26:33'),
(164, 164, 14, 0, '1974-01-30 00:07:07'),
(165, 165, 15, 0, '1989-04-10 17:04:49'),
(166, 166, 16, 0, '1978-11-20 10:48:57'),
(167, 167, 17, 0, '1990-11-14 16:15:47'),
(168, 168, 18, 0, '2006-06-29 08:48:41'),
(169, 169, 19, 0, '1988-03-04 05:57:29'),
(170, 170, 20, 0, '2011-02-17 19:12:33'),
(171, 171, 21, 0, '1972-05-18 05:42:28'),
(172, 172, 22, 0, '1973-01-01 23:16:02'),
(173, 173, 23, 0, '2001-04-28 16:42:17'),
(174, 174, 24, 0, '1984-04-24 10:44:48'),
(175, 175, 25, 0, '1972-02-22 17:52:56'),
(176, 176, 26, 0, '2002-10-28 14:12:06'),
(177, 177, 27, 0, '1975-10-17 11:06:32'),
(178, 178, 28, 0, '2001-10-31 08:07:10'),
(179, 179, 29, 0, '2015-01-31 16:30:01'),
(180, 180, 30, 0, '2018-06-22 22:38:04'),
(181, 181, 31, 0, '1970-12-06 13:06:23'),
(182, 182, 32, 0, '1997-12-01 11:10:56'),
(183, 183, 33, 0, '1986-11-03 00:35:42'),
(184, 184, 34, 0, '1995-12-26 23:34:56'),
(185, 185, 35, 0, '1998-11-04 14:50:58'),
(186, 186, 36, 0, '2015-06-17 01:30:59'),
(187, 187, 37, 0, '1978-03-16 11:47:30'),
(188, 188, 38, 0, '1995-10-31 11:25:27'),
(189, 189, 39, 0, '2012-09-17 00:26:54'),
(190, 190, 40, 0, '1978-07-28 19:38:58'),
(191, 191, 41, 0, '2004-12-18 07:41:23'),
(192, 192, 42, 0, '1996-02-14 10:18:16'),
(193, 193, 43, 0, '1988-03-29 08:04:42'),
(194, 194, 44, 0, '2006-02-05 02:51:46'),
(195, 195, 45, 0, '1979-11-15 16:35:25'),
(196, 196, 46, 0, '1980-12-16 13:18:14'),
(197, 197, 47, 0, '1998-11-24 03:49:27'),
(198, 198, 48, 0, '1986-03-08 09:37:04'),
(199, 199, 49, 0, '1994-06-20 12:13:32'),
(200, 200, 50, 0, '1984-09-24 21:39:36'),
(201, 201, 1, 0, '2017-04-17 02:36:04'),
(202, 202, 2, 0, '1973-01-04 18:13:22'),
(203, 203, 3, 0, '1997-12-28 10:18:12'),
(204, 204, 4, 0, '2012-12-18 15:34:10'),
(205, 205, 5, 0, '1999-10-22 16:58:59'),
(206, 206, 6, 0, '1992-09-19 10:01:00'),
(207, 207, 7, 0, '1995-12-31 04:57:55'),
(208, 208, 8, 0, '1985-02-06 18:28:39'),
(209, 209, 9, 0, '2017-04-23 14:22:27'),
(210, 210, 10, 0, '2002-09-22 13:44:29'),
(211, 211, 11, 0, '2017-11-14 23:06:28'),
(212, 212, 12, 0, '1998-02-26 18:18:49'),
(213, 213, 13, 0, '2000-04-24 08:33:38'),
(214, 214, 14, 0, '1989-01-04 13:23:35'),
(215, 215, 15, 0, '1999-01-27 06:01:44'),
(216, 216, 16, 0, '1970-01-21 09:09:51'),
(217, 217, 17, 0, '1990-02-15 15:55:31'),
(218, 218, 18, 0, '1995-03-05 17:34:58'),
(219, 219, 19, 0, '2017-12-16 21:11:06'),
(220, 220, 20, 0, '1978-02-21 22:06:15'),
(221, 221, 21, 0, '2016-06-20 02:21:01'),
(222, 222, 22, 0, '1970-01-24 12:44:16'),
(223, 223, 23, 0, '2016-04-29 03:12:36'),
(224, 224, 24, 0, '1981-01-11 05:04:52'),
(225, 225, 25, 0, '2009-11-07 15:21:39'),
(226, 226, 26, 0, '1996-10-01 17:48:47'),
(227, 227, 27, 0, '1970-10-11 02:47:16'),
(228, 228, 28, 0, '1996-10-05 21:50:23'),
(229, 229, 29, 0, '1977-08-15 19:55:52'),
(230, 230, 30, 0, '2006-09-26 11:23:21'),
(231, 231, 31, 0, '2006-12-25 17:10:28'),
(232, 232, 32, 0, '2002-08-24 01:46:18'),
(233, 233, 33, 0, '2007-02-28 02:10:04'),
(234, 234, 34, 0, '2012-01-27 20:34:43'),
(235, 235, 35, 0, '1982-06-06 16:48:01'),
(236, 236, 36, 0, '2014-01-01 08:44:44'),
(237, 237, 37, 0, '1982-03-14 09:13:09'),
(238, 238, 38, 0, '1980-03-29 09:20:10'),
(239, 239, 39, 0, '2019-11-29 03:29:13'),
(240, 240, 40, 0, '2019-03-09 00:17:08'),
(241, 241, 41, 0, '1992-12-21 07:20:04'),
(242, 242, 42, 0, '2015-08-31 00:01:52'),
(243, 243, 43, 0, '1970-12-24 01:19:42'),
(244, 244, 44, 0, '2011-11-19 16:40:35'),
(245, 245, 45, 0, '2015-11-17 12:28:33'),
(246, 246, 46, 0, '1997-10-10 07:50:43'),
(247, 247, 47, 0, '1992-06-09 20:32:16'),
(248, 248, 48, 0, '1991-08-31 07:49:51'),
(249, 249, 49, 0, '1994-10-02 22:53:51'),
(250, 250, 50, 0, '1991-03-03 00:47:51'),
(251, 251, 1, 0, '1970-11-13 20:47:41'),
(252, 252, 2, 0, '2009-05-18 22:38:33'),
(253, 253, 3, 0, '1999-02-04 19:30:26'),
(254, 254, 4, 0, '1989-04-21 18:07:35'),
(255, 255, 5, 0, '2017-10-13 01:20:30'),
(256, 256, 6, 0, '2014-07-09 15:20:09'),
(257, 257, 7, 0, '2005-09-01 09:03:26'),
(258, 258, 8, 0, '1984-04-17 22:15:21'),
(259, 259, 9, 0, '1977-08-06 00:40:32'),
(260, 260, 10, 0, '2019-09-01 12:04:46'),
(261, 261, 11, 0, '1975-11-21 03:30:25'),
(262, 262, 12, 0, '1993-04-24 14:19:22'),
(263, 263, 13, 0, '1995-04-04 19:54:46'),
(264, 264, 14, 0, '2015-07-26 07:41:41'),
(265, 265, 15, 0, '2005-01-19 08:27:55'),
(266, 266, 16, 0, '2016-12-10 17:53:10'),
(267, 267, 17, 0, '2017-10-23 23:51:26'),
(268, 268, 18, 0, '2004-01-21 07:06:33'),
(269, 269, 19, 0, '2012-02-02 17:05:24'),
(270, 270, 20, 0, '2010-02-07 05:36:43'),
(271, 271, 21, 0, '2014-06-08 13:31:37'),
(272, 272, 22, 0, '2015-02-05 08:53:39'),
(273, 273, 23, 0, '2014-02-15 01:17:16'),
(274, 274, 24, 0, '1982-01-28 17:30:09'),
(275, 275, 25, 0, '1983-03-08 13:33:10'),
(276, 276, 26, 0, '1997-06-14 20:27:50'),
(277, 277, 27, 0, '2007-03-26 07:11:52'),
(278, 278, 28, 0, '1996-01-06 13:31:20'),
(279, 279, 29, 0, '1973-03-07 15:41:27'),
(280, 280, 30, 0, '1986-03-15 02:22:31'),
(281, 281, 31, 0, '1988-03-17 01:19:24'),
(282, 282, 32, 0, '2009-03-08 09:47:27'),
(283, 283, 33, 0, '1978-05-21 06:52:56'),
(284, 284, 34, 0, '1997-01-01 22:20:28'),
(285, 285, 35, 0, '1984-02-04 22:17:07'),
(286, 286, 36, 0, '1991-06-11 14:47:22'),
(287, 287, 37, 0, '2015-08-28 10:24:41'),
(288, 288, 38, 0, '1972-12-27 21:44:28'),
(289, 289, 39, 0, '2004-10-10 13:11:22'),
(290, 290, 40, 0, '1983-08-23 21:43:39'),
(291, 291, 41, 0, '2018-08-09 21:18:17'),
(292, 292, 42, 0, '1981-08-10 11:10:07'),
(293, 293, 43, 0, '2006-11-04 19:29:58'),
(294, 294, 44, 0, '1977-11-07 16:07:17'),
(295, 295, 45, 0, '2000-05-14 05:44:34'),
(296, 296, 46, 0, '2014-02-20 04:21:29'),
(297, 297, 47, 0, '2001-11-21 04:01:05'),
(298, 298, 48, 0, '1976-09-27 06:42:19'),
(299, 299, 49, 0, '2012-02-26 10:21:28'),
(300, 300, 50, 0, '1974-11-09 12:39:25'),
(301, 301, 1, 0, '2001-04-24 05:20:52'),
(302, 302, 2, 0, '2002-07-03 09:42:35'),
(303, 303, 3, 0, '2002-02-13 12:51:50'),
(304, 304, 4, 0, '1994-07-22 19:18:14'),
(305, 305, 5, 0, '2003-09-01 12:44:38'),
(306, 306, 6, 0, '2019-06-05 16:00:23'),
(307, 307, 7, 0, '2009-03-12 11:05:00'),
(308, 308, 8, 0, '2018-05-06 05:57:29'),
(309, 309, 9, 0, '1984-01-23 14:22:00'),
(310, 310, 10, 0, '2019-10-10 04:40:58'),
(311, 311, 11, 0, '2012-08-15 09:21:22'),
(312, 312, 12, 0, '1994-01-03 06:49:39'),
(313, 313, 13, 0, '1979-11-14 12:02:32'),
(314, 314, 14, 0, '1984-11-10 07:44:03'),
(315, 315, 15, 0, '1982-06-26 18:48:33'),
(316, 316, 16, 0, '2015-09-03 07:11:11'),
(317, 317, 17, 0, '2017-01-02 04:09:01'),
(318, 318, 18, 0, '2016-02-19 12:35:37'),
(319, 319, 19, 0, '2016-11-09 16:12:37'),
(320, 320, 20, 0, '1988-11-04 21:21:40'),
(321, 321, 21, 0, '1996-09-25 22:12:45'),
(322, 322, 22, 0, '1994-06-13 16:26:04'),
(323, 323, 23, 0, '2000-04-22 13:30:41'),
(324, 324, 24, 0, '1990-10-12 18:28:07'),
(325, 325, 25, 0, '2002-02-14 12:51:47'),
(326, 326, 26, 0, '1977-12-18 07:26:02'),
(327, 327, 27, 0, '2002-09-26 11:20:47'),
(328, 328, 28, 0, '1987-04-29 02:56:47'),
(329, 329, 29, 0, '1988-10-08 14:10:47'),
(330, 330, 30, 0, '2005-01-28 11:37:54'),
(331, 331, 31, 0, '2013-11-22 23:48:22'),
(332, 332, 32, 0, '2008-03-18 23:03:21'),
(333, 333, 33, 0, '1998-07-27 20:14:35'),
(334, 334, 34, 0, '1992-02-13 22:31:48'),
(335, 335, 35, 0, '1981-03-14 18:25:20'),
(336, 336, 36, 0, '1984-12-24 23:52:47'),
(337, 337, 37, 0, '2013-09-23 19:33:36'),
(338, 338, 38, 0, '2013-11-04 22:00:07'),
(339, 339, 39, 0, '2000-11-14 16:28:59'),
(340, 340, 40, 0, '1981-04-23 17:17:39'),
(341, 341, 41, 0, '1983-07-09 12:01:49'),
(342, 342, 42, 0, '2018-11-25 04:43:03'),
(343, 343, 43, 0, '1997-03-15 03:17:14'),
(344, 344, 44, 0, '1987-04-06 18:02:03'),
(345, 345, 45, 0, '1976-05-22 11:11:19'),
(346, 346, 46, 0, '2018-03-29 22:30:26'),
(347, 347, 47, 0, '1982-12-28 17:41:20'),
(348, 348, 48, 0, '1971-06-20 12:13:47'),
(349, 349, 49, 0, '2017-08-15 10:11:41'),
(350, 350, 50, 0, '1990-09-20 00:31:55'),
(351, 351, 1, 0, '1970-02-22 21:45:18'),
(352, 352, 2, 0, '1970-06-06 20:31:25'),
(353, 353, 3, 0, '2003-01-24 03:38:27'),
(354, 354, 4, 0, '2017-10-04 11:26:27'),
(355, 355, 5, 0, '1993-09-14 09:48:38'),
(356, 356, 6, 0, '1976-05-15 23:13:56'),
(357, 357, 7, 0, '1970-10-23 21:58:42'),
(358, 358, 8, 0, '1976-07-14 02:10:00'),
(359, 359, 9, 0, '1994-07-09 09:58:41'),
(360, 360, 10, 0, '1984-04-13 22:21:18'),
(361, 361, 11, 0, '2019-03-14 07:35:07'),
(362, 362, 12, 0, '1989-02-11 19:22:00'),
(363, 363, 13, 0, '1983-11-23 18:02:19'),
(364, 364, 14, 0, '1976-07-02 15:20:51'),
(365, 365, 15, 0, '1984-06-05 20:07:59'),
(366, 366, 16, 0, '1988-06-23 02:33:36'),
(367, 367, 17, 0, '1998-03-16 15:18:55'),
(368, 368, 18, 0, '1984-03-09 15:12:47'),
(369, 369, 19, 0, '1982-08-10 01:29:09'),
(370, 370, 20, 0, '2000-11-28 13:15:41'),
(371, 371, 21, 0, '1977-10-08 14:09:20'),
(372, 372, 22, 0, '2009-01-15 16:08:05'),
(373, 373, 23, 0, '1971-09-14 14:19:23'),
(374, 374, 24, 0, '1979-08-07 09:10:46'),
(375, 375, 25, 0, '2015-10-10 14:47:36'),
(376, 376, 26, 0, '2006-03-22 06:36:56'),
(377, 377, 27, 0, '1974-07-02 18:15:05'),
(378, 378, 28, 0, '2011-11-18 05:14:07'),
(379, 379, 29, 0, '1975-11-06 19:34:27'),
(380, 380, 30, 0, '1981-08-03 21:53:41'),
(381, 381, 31, 0, '1990-02-20 21:36:03'),
(382, 382, 32, 0, '2016-10-27 08:47:48'),
(383, 383, 33, 0, '1980-10-03 18:19:28'),
(384, 384, 34, 0, '2003-09-24 17:00:11'),
(385, 385, 35, 0, '2004-06-11 07:19:28'),
(386, 386, 36, 0, '2005-11-13 01:20:08'),
(387, 387, 37, 0, '1999-07-29 17:26:46'),
(388, 388, 38, 0, '1995-09-20 06:32:29'),
(389, 389, 39, 0, '1997-09-25 23:51:53'),
(390, 390, 40, 0, '1977-03-28 03:10:17'),
(391, 391, 41, 0, '1973-06-09 23:58:21'),
(392, 392, 42, 0, '2010-12-15 05:02:19'),
(393, 393, 43, 0, '1993-11-11 22:59:07'),
(394, 394, 44, 0, '2004-12-19 21:30:20'),
(395, 395, 45, 0, '1984-07-18 07:40:46'),
(396, 396, 46, 0, '1978-09-25 01:07:24'),
(397, 397, 47, 0, '2014-12-03 13:30:05'),
(398, 398, 48, 0, '2008-11-24 14:27:28'),
(399, 399, 49, 0, '1980-09-04 02:23:38'),
(400, 400, 50, 0, '2018-02-23 15:52:34');

DROP TABLE IF EXISTS `users_edu_lessons_tests`;
CREATE TABLE IF NOT EXISTS `users_edu_lessons_tests` (
  `id` int(11) NOT NULL AUTO_INCREMENT,
  `users_edu_lessons_id` int(11) DEFAULT NULL,
  `tests_id` int(11) DEFAULT NULL COMMENT 'Задание',
  `description` varchar(255) DEFAULT NULL COMMENT 'Ответ на задание',
  `create_date` timestamp NOT NULL DEFAULT CURRENT_TIMESTAMP COMMENT 'Дата создания',
  `update_date` timestamp NOT NULL DEFAULT CURRENT_TIMESTAMP ON UPDATE CURRENT_TIMESTAMP COMMENT 'Дата обновления',
  PRIMARY KEY (`id`),
  KEY `tests_id_index` (`tests_id`),
  KEY `users_edu_lessons_id_index` (`users_edu_lessons_id`)
) ENGINE=InnoDB AUTO_INCREMENT=401 DEFAULT CHARSET=utf8;

INSERT INTO `users_edu_lessons_tests` (`id`, `users_edu_lessons_id`, `tests_id`, `description`, `create_date`, `update_date`) VALUES
(1, 1, 1, 'Non vel harum ut ratione et maiores. Eos omnis hic et ipsa. Et sit et non architecto cum. Tempora voluptates accusamus sunt error autem aperiam laborum.', '1985-02-25 11:12:03', '1993-11-23 05:07:43'),
(2, 2, 2, 'Adipisci officiis quod harum tempora eaque. Eum consequatur commodi nobis cumque blanditiis ut. Voluptatem quae qui ut exercitationem ut. Deleniti sequi natus vel impedit necessitatibus autem nemo impedit.', '1975-10-29 10:01:13', '1980-09-30 05:12:14'),
(3, 3, 3, 'Est impedit fuga ut nulla quis id. Consectetur quia quis cumque sed. Est veritatis fugit autem iure harum.', '1999-12-30 12:24:34', '1994-01-05 20:44:03'),
(4, 4, 4, 'Id quia facere architecto ipsa ducimus amet totam. Vel excepturi in rem corrupti ut. Libero ea et quaerat dolore incidunt labore quia. Vel assumenda aut et.', '2005-09-06 14:44:48', '1989-01-05 22:15:46'),
(5, 5, 5, 'Reiciendis voluptas repellat labore esse et. Repellat ducimus ipsa quisquam. Nam quia sint accusamus nemo omnis.', '1985-05-18 09:23:28', '1983-11-14 20:37:38'),
(6, 6, 6, 'Consequatur fugit esse quasi magni nam sit voluptatem repellat. Eos facere hic dolorem dicta minima in quae. Consequatur quaerat doloremque facere aut.', '1971-11-09 07:59:10', '2003-07-31 03:55:45'),
(7, 7, 7, 'Dolore est doloremque eius quibusdam. Tempora nostrum voluptas non qui enim voluptatem itaque quisquam. Magnam sint id ut enim dolore. Incidunt id iste dignissimos saepe.', '2004-02-09 08:32:57', '1997-08-11 21:12:58'),
(8, 8, 8, 'Deleniti reprehenderit eum modi eaque rerum ipsam. Aliquam doloremque odio velit illum velit et. Nemo quo quod officiis voluptate qui iusto voluptatum. Quam repudiandae omnis et facere magnam.', '1976-04-21 19:46:49', '1972-01-20 13:33:18'),
(9, 9, 9, 'Quis est earum doloremque beatae totam. Tempore odio consequatur aut quam eligendi perferendis. Laboriosam eligendi ea fugiat qui eum quam. Debitis corporis neque ut ex.', '1979-03-15 09:29:08', '1999-01-21 14:20:19'),
(10, 10, 10, 'Autem velit dolores impedit exercitationem iusto ut. Laudantium aut architecto voluptas corrupti aut perspiciatis ipsum.', '2018-06-08 17:59:26', '1997-11-06 10:18:07'),
(11, 11, 11, 'In sed quas consequuntur ratione accusantium. Quasi quae et cumque aperiam. Sit expedita qui consequuntur tempora eveniet vel. Quidem fugiat et assumenda laborum non amet.', '1996-06-24 16:44:37', '2012-02-26 20:27:06'),
(12, 12, 12, 'Qui laborum aperiam consequatur ut. Ut iste eaque asperiores sapiente perferendis voluptatem et. Voluptas molestiae vitae quos quas.', '1987-07-12 13:28:38', '2012-12-29 14:40:55'),
(13, 13, 13, 'Quas ratione aut commodi et eius vel maiores deserunt. Non repellat minima deserunt eligendi voluptatem incidunt voluptatem. Harum eos aliquam recusandae. Quas laborum porro cupiditate et.', '1990-05-31 10:05:25', '1973-01-05 02:40:03'),
(14, 14, 14, 'Nisi ullam similique id perferendis. Enim dicta quia beatae accusamus. Veritatis consequatur et delectus enim voluptatem magnam aut. Temporibus nemo tenetur dolorum occaecati.', '1988-10-07 23:41:20', '1975-10-18 15:14:16'),
(15, 15, 15, 'Odit commodi quos laudantium pariatur et ut. Fugit consequuntur delectus voluptatem tenetur voluptatem eum. Temporibus magni ad non. Est animi culpa illo.', '2017-07-10 03:23:53', '1994-07-11 08:23:27'),
(16, 16, 16, 'Eius culpa commodi id adipisci eum aliquam fugiat. Nulla veniam eos qui officiis. Alias non quia veritatis sit odio occaecati sit. Harum quo itaque et enim error.', '1996-10-09 20:06:56', '2000-02-19 21:51:02'),
(17, 17, 17, 'Commodi est laborum cumque doloremque. Esse earum pariatur in qui pariatur ut dicta. Eaque molestiae commodi consectetur repellendus. Rem est dolores vel. Aut quod rerum optio nam qui nihil aut.', '1982-03-14 16:05:29', '1994-02-08 00:42:42'),
(18, 18, 18, 'Voluptas eaque doloribus eligendi ut. Unde nesciunt numquam pariatur. Sunt blanditiis aspernatur nihil numquam. Aut voluptatem vitae rem officiis facere accusantium ratione quaerat.', '1980-07-20 19:14:36', '1987-08-23 00:35:05'),
(19, 19, 19, 'Ea omnis iste non nemo voluptas. Dolorum est eos voluptatem qui consectetur sint blanditiis. Et vitae in consequatur quas. Et consequatur eaque nisi pariatur alias nihil.', '2003-11-22 16:16:45', '2016-12-24 06:28:44'),
(20, 20, 20, 'Vero eos aperiam aperiam iure suscipit in sint. Non libero veritatis quasi dolores aperiam magnam nisi. Numquam aut aspernatur ea voluptate tempore. Consequatur molestiae blanditiis eos eum quisquam.', '1986-06-06 18:22:44', '2015-01-13 11:51:09'),
(21, 21, 21, 'Sit autem veritatis quaerat vitae ea. Blanditiis rem porro esse doloremque exercitationem autem iusto. Est veritatis qui ad quaerat. Ullam exercitationem reiciendis eum adipisci rerum quidem. At inventore sapiente in iusto qui.', '1988-08-20 23:13:43', '1973-02-25 00:08:51'),
(22, 22, 22, 'Voluptas et est provident qui perspiciatis reiciendis cum quaerat. In consectetur excepturi excepturi in dolorem. Excepturi consectetur est dolorem et est. Ea quam architecto animi dolore quis.', '2007-07-16 12:00:24', '2001-02-23 16:24:11'),
(23, 23, 23, 'Officiis sit deleniti ducimus cupiditate dolores dolor expedita. Ex aut natus sint consequatur quae cum. Beatae voluptate a suscipit minima et quod nulla.', '1970-06-21 02:51:15', '1976-09-18 01:41:40'),
(24, 24, 24, 'Distinctio qui totam et qui. Praesentium voluptas placeat maxime autem veniam veniam qui. Modi magnam est officiis molestias sed ut. In fugit error modi.', '2002-03-10 19:47:30', '1996-01-11 11:36:20'),
(25, 25, 25, 'Ut nemo dolorum dolor aliquid nobis molestiae. Est saepe maxime aut reiciendis. Vitae neque vitae voluptatem explicabo deleniti.', '1971-08-21 19:07:48', '1990-09-01 18:40:06'),
(26, 26, 26, 'Facere non reprehenderit et rem repellendus. Asperiores culpa maiores sit quis architecto maxime molestias. Voluptas sapiente voluptas labore.', '2002-02-02 22:02:43', '1970-04-07 17:23:33'),
(27, 27, 27, 'Quisquam sed hic a autem. Hic qui eum ullam.', '2003-10-16 06:27:46', '1970-06-15 03:26:01'),
(28, 28, 28, 'Dolorem incidunt quia dolor est. Molestias iure nam voluptates. Itaque harum et nisi quia asperiores aut.', '1996-07-31 19:18:01', '1981-11-28 02:01:43'),
(29, 29, 29, 'Excepturi numquam qui libero quod dolore. Iusto sequi laboriosam consequuntur facere. Qui sapiente autem maxime enim. Iure corrupti ducimus non.', '1978-12-31 13:05:49', '1986-06-20 02:30:12'),
(30, 30, 30, 'Est veritatis enim non non delectus alias. Aperiam rerum fugit sit unde. Soluta expedita deserunt cumque cumque minima sunt sapiente sed.', '1987-03-21 06:51:05', '2019-04-02 10:20:27'),
(31, 31, 31, 'Nihil eaque a optio ut iusto. Voluptatem aspernatur et impedit omnis iste quia consectetur. Reprehenderit qui odit voluptates quia et. Porro deleniti animi corporis.', '1987-08-17 21:19:57', '1990-05-26 10:48:51'),
(32, 32, 32, 'Asperiores aspernatur perferendis est est. Sunt repellat est quo. Consectetur nostrum harum reprehenderit fuga.', '1989-08-13 06:58:05', '2015-07-24 23:53:18'),
(33, 33, 33, 'Veniam quasi temporibus quos ut quo eaque molestias. Sed et eos rerum quam voluptas repellat. Et perferendis recusandae voluptatem reiciendis.', '2017-05-04 03:59:23', '2011-05-13 13:04:28'),
(34, 34, 34, 'Aut eaque sapiente esse rerum eveniet voluptas adipisci. Et assumenda consectetur ipsam voluptatem. Dolor vero odit voluptatum quia neque adipisci. Magnam corporis architecto et eligendi sequi deserunt. Et maiores nobis consectetur repellat dolores nisi.', '2018-12-12 00:50:34', '1977-06-07 15:02:10'),
(35, 35, 35, 'Quis similique aperiam sit ut quia. Inventore praesentium aut dolor aut nihil qui sed.', '1997-01-15 15:49:40', '2018-01-18 21:43:51'),
(36, 36, 36, 'Sit ea aliquid maxime beatae libero cumque maiores et. Eaque eum illo odit rerum qui consequuntur doloremque. Eaque dolor cum laudantium dolorem explicabo atque.', '1993-10-05 14:06:17', '1975-03-07 23:36:30'),
(37, 37, 37, 'Fuga enim doloremque rerum ipsa et. Quia qui commodi quisquam alias aspernatur voluptatum a. Ad omnis officiis odit quasi quia commodi velit. Aut aspernatur sint nostrum et quo.', '2009-07-04 05:34:10', '1979-02-08 11:48:41'),
(38, 38, 38, 'Quia in blanditiis dignissimos. Dolor error voluptates quidem commodi a nostrum sed.', '2019-05-21 23:58:56', '1980-06-27 11:04:47'),
(39, 39, 39, 'Nihil at magnam dolor dolorem voluptatem qui possimus. Error autem ad excepturi et. Possimus dolores voluptatem aspernatur error ea. Sapiente et illo aut.', '1985-05-31 17:43:38', '1998-07-01 12:00:42'),
(40, 40, 40, 'Fugiat dolores vel voluptas vel. Illo quia voluptatem ut omnis. Quod debitis eum sint qui repudiandae tempore. Ad placeat voluptatum explicabo necessitatibus omnis.', '2008-12-22 23:40:42', '1973-09-04 13:32:20'),
(41, 41, 41, 'Eveniet ut eveniet sed aut repellendus. Consequuntur eius repellat repellat aut eos. Et ipsum dolorem in nesciunt earum. Quis corporis illo omnis.', '1974-07-13 11:34:54', '1994-12-06 03:01:54'),
(42, 42, 42, 'Cupiditate odit sit necessitatibus ut atque tempore corporis. Accusamus amet et aut. Ex dolorem voluptatem fugit repellat incidunt quia molestiae.', '1991-01-01 16:20:07', '1982-01-24 04:38:10'),
(43, 43, 43, 'Enim facilis atque reprehenderit nulla vel. Iusto dolores fuga provident. Distinctio voluptatem nemo aut qui soluta blanditiis quam sed.', '2018-04-18 13:47:04', '1983-04-20 04:59:41'),
(44, 44, 44, 'Sed et consequatur nihil magnam. Asperiores voluptas et est quas.', '1990-06-30 11:00:10', '1984-06-02 02:10:40'),
(45, 45, 45, 'Consectetur eum enim voluptatibus est consequatur debitis quo. Nihil accusantium hic nihil id veritatis est.', '2008-01-12 16:26:15', '1986-11-25 01:45:18'),
(46, 46, 46, 'Libero ea autem optio est dolores consequatur. Veniam amet ad veniam autem provident voluptas. Quod expedita quo modi architecto doloribus.', '2001-11-08 12:36:00', '1989-03-23 03:28:07'),
(47, 47, 47, 'Cum est consequatur quas ea aliquid et. Voluptas voluptate et rem soluta iusto voluptatibus eum. Debitis et fugit sed perferendis.', '1995-10-22 00:38:55', '1987-09-06 23:42:31'),
(48, 48, 48, 'In officiis sit earum ab aut porro molestiae amet. Neque dolores voluptatibus aut reiciendis similique. Molestiae corporis in id minima in sed. Quasi doloremque qui sint maxime ullam porro sequi.', '1976-05-18 17:35:27', '1987-04-05 06:37:06'),
(49, 49, 49, 'Reiciendis quidem voluptate mollitia consectetur. Ut et sed suscipit laudantium placeat consequatur. Eos omnis consequatur incidunt qui sint totam id.', '1984-06-12 19:16:00', '1988-01-13 15:45:41'),
(50, 50, 50, 'Expedita dolor esse dolor voluptatem et et placeat. Aut adipisci animi fugiat delectus fuga molestias et quia. Doloremque facere voluptas perspiciatis error sed et mollitia. Eligendi similique consectetur repellendus et odit sed omnis quis. Ipsa dolorem e', '1988-10-01 23:03:26', '1973-09-16 03:40:31'),
(51, 51, 51, 'Ullam eveniet possimus omnis. Odio eius similique eum enim neque nesciunt. Qui ipsam laborum dolorem et cum qui.', '1989-11-03 14:27:26', '1979-04-12 23:00:12'),
(52, 52, 52, 'Molestiae deserunt beatae cupiditate accusantium dolores. Nihil quo mollitia id voluptas. Sed voluptatem aperiam molestiae laboriosam et. Sunt ea minus magnam rerum magnam.', '1980-07-10 05:30:19', '2002-02-09 18:49:46'),
(53, 53, 53, 'Excepturi deserunt exercitationem quia cumque illo officiis ullam. Quibusdam vero quaerat ipsam error nulla nulla.', '2003-03-31 15:36:14', '1978-02-06 04:30:19'),
(54, 54, 54, 'Debitis unde fugit vel quod quidem facere voluptates. Accusamus est est omnis repellendus facilis consequatur quis. Consequatur velit autem sit eius ut eveniet.', '1988-03-02 10:29:03', '1976-05-19 09:08:38'),
(55, 55, 55, 'Vel in amet est qui. Vel omnis blanditiis autem maiores quos debitis. Aut et error itaque temporibus architecto minus quis.', '1971-09-19 02:04:22', '2004-02-29 12:02:49'),
(56, 56, 56, 'Consequatur aspernatur eius praesentium vitae sit. Deleniti similique officia quasi optio. Sint commodi tenetur qui odit velit quia placeat. Cum corrupti excepturi molestiae sit.', '1976-01-08 06:59:11', '2006-01-01 18:16:26'),
(57, 57, 57, 'Velit nobis dicta soluta doloremque qui cupiditate quo. Consequatur nihil vitae ducimus maxime.', '1974-09-05 09:49:40', '1983-06-01 23:46:03'),
(58, 58, 58, 'Et et aut qui sit aut molestiae. Quos aperiam quos et libero. Illo architecto rerum voluptatum et est est. Sed minima ad hic odio.', '2014-11-16 13:36:06', '1993-03-12 23:06:11'),
(59, 59, 59, 'Fugiat temporibus tempora et pariatur. Et assumenda officia adipisci. Ut et et commodi molestiae dolor corrupti odio. Itaque voluptas tempore saepe sit.', '2012-07-06 05:03:24', '1976-10-25 06:42:25'),
(60, 60, 60, 'Atque quia ex expedita iste consequatur minus. Vel nostrum sed consequatur alias. Quasi architecto aliquam maiores architecto nihil non error.', '1984-05-27 05:27:23', '1999-01-20 11:22:25'),
(61, 61, 61, 'Praesentium explicabo vero ex delectus. Atque quia enim temporibus quam velit doloremque quo. Culpa ipsum aut earum beatae.', '1999-09-29 06:20:43', '1993-08-24 00:03:15'),
(62, 62, 62, 'Porro in delectus facilis qui fugiat voluptate pariatur. Quia accusamus accusamus natus temporibus in fuga accusantium. Rerum labore dolore doloribus qui beatae soluta iusto.', '2005-05-25 21:11:05', '2006-02-05 11:48:32'),
(63, 63, 63, 'Ipsa harum ut nihil ipsum minus aut. Quo delectus sint accusantium ad sed hic eveniet. Quisquam consequatur explicabo nam assumenda eum non. Voluptas et omnis hic sit exercitationem optio voluptates illum.', '2017-06-16 12:35:51', '2018-07-11 15:14:40'),
(64, 64, 64, 'Laboriosam non repudiandae id consequatur et quis. Suscipit doloremque nisi dolorem quisquam quidem sed sint. Ipsa ut et aperiam labore quia iste non. Laborum unde doloremque consequatur perspiciatis rerum qui aperiam veritatis.', '2003-02-19 13:37:36', '1973-10-19 01:43:17'),
(65, 65, 65, 'Autem sunt sapiente eveniet sed sapiente. Aspernatur repellendus est omnis et.', '2000-09-26 13:16:37', '1976-01-21 02:20:59'),
(66, 66, 66, 'Fuga pariatur officia veniam placeat quam qui iusto. Fuga dolores qui delectus praesentium laborum vel. In qui molestias et optio nesciunt voluptatem sint. Sint et enim voluptas porro eos.', '2008-04-13 13:59:41', '2004-11-17 06:15:19'),
(67, 67, 67, 'Est et quo quas totam ut sapiente non. Officiis inventore sint quia voluptatibus tenetur quaerat cupiditate inventore. Qui praesentium porro odio incidunt repellendus.', '1984-11-14 02:04:01', '1994-07-12 00:06:02'),
(68, 68, 68, 'Assumenda consequatur laboriosam harum illum. Veniam officiis velit labore aut. Qui est suscipit ut et hic ut odio.', '2008-12-11 07:10:22', '1996-08-11 15:13:18'),
(69, 69, 69, 'Sed delectus dolor quo aperiam maxime odio consectetur laboriosam. Possimus sunt sunt maxime non. Autem voluptatem dolore asperiores saepe. Ad neque ea libero ipsa voluptatem ipsa. Quos magnam enim quo doloribus laboriosam.', '2017-10-06 14:17:48', '1984-10-07 18:01:54'),
(70, 70, 70, 'Autem veritatis odit quos velit voluptatum. Fuga vel aut laudantium nostrum possimus. Temporibus quam nesciunt maxime modi et deserunt sit. Numquam ex praesentium quod.', '2010-08-01 06:29:13', '1999-10-20 04:45:03'),
(71, 71, 71, 'Est tempora omnis odit harum in omnis facere eaque. Ullam et qui dolorum dolore nobis. Pariatur repudiandae tenetur eligendi dolores mollitia.', '1996-01-08 22:35:34', '1977-08-25 11:14:47'),
(72, 72, 72, 'Libero ipsa officia dignissimos nihil eos. At et tenetur enim sit suscipit dicta deleniti. Ipsam consectetur et illum dolor repellendus.', '1977-11-11 05:41:43', '1984-08-19 05:46:07'),
(73, 73, 73, 'Ut consequatur ut unde aspernatur consequatur. Neque qui sed laborum tempore quae. Et neque tempora incidunt dolorem nobis officia cumque atque.', '1979-10-30 04:08:07', '2015-05-23 10:13:58'),
(74, 74, 74, 'Sunt quos ab corporis est alias doloribus odio. Non enim illum quas laborum. Ab recusandae eius dolorem excepturi animi.', '2018-10-31 23:59:17', '1983-01-21 08:25:24'),
(75, 75, 75, 'Eius molestiae accusantium aut repudiandae omnis veritatis maiores. Et pariatur voluptatibus quae voluptatum odio. Exercitationem est ipsa suscipit impedit.', '1973-03-09 07:19:10', '1984-02-15 03:46:59'),
(76, 76, 76, 'Consectetur quas accusamus nemo quam. Sunt et at ut dolor. Dolorem laboriosam voluptas perspiciatis suscipit alias. Non non rerum aperiam architecto non praesentium non.', '1971-04-13 20:19:40', '2013-07-03 07:14:39'),
(77, 77, 77, 'Asperiores rerum similique voluptatum quo. Aliquid dolore placeat quia id. Libero et qui debitis earum. Fugiat ab recusandae accusamus ipsum temporibus explicabo.', '2006-01-18 20:02:37', '1971-05-19 07:30:52'),
(78, 78, 78, 'Odit aliquam itaque soluta assumenda nostrum minus omnis. Porro rerum quos doloremque eveniet molestiae voluptatem esse est. Officiis quis provident debitis expedita labore.', '1973-09-27 18:42:55', '1984-07-01 12:28:24'),
(79, 79, 79, 'Officia incidunt quaerat consectetur unde maiores illo. A sed ut atque qui non. Aut officiis soluta iusto non ut voluptas ut. Pariatur facilis dolores sed velit voluptates voluptate est.', '2012-05-17 23:12:50', '1999-07-28 00:23:54'),
(80, 80, 80, 'Non qui totam magni et. Recusandae ut eos quae quia illum rerum assumenda. Deleniti non odio est quod quo omnis qui.', '1970-08-14 16:09:47', '1970-07-02 00:58:59'),
(81, 81, 81, 'Architecto pariatur molestiae quaerat saepe atque temporibus unde. Nihil maiores quisquam harum corporis sapiente. Ex excepturi error eveniet sit vel repellat officiis. Inventore non sint aliquam repudiandae aspernatur distinctio.', '2004-08-03 07:47:08', '2013-10-19 23:02:27'),
(82, 82, 82, 'Fugit amet molestiae qui sunt. Tempore sed in vero numquam. Praesentium deleniti molestiae ut eveniet autem.', '2008-04-07 16:37:16', '1985-11-18 15:53:44'),
(83, 83, 83, 'Beatae labore veritatis quas reprehenderit ex ea. Sit ad numquam ut. Expedita deleniti molestiae soluta iure quaerat saepe cumque. Aut ut sit rerum veritatis voluptates quaerat voluptatibus quidem.', '2004-11-16 01:04:41', '1977-06-18 18:55:09'),
(84, 84, 84, 'Esse vel aut nostrum dolore praesentium eius distinctio quos. Unde sit vel expedita asperiores ut autem. Est illo tenetur laborum omnis.', '1990-10-01 10:16:40', '1983-09-10 00:54:58'),
(85, 85, 85, 'Molestias similique ratione aut et voluptatem aliquid voluptas. Explicabo vel aut quaerat vero. Magni nemo ab magnam non.', '2008-06-27 05:42:12', '1991-10-12 01:14:21'),
(86, 86, 86, 'Explicabo ut deleniti ut eius. Enim voluptate minima eos aut in. Dolores sed iste animi rerum quibusdam laboriosam. Quae rem consequuntur maxime.', '1992-09-15 01:20:33', '1991-07-08 05:29:43'),
(87, 87, 87, 'Deserunt iure quisquam beatae provident repellat dicta sed. Error ut rem nesciunt quisquam vel ratione exercitationem ut. Ipsam voluptates ut cumque. Et saepe rem sed quos ad.', '1975-08-24 05:58:47', '2017-06-29 11:32:17'),
(88, 88, 88, 'Aperiam a harum aut explicabo nam commodi eos. Voluptatem libero enim sunt ab magnam. Cupiditate recusandae tempore quas et pariatur qui inventore corrupti.', '1983-07-18 04:51:13', '1985-07-25 15:41:15'),
(89, 89, 89, 'Dolor quia enim et aspernatur ratione officiis laudantium. Consectetur tempore dignissimos minus perspiciatis esse iste.', '2001-12-20 16:05:04', '2012-06-18 19:23:44'),
(90, 90, 90, 'Rerum repellendus sit itaque qui id totam et. Cupiditate dolore laboriosam qui veniam illum provident ut. Totam est id a consequatur. Omnis minus dicta labore non mollitia accusamus laboriosam.', '1972-09-16 14:14:07', '2010-03-19 09:33:39'),
(91, 91, 91, 'Fugit incidunt et quisquam. Maxime totam beatae facere officiis laudantium porro fugiat. Et et id ut fuga inventore mollitia. Hic dolores minus beatae in qui sint labore quas.', '2009-09-09 11:16:21', '1971-09-01 23:07:45'),
(92, 92, 92, 'Eius numquam magnam ex. Ut est neque ipsam officia omnis est ipsa. Odit aut doloribus necessitatibus. Quam optio aut amet est pariatur nostrum aut.', '2010-09-18 03:26:57', '2015-01-17 08:38:13'),
(93, 93, 93, 'Accusantium voluptas corporis qui quia. Temporibus quisquam porro sunt molestias architecto rerum. Est et facere et exercitationem vitae. Inventore facilis voluptatem in odit sed blanditiis sapiente.', '1974-12-03 10:05:43', '1990-02-07 15:23:24'),
(94, 94, 94, 'Molestias illum asperiores facere quo. Occaecati vitae quam sequi aut. Dolorem sed aliquam dolores adipisci illo harum omnis.', '1992-07-06 10:33:45', '1975-06-04 01:44:20'),
(95, 95, 95, 'Quasi dolor qui consequuntur qui. Reiciendis fuga suscipit praesentium nulla dolores tempore qui. Soluta culpa quaerat sunt id optio mollitia.', '2005-03-30 05:29:39', '1981-12-07 08:26:23'),
(96, 96, 96, 'Dignissimos harum et occaecati vero. Voluptas in vel sunt odit et non dolores. Sequi dolor dolore quidem ut et. Eveniet odit vero ut ducimus et accusamus.', '1983-07-19 21:21:30', '2004-10-04 11:53:28'),
(97, 97, 97, 'Aut voluptas ut est et expedita impedit nostrum quia. Ut sed maxime non voluptas amet odit incidunt. Et aut qui provident eos suscipit.', '1980-12-23 08:00:46', '1977-03-06 09:56:57'),
(98, 98, 98, 'Veniam inventore et aut corporis non. Numquam voluptas et qui adipisci. Maxime sint qui fugiat quasi omnis voluptate. Vel sed ipsum explicabo non incidunt enim asperiores. Dolorem laborum aut ea.', '2012-05-17 16:44:25', '2003-10-21 08:39:14'),
(99, 99, 99, 'Non accusantium cum accusantium. Saepe ipsum nemo numquam et eius facilis. Voluptate est sequi nemo ea voluptatem dolores.', '2017-08-23 21:38:20', '1980-01-12 17:23:34'),
(100, 100, 100, 'Deserunt porro reiciendis laborum a. Quam omnis alias et exercitationem culpa maiores molestiae. Aut recusandae numquam perferendis eaque iste asperiores ipsa. Et fuga aut sunt odio.', '1976-10-23 09:57:06', '1984-12-21 22:25:59'),
(101, 101, 1, 'Cumque ullam beatae inventore aut provident laboriosam est. Fuga in aliquid quae qui. Dicta delectus velit quis quibusdam nihil error sit illum. Facilis consequuntur sit commodi.', '1986-09-23 00:50:10', '1992-05-30 22:39:27'),
(102, 102, 2, 'Et consequatur placeat aut consequatur est dignissimos. Voluptas sunt consequatur ut corporis id. Sit aut sunt velit rem a nisi velit. Ad porro debitis ducimus vero autem voluptates.', '1993-03-16 09:33:05', '1997-08-28 23:10:19'),
(103, 103, 3, 'At numquam et officiis qui dolorum quisquam. Ipsa ut atque inventore suscipit aut. Quo amet et repellat enim exercitationem iure voluptas ipsam. Qui non non dolorem illum repellat.', '1976-08-24 02:05:09', '1983-02-03 01:39:15'),
(104, 104, 4, 'Ut maxime nam facere quisquam nobis. Dolores in quidem placeat cum omnis labore est.', '1975-08-20 15:30:47', '2001-06-22 00:44:17'),
(105, 105, 5, 'Minima unde iure omnis quas enim eos. Repellat nam expedita perspiciatis consequatur. Eaque quod atque magnam aut eaque aut eos ipsam. Fuga voluptatem culpa debitis ex sed omnis sit tempore. Voluptas ipsum assumenda mollitia.', '2019-04-22 11:37:23', '1979-07-11 14:21:40'),
(106, 106, 6, 'Beatae non adipisci eos voluptatem cupiditate quas veritatis. Modi neque magnam dolorem ea dolore necessitatibus. Quibusdam quas quam ad veniam.', '1974-06-16 18:05:41', '1973-07-02 20:53:56'),
(107, 107, 7, 'Maxime quidem laboriosam accusantium enim doloremque aut expedita. Quia voluptatibus ex officiis sequi qui libero accusantium eaque. Autem dolorum et veniam.', '1972-09-06 00:01:01', '2001-07-26 08:57:45'),
(108, 108, 8, 'Esse omnis amet eligendi. Ut harum quo vel voluptates nulla aut eaque. Iure ut dolor incidunt ad natus sequi sit. Dignissimos consequatur minus autem accusantium quis dignissimos. Rerum provident at dolore nesciunt et.', '2002-04-19 21:56:28', '2002-12-13 21:34:33'),
(109, 109, 9, 'Rerum fuga qui vel rerum sequi velit et. Id accusamus assumenda ipsam aliquid. Non quisquam quos dolores optio ut a nobis.', '1972-07-14 07:50:01', '1988-01-15 23:12:21'),
(110, 110, 10, 'Exercitationem nihil similique sequi. Harum et ad quia quia incidunt facilis maxime aut. Et amet ut illo quis aut. Ullam cupiditate velit harum placeat et eum commodi.', '1987-07-02 16:08:19', '2016-05-31 17:47:29'),
(111, 111, 11, 'Quo dolorum rerum dolores vel architecto itaque. In doloribus doloremque deserunt.', '2006-01-08 08:32:02', '2009-10-06 16:55:11'),
(112, 112, 12, 'Voluptatem et molestiae minima quod. Quas aspernatur rerum quis labore aliquid aliquam unde. Accusantium numquam ducimus aliquam mollitia sint provident est.', '1987-10-14 11:28:11', '1970-04-26 12:20:08'),
(113, 113, 13, 'Repellendus et aut quod architecto qui. Vel adipisci illo totam est porro dolorem ratione. Quas quasi dolor enim repellat repudiandae.', '1998-01-02 02:43:29', '1971-08-01 07:42:14'),
(114, 114, 14, 'Nostrum quo maiores voluptatum voluptates voluptatem et. Dolores qui cupiditate voluptas odio minus odio fugiat. Sed nam magni amet sunt. Deserunt unde qui qui ipsum expedita doloremque voluptas ipsa.', '2016-12-07 06:50:41', '2001-07-24 14:05:40'),
(115, 115, 15, 'Explicabo officiis sint nihil doloribus qui delectus. Officiis repudiandae rerum blanditiis deserunt. Quis sunt est quidem vel. Corporis beatae ratione atque impedit molestiae nihil.', '1986-08-20 00:55:14', '1983-07-01 03:48:19'),
(116, 116, 16, 'Nulla hic deleniti qui eos. Occaecati architecto dolore autem molestiae. Repudiandae alias sed perferendis.', '1979-04-27 22:09:37', '1995-03-03 10:57:29'),
(117, 117, 17, 'Unde ad et et saepe. Sed cupiditate dignissimos et et quidem labore quisquam. Id eius ut accusantium excepturi. Ad similique quaerat reiciendis voluptates iusto inventore dolorem praesentium.', '2014-04-30 10:29:03', '1997-06-23 06:36:18'),
(118, 118, 18, 'Quas porro error aut laudantium iure iste dolores. Ducimus soluta deleniti quibusdam facere doloribus deserunt. Deserunt est maiores qui consequuntur.', '2017-03-29 10:33:44', '1979-02-07 13:47:32'),
(119, 119, 19, 'Et et est aut doloremque officia placeat. Qui aut fugiat fugiat et tempore. Perferendis odio molestiae suscipit harum quaerat. Et nihil rerum quos id natus.', '1994-06-02 08:46:24', '2019-03-18 18:38:40'),
(120, 120, 20, 'Culpa atque repellat dolor ullam et quam porro corporis. Dolorem et eum optio ut ut et aliquid. Error odit possimus facilis quisquam.', '2003-07-09 10:44:57', '2015-03-08 20:53:24'),
(121, 121, 21, 'Esse neque ducimus iusto officiis eligendi. Rerum nostrum magni accusamus pariatur.', '2008-05-23 16:55:40', '1989-03-01 22:36:47'),
(122, 122, 22, 'Id nihil et nam voluptatum. Eligendi inventore fuga quas quam iste. Suscipit officiis itaque magnam aut excepturi quia aut. Mollitia ut quis officiis eius magni.', '1982-02-04 14:31:35', '1979-09-05 18:30:46'),
(123, 123, 23, 'Animi modi aut illum nisi fugit nostrum. Nemo magnam distinctio aut nisi consequatur. Temporibus maxime sint ut enim. Aut quisquam ipsa ea autem eos ducimus.', '1989-10-23 18:27:26', '1995-01-01 00:34:02'),
(124, 124, 24, 'Et repellat sint incidunt quia sunt. Aperiam labore tempore numquam quos. Autem et in corporis tenetur esse. Eaque reiciendis velit quis est nihil illum eaque quo. Deleniti molestiae aut quod expedita error omnis.', '1974-03-27 08:43:34', '1995-10-16 05:05:25'),
(125, 125, 25, 'Delectus voluptas doloribus sit accusantium laudantium pariatur. Ut optio iste velit dolores non veniam est. Atque beatae velit qui iste repellat qui. Illo magnam minima nisi nisi.', '2005-05-21 16:38:42', '1981-09-04 08:54:33'),
(126, 126, 26, 'Eos saepe rerum aut nesciunt esse enim perferendis. Sit doloremque aliquam quis perferendis velit nostrum eaque. Deleniti maxime similique veritatis iste iusto culpa consequuntur. Exercitationem tenetur provident perspiciatis blanditiis et quis.', '1982-04-03 18:00:38', '1999-11-12 09:30:41'),
(127, 127, 27, 'Repudiandae id voluptatem illum ut unde similique aliquid. Consectetur error sed autem. Ipsa velit quisquam quisquam voluptatem. Et est nemo totam consequatur voluptatibus iste nulla.', '2013-03-01 20:13:13', '2001-03-31 04:30:05'),
(128, 128, 28, 'Consequatur tempora ratione provident voluptate. Mollitia esse excepturi qui est eos sint. Provident iure dolor eum architecto rem tempore itaque. Quas voluptatem qui modi id et inventore sed voluptas.', '2007-10-02 15:26:05', '1979-05-26 07:54:33'),
(129, 129, 29, 'Nisi enim a voluptates delectus consectetur. Nobis aut molestiae consequatur vero aut est illum modi. Et voluptas est occaecati adipisci ut et.', '2019-12-18 14:51:38', '1998-04-25 11:48:27'),
(130, 130, 30, 'Illum porro est temporibus est sint ex laboriosam excepturi. Itaque tenetur doloremque quia. Voluptatibus doloremque commodi quis.', '2012-11-11 23:11:16', '1988-08-21 23:14:56'),
(131, 131, 31, 'Aut eum magni iure libero. Et tempore omnis voluptates quia eum cupiditate suscipit. Aut vel exercitationem et qui est mollitia amet.', '1991-09-21 21:02:11', '2005-10-04 20:35:41'),
(132, 132, 32, 'Molestiae molestiae tenetur et reiciendis eligendi. Adipisci non soluta tempora corrupti. Magni sint qui id.', '1975-05-06 15:56:22', '2014-08-05 12:02:30'),
(133, 133, 33, 'Sunt et qui et ex dolores voluptates dolor minima. Earum autem optio pariatur ipsum est. Eos perspiciatis dolor rerum excepturi ut facilis beatae incidunt. Expedita magnam dicta possimus aut.', '2001-12-25 10:19:05', '1983-09-01 20:27:01'),
(134, 134, 34, 'Dolore nostrum impedit dolore. Dolorem ut totam recusandae dolor numquam. Soluta voluptate voluptatem facilis asperiores et ad aperiam.', '1989-04-25 10:08:43', '1970-06-27 12:54:48'),
(135, 135, 35, 'Autem nesciunt rerum tempore rem aliquid itaque. Sed eius sint porro deleniti voluptatem. Aut molestiae odio voluptatem. Dolores voluptatibus maxime excepturi. Illum tempora ea excepturi cupiditate aut et est mollitia.', '1980-12-06 22:19:12', '1983-12-03 05:59:49'),
(136, 136, 36, 'Tenetur autem aspernatur qui reprehenderit culpa dolorem laudantium at. Corrupti nihil debitis ut commodi. Quis commodi cum et aut nemo amet officia. Deleniti et est pariatur consequatur. Culpa consequuntur ut minus quis voluptas eos ut.', '1986-05-01 15:55:18', '2013-04-13 21:09:18'),
(137, 137, 37, 'Consequuntur repudiandae maiores ipsa dolore consequatur. Quae molestiae saepe corporis voluptas labore. Doloremque dolorum totam omnis tempore explicabo.', '2008-04-03 19:13:02', '1970-07-03 12:42:03'),
(138, 138, 38, 'Facilis mollitia magni temporibus labore assumenda. Voluptas veritatis in dolores dolor. Aut et quasi reiciendis praesentium. Assumenda sit et et.', '1990-07-22 01:16:14', '1976-02-18 00:58:59'),
(139, 139, 39, 'Voluptatem aut repudiandae error odit. Tempore eos earum aut sed non suscipit eos. Et voluptatem aut quia suscipit voluptatibus voluptates.', '2015-03-10 23:33:58', '1972-04-21 23:25:12'),
(140, 140, 40, 'Minus harum vel quos error. Sit dolorem quod expedita laboriosam vitae non. Voluptatum ad ullam magnam quam commodi assumenda. Nulla deleniti odit hic doloribus consectetur at ut.', '1979-03-20 16:41:52', '1999-11-19 13:18:11'),
(141, 141, 41, 'Saepe molestias adipisci sed sit quasi reprehenderit est. Qui adipisci sint sapiente fuga consequatur qui quod. Qui eius reiciendis odit magnam laborum. Sint nostrum suscipit sed pariatur quasi.', '1979-04-16 15:44:28', '1998-10-14 22:26:30'),
(142, 142, 42, 'Ea nobis molestias iusto deleniti et et dolor. Explicabo consectetur enim ea animi et. Vel quisquam illo aut molestiae debitis dignissimos aut animi. Error pariatur sit iusto qui est eius sed minima.', '1983-05-27 07:24:10', '1972-04-02 23:30:00'),
(143, 143, 43, 'Eum soluta expedita inventore quis. Repellat ut aspernatur quas eos. Rerum aperiam nisi odit sunt sapiente iusto.', '1975-11-21 12:34:04', '2015-12-18 06:33:11'),
(144, 144, 44, 'Illum ab omnis suscipit commodi a dolor incidunt qui. Labore provident quo nesciunt rerum quasi sit. Ipsa perspiciatis corrupti sed non quam. Asperiores accusamus et harum iste. A sequi autem doloremque voluptatem cupiditate.', '1977-03-04 00:40:14', '1994-08-15 12:41:52'),
(145, 145, 45, 'Beatae totam quos quo ullam et voluptatem at. Dolorum consequatur consectetur sed nulla sed autem. Quis eum voluptate voluptas nihil adipisci commodi voluptates.', '2000-05-18 00:50:40', '1996-03-06 03:38:23'),
(146, 146, 46, 'Qui accusantium magnam odio harum exercitationem ipsum. Asperiores fuga hic tenetur optio perspiciatis in quibusdam. Illum accusantium et et aut nihil. Et rem sapiente architecto ut consequuntur illo at.', '1995-04-06 18:39:07', '1999-04-08 10:05:36'),
(147, 147, 47, 'Sed quia ad modi voluptatibus facilis quae at repellendus. Sed a molestiae cum est molestias. Dolore amet illo ea qui eaque. Maxime non facere commodi totam rerum quia.', '1999-01-14 07:10:44', '1971-02-22 21:08:58'),
(148, 148, 48, 'Enim non repellendus omnis vel ea quidem consequatur fugit. Dolorem harum pariatur non aut et.', '2015-03-09 10:21:25', '2009-11-19 03:16:35'),
(149, 149, 49, 'Impedit sequi totam repudiandae consequatur numquam repellendus. Placeat neque at sit omnis. Dolores voluptatem et deleniti et.', '1992-01-01 21:42:44', '2002-09-17 12:03:52'),
(150, 150, 50, 'Fugit hic asperiores nihil voluptatem similique sequi exercitationem rerum. Omnis rem voluptatibus et illo et. Quas nam rem optio dicta incidunt ut dolores voluptas. Voluptatem illum harum ea itaque.', '2004-06-01 00:30:44', '1995-08-11 03:26:12'),
(151, 151, 51, 'Sunt a velit quis est. Voluptatem assumenda nostrum error aut atque. Eius aut temporibus placeat incidunt. Optio atque nostrum omnis fugit veritatis nostrum autem alias.', '1971-02-06 15:53:55', '2007-01-13 12:59:32'),
(152, 152, 52, 'Dolorem qui quia unde quam saepe. Ex ut qui est animi et quisquam. Fuga aut autem enim velit quia ab iure. Quibusdam est et ullam sit id eligendi dolorem.', '1983-08-30 03:49:47', '2009-08-22 08:51:44'),
(153, 153, 53, 'Id et hic qui ipsa dolor aliquam maxime. Aliquid dolorum ab maiores atque. Aperiam modi molestias dolor id. Beatae eligendi minus beatae sit.', '1998-12-12 14:04:29', '2011-02-04 08:30:22'),
(154, 154, 54, 'Aut reprehenderit doloribus debitis tempora dolores quod nisi illo. Omnis provident voluptas nostrum laudantium et. Accusamus qui minus sint impedit dolor reprehenderit ad.', '1980-07-20 12:36:26', '2000-01-30 11:50:51'),
(155, 155, 55, 'Tenetur nesciunt iure libero et quod debitis nihil laborum. Ut et sit sit vel dolores ducimus ullam. Quisquam sed quas aut temporibus beatae. Dolor quia rem inventore odit rerum.', '2010-09-07 19:41:07', '1999-07-01 19:14:51'),
(156, 156, 56, 'Velit voluptates esse ut dolores fuga architecto esse. Explicabo tempora amet eos nihil. Pariatur aut minima maxime ut.', '2009-04-12 18:14:02', '1986-06-16 05:26:05'),
(157, 157, 57, 'Asperiores est eos quaerat quis. Culpa saepe debitis ad rerum. Iusto impedit debitis deleniti ut dolores. Aliquid velit explicabo blanditiis doloremque aut ipsam.', '1998-04-27 21:38:27', '1987-07-23 09:59:40'),
(158, 158, 58, 'Explicabo quo est et. Atque velit dolore vero optio autem quae. Ratione omnis omnis unde sed ut. Quia quaerat ut soluta modi quibusdam quia temporibus. Repellendus culpa quas impedit sunt dicta illo maxime.', '1992-10-12 11:54:22', '1998-12-11 17:03:25'),
(159, 159, 59, 'Maxime sed enim ducimus aut corporis. Similique rerum et quaerat est quam non qui. Voluptates debitis ea quos quam rerum ut.', '1987-01-29 10:26:58', '2000-06-06 05:49:56'),
(160, 160, 60, 'Voluptas fugiat a praesentium vero at repudiandae modi. Praesentium odit inventore rem quis qui est quo. Et sit qui doloribus laborum adipisci dicta id. Molestias sunt cupiditate vel aut reprehenderit illum aut.', '1993-12-12 09:56:53', '2017-12-11 13:57:25'),
(161, 161, 61, 'Ad non rerum perferendis id quos labore. Dolorem velit rem et et necessitatibus. Nihil tempora aut asperiores omnis ab minima doloremque aliquid.', '2011-06-27 23:52:26', '2002-11-03 04:52:07'),
(162, 162, 62, 'Accusantium ex accusamus commodi et nihil. Et accusamus reiciendis sed suscipit nisi qui ullam.', '1999-11-29 03:14:28', '1974-04-22 02:35:32'),
(163, 163, 63, 'Optio aut et qui velit. Ea error debitis magnam rerum. Vitae possimus quidem neque voluptatibus accusantium est architecto quis.', '1997-08-11 00:09:23', '1972-07-01 17:01:24'),
(164, 164, 64, 'Dolor beatae doloribus sint beatae totam non. Laboriosam consequatur quidem deserunt voluptatem ad eos dolorem. Ut quidem aut quo fugiat soluta magnam repellat. Aut velit magni id ut.', '1993-12-17 06:07:59', '1985-08-01 03:53:17'),
(165, 165, 65, 'Ipsam consequatur exercitationem eligendi natus unde voluptate repellendus et. Consequuntur mollitia aperiam aut et omnis doloribus. Consequuntur nobis aspernatur minus ea enim.', '1971-12-22 14:12:40', '2012-12-13 07:11:38'),
(166, 166, 66, 'Dolor eaque sit debitis. Molestiae quam numquam doloribus est quam vitae eaque. At quae eligendi autem possimus.', '1973-10-28 14:17:08', '1984-06-21 09:30:24'),
(167, 167, 67, 'Delectus aut dolore explicabo neque dolorem natus voluptas. Laborum suscipit consectetur aliquam. Ut maxime dolore hic qui mollitia porro. At commodi temporibus vero et.', '1981-09-30 14:29:33', '1990-03-24 07:41:16'),
(168, 168, 68, 'Dignissimos deserunt et veritatis ut eum quasi sint. Quibusdam dignissimos quis atque quae ut nemo. Molestias enim sed distinctio harum voluptas distinctio magnam. Debitis corrupti eum vitae fugiat laborum.', '1988-11-09 11:54:30', '1993-01-12 15:49:05'),
(169, 169, 69, 'Repudiandae est ducimus aut aut odit. Officia quis autem dolores ut sed id. Aspernatur maiores nihil sunt et. Voluptatibus est omnis dicta quo totam reprehenderit quia voluptatem.', '1996-11-07 04:12:33', '2015-02-20 20:32:27'),
(170, 170, 70, 'Fuga nemo nisi deserunt excepturi dolorum. Non sit possimus quis non necessitatibus. Quaerat dolor voluptas vero quia explicabo alias ipsa. Velit rerum et ducimus maiores et et doloremque.', '2002-01-24 11:22:20', '1980-07-09 01:38:16'),
(171, 171, 71, 'Sint qui voluptatem possimus voluptates sed voluptas. Quidem aut quisquam fuga quo autem. Dolores voluptatem voluptatem dolorem incidunt voluptas ad. Eius nobis est nisi velit illo qui asperiores aut.', '2010-09-04 18:02:12', '1980-06-20 21:54:13'),
(172, 172, 72, 'Natus eveniet rerum praesentium corrupti et qui amet. Facilis sunt voluptate fuga rem ut assumenda. Nostrum officia necessitatibus incidunt sint.', '1982-04-13 00:51:49', '1999-11-10 16:39:45'),
(173, 173, 73, 'Laboriosam neque tenetur explicabo dolore omnis. Dolor odit veritatis at et quaerat.', '2005-03-08 04:53:43', '2015-09-02 10:59:46'),
(174, 174, 74, 'Voluptatum et ratione repellendus voluptas. Id et ea occaecati pariatur perferendis. Sed eius ut sed ut id. Impedit asperiores at occaecati occaecati.', '2011-09-05 22:45:53', '2009-05-31 18:11:10'),
(175, 175, 75, 'Distinctio odio velit id. Quisquam illo vel aliquam natus. Beatae doloremque eos non necessitatibus voluptas.', '1980-01-25 20:00:58', '2012-11-24 02:06:39'),
(176, 176, 76, 'Adipisci consequuntur illo eius voluptas voluptate rerum. Pariatur rem cupiditate temporibus accusamus ut rem inventore fugit. Est nam nihil deserunt amet eum modi. Sunt sequi dolorem praesentium saepe qui quis dolor. In commodi optio sunt vitae asperiore', '2000-12-09 21:45:32', '2015-01-04 19:46:49'),
(177, 177, 77, 'Aliquam magnam voluptas qui. Quis et excepturi porro cum sequi molestiae.', '1993-02-14 18:27:23', '2010-11-29 02:36:45'),
(178, 178, 78, 'Accusantium impedit qui id ad doloremque beatae fugiat totam. Aut et voluptas pariatur rerum laborum. Perferendis alias ea aut placeat. Quo aspernatur harum animi at. Recusandae ab est eum voluptas veniam nam incidunt.', '2008-09-11 17:10:55', '1996-03-20 11:47:03'),
(179, 179, 79, 'Occaecati fuga dolorem quasi dolorum in at vel. Aut nihil et dolorem qui. Incidunt velit dolor deleniti sed unde provident.', '2009-02-12 04:02:27', '1997-03-08 13:35:40'),
(180, 180, 80, 'Eum eum in a qui omnis labore asperiores incidunt. Sit illum voluptates doloremque mollitia eum ab impedit. Quos quidem consequatur quasi sit. Debitis dignissimos et explicabo reiciendis qui explicabo recusandae a.', '1985-10-12 00:16:24', '2015-07-14 20:31:58'),
(181, 181, 81, 'Porro dolore illum quia iure. Eos incidunt temporibus facilis deleniti. Excepturi quo expedita hic nesciunt. Velit molestiae rerum magnam nesciunt numquam ut.', '2000-12-09 10:26:43', '2011-03-05 09:13:02'),
(182, 182, 82, 'Ullam quia beatae debitis recusandae quod voluptatum officiis. Ut molestiae porro incidunt fuga. Sed et explicabo et non laboriosam. Ratione quasi deleniti quaerat dolor reprehenderit reiciendis.', '1991-09-03 03:43:31', '2019-11-10 12:25:06'),
(183, 183, 83, 'Quibusdam autem delectus facere voluptatum eius. Sit est beatae eveniet ad deserunt ratione tenetur. Dolorem distinctio eos non voluptas dignissimos ut commodi mollitia.', '2012-03-09 23:29:31', '2014-10-30 02:45:20'),
(184, 184, 84, 'Eius dolores suscipit fugit ut totam tempore. Officiis inventore quas ut dolorum maxime. Illum tempore expedita nesciunt beatae et labore vero facilis.', '2003-08-17 23:05:32', '1992-09-29 17:32:15'),
(185, 185, 85, 'Quia cumque officia sint et incidunt rerum sunt. Est quisquam debitis quos voluptatibus. Sint omnis eum atque velit repellat. Illo sed quisquam adipisci voluptas.', '1996-01-29 10:26:03', '2003-04-28 11:30:09'),
(186, 186, 86, 'Unde nihil est molestiae soluta inventore. Quasi illo at hic est distinctio voluptatem enim. Architecto enim nemo iure praesentium illo voluptatem recusandae consequatur. Ea rerum praesentium temporibus non sed eveniet voluptatibus.', '1995-07-24 14:50:40', '1996-10-05 05:09:36'),
(187, 187, 87, 'Iusto eos omnis et iste eligendi. Eum ipsam perspiciatis perferendis error mollitia modi quae. Quis unde sapiente nulla natus facilis dolores alias. Autem et architecto architecto omnis repudiandae.', '2006-08-11 09:42:06', '2013-06-09 21:36:40'),
(188, 188, 88, 'Dolor eligendi commodi quo cumque impedit. Rem animi laboriosam sunt sit tempore eos. Quia voluptas suscipit mollitia est voluptatem.', '2019-12-26 07:34:40', '1985-07-06 07:06:24'),
(189, 189, 89, 'Ea eligendi facilis aliquam aut hic id. Qui doloribus omnis voluptatum laudantium dolor. Et voluptas numquam ipsam ducimus velit.', '1983-11-02 01:28:13', '2013-07-10 04:32:40'),
(190, 190, 90, 'Ut a sit consequatur consequatur minus. Sunt quam dolores vero nulla. Iste placeat consequuntur dicta distinctio itaque alias.', '2016-05-25 00:23:53', '1971-10-24 02:37:49'),
(191, 191, 91, 'Repellat consequatur aut nostrum. Nostrum provident qui aut totam exercitationem ipsum. Rerum autem enim voluptate sit modi adipisci sunt.', '2011-03-24 00:06:12', '2016-01-20 02:39:21'),
(192, 192, 92, 'Deserunt porro aut et est consequatur totam. Harum quisquam in voluptate praesentium est. Sit omnis ratione sit quas animi animi quia.', '2005-09-15 01:48:27', '2019-10-08 07:45:32'),
(193, 193, 93, 'Voluptatem aut accusamus debitis praesentium ut saepe. Enim ut aperiam voluptas soluta ipsa ipsa. Voluptatem autem quia dignissimos ea et atque explicabo.', '2007-03-16 17:42:01', '2015-01-24 22:50:37'),
(194, 194, 94, 'Est sequi maxime dolores voluptas aut quibusdam voluptatem iste. Non et assumenda rerum dolor vero voluptas vel. Similique dolor aut repellendus rerum exercitationem.', '1982-01-29 02:51:03', '1989-10-22 08:16:01'),
(195, 195, 95, 'Quia sit deserunt non est eaque ut molestiae. Aut dolorum tempore veritatis nulla voluptates necessitatibus. Et reprehenderit fugiat dolores error. Consectetur dicta quia nam autem et esse adipisci.', '2003-04-18 10:05:38', '2006-08-11 13:57:49'),
(196, 196, 96, 'Mollitia eaque quae dignissimos officia error velit. Modi quae voluptatibus provident quidem ex. Perspiciatis nisi molestias cupiditate odio facilis aperiam. Nobis voluptatibus voluptate alias ut et odio.', '2008-06-14 18:51:15', '2009-05-18 07:46:03'),
(197, 197, 97, 'Doloribus qui aut quasi tenetur odit ea enim. Consequuntur aut nihil sapiente rerum ut repellendus dolores veniam. Nihil et facere dignissimos omnis. Sit sed saepe quidem saepe.', '2010-09-22 12:09:16', '2002-11-05 05:38:33'),
(198, 198, 98, 'Ut quia modi eum aspernatur et. Deleniti et quia quod itaque quisquam atque. Ut rem debitis at fuga eaque quis nam.', '2003-07-17 08:20:00', '1995-03-28 00:35:00'),
(199, 199, 99, 'Earum suscipit suscipit non ut enim asperiores. Ad cupiditate modi tempore et dolores dolorem et. Ducimus quos omnis totam aspernatur dolor ratione.', '2016-12-07 06:35:30', '2010-07-07 20:49:20'),
(200, 200, 100, 'Incidunt rem molestiae distinctio voluptatem id incidunt. Ex dolor iusto sint molestias enim quo aperiam deleniti. Corrupti saepe ut laboriosam nobis voluptatum. Tempora voluptas voluptate nihil totam.', '1997-04-23 08:22:59', '1998-10-11 17:49:11'),
(201, 201, 1, 'Aliquid aut aperiam itaque exercitationem quia dolorum tenetur. Modi sed sed vitae voluptatem architecto perferendis qui nesciunt. Mollitia placeat laboriosam culpa et.', '1981-12-02 04:08:55', '2007-03-12 09:05:49'),
(202, 202, 2, 'Autem ea non omnis. Impedit autem voluptatem fugiat officia consequatur et eligendi expedita. Sint veritatis est doloribus fuga. Dolorem quaerat sint omnis est omnis.', '1975-04-11 01:16:47', '1986-05-27 04:33:05'),
(203, 203, 3, 'Et quis ut repellat et dolorem voluptas. Omnis ex magni repellat atque illum.', '2013-06-08 02:51:28', '2018-01-12 23:09:14'),
(204, 204, 4, 'Praesentium quibusdam perferendis aut maiores voluptas ut. Similique ex autem iusto ut et fugit eius sit. Architecto quod aliquid velit neque quia. Sit quam modi dolorum error quos officia voluptas cum.', '2012-01-31 21:07:07', '1975-05-20 03:36:56'),
(205, 205, 5, 'Ab distinctio excepturi sed ut mollitia. Ipsa alias quis sunt doloribus tempore dolorum itaque esse. Perspiciatis molestias porro nulla odit facilis qui voluptates. Aut nihil ipsam quia sit.', '1999-08-23 00:31:38', '1971-11-11 12:52:53'),
(206, 206, 6, 'Mollitia est quas cupiditate itaque atque vel eaque. Provident est voluptas accusantium. Est illum natus quo recusandae.', '2005-03-13 11:15:33', '2004-02-21 11:17:30'),
(207, 207, 7, 'Nihil dignissimos aut vel modi at culpa earum. Quam quibusdam repudiandae eligendi autem. Quae eos aut sit. Necessitatibus quia quidem est numquam commodi aut.', '1975-03-07 20:39:16', '2013-12-28 13:09:44'),
(208, 208, 8, 'Distinctio exercitationem ad aliquam sapiente in illo. Ea rem fuga aliquam molestias accusamus occaecati. Natus quis ut sint iure tempore neque sint. Ut distinctio necessitatibus illum iure quis. Quaerat quibusdam ratione temporibus fuga ea.', '1995-07-11 22:54:47', '1985-07-02 18:04:05'),
(209, 209, 9, 'Et vel perspiciatis numquam iusto neque. Tempore aut ut exercitationem qui quia et corporis quod. Nisi aperiam et molestiae dolores accusamus vero neque.', '1992-07-31 22:11:13', '1973-07-06 23:01:03'),
(210, 210, 10, 'Ipsa dicta voluptas a cumque architecto voluptatem et. Ex ea pariatur et aut. Non saepe et aliquid error et vel. Tenetur cum qui modi nihil.', '1990-11-22 08:28:31', '2011-10-27 23:35:36'),
(211, 211, 11, 'Assumenda velit corporis quia adipisci excepturi. Enim quia consectetur est aut quam placeat. Minima at autem animi. Qui voluptatem dolorem doloribus.', '1997-11-23 13:32:07', '2005-06-02 01:55:29'),
(212, 212, 12, 'Dolores eum ducimus quia esse a rerum. Sint velit qui veritatis ut. Enim illum omnis eum voluptas sed distinctio ipsa. Cumque nulla dolores vero hic non enim sequi id.', '2003-02-02 07:16:39', '1988-09-26 13:46:56'),
(213, 213, 13, 'Et a aliquid rerum. Perspiciatis molestiae et omnis sed similique vero est. Et et aut placeat veniam.', '2014-01-02 15:01:59', '1985-07-16 11:35:46'),
(214, 214, 14, 'Ut fuga aut quia molestiae eligendi aut non. Facere placeat sit et et quo voluptatem. Minima et laudantium beatae voluptas autem rerum veritatis ipsum. Eius ex sapiente tempore iusto nihil.', '2007-12-09 23:15:42', '1991-02-10 01:22:36'),
(215, 215, 15, 'Earum quia aut nemo hic officia cumque ea. Eum assumenda deleniti ut praesentium est est. Laboriosam aut at molestiae cupiditate.', '2000-08-29 13:06:12', '2015-01-11 12:08:30'),
(216, 216, 16, 'Voluptate et inventore sint. Ratione quas et facere. Consequuntur cum qui reiciendis eos tempora.', '1981-03-12 14:29:24', '1982-03-31 14:48:49'),
(217, 217, 17, 'Architecto ut laborum velit fuga iure animi. Officiis pariatur rerum ipsam aut sint non. Sit eligendi aut et et qui. Aut nemo aut suscipit qui consequatur. Quia dolor qui eum rem perferendis tempora ut.', '2018-01-05 22:56:50', '1989-01-30 19:41:27'),
(218, 218, 18, 'Sit qui qui aut et a assumenda vero velit. Voluptas molestiae autem tenetur qui. Non nihil aliquid nisi et tenetur et deserunt nulla. At fugit et eveniet autem odit cumque sit illum.', '1972-03-02 00:42:06', '1978-10-05 08:10:13'),
(219, 219, 19, 'Eveniet esse ab odio autem occaecati sunt distinctio. Consequatur iste quod quidem. Optio labore quo laborum placeat et quo perspiciatis. Earum ipsa illo eaque amet consequuntur occaecati eius.', '1986-07-21 16:38:08', '1990-09-15 19:32:13'),
(220, 220, 20, 'Aliquam optio qui sed soluta. Et dolorum aut temporibus quasi. Consequatur ab corporis sit eveniet et nostrum illum inventore.', '2005-01-18 13:11:42', '1981-12-27 00:27:35'),
(221, 221, 21, 'Aut fuga libero voluptatum consequatur et quas. Suscipit sunt ea voluptates consequatur aut et itaque. Porro reiciendis et quia quia aut. Atque voluptatibus qui et corporis.', '2000-12-24 05:40:22', '2018-11-13 04:53:42'),
(222, 222, 22, 'Laudantium exercitationem omnis accusamus libero aspernatur sit. Totam esse quo est dicta sit dolor. Error aut nisi nihil quaerat recusandae omnis saepe.', '2001-03-05 18:27:54', '1995-09-21 12:47:21'),
(223, 223, 23, 'Dignissimos quos soluta quae in nostrum. Asperiores qui soluta recusandae sed est architecto omnis. Officia rerum rem eum non.', '1985-12-04 14:41:22', '1976-12-26 10:38:40'),
(224, 224, 24, 'Deleniti quia doloribus facere laudantium tempora deserunt culpa eaque. Quia eum quibusdam molestiae numquam natus nihil laudantium. Eius accusamus molestiae voluptas et et repellendus unde ad. Error architecto voluptate magni eius sunt.', '2003-07-19 13:36:53', '1996-12-23 03:56:22'),
(225, 225, 25, 'Debitis facere rerum molestiae voluptate. Dolor inventore rerum est in ea.', '2018-07-07 08:39:15', '1990-07-22 17:08:24');
INSERT INTO `users_edu_lessons_tests` (`id`, `users_edu_lessons_id`, `tests_id`, `description`, `create_date`, `update_date`) VALUES
(226, 226, 26, 'Autem itaque quia eligendi unde quas. Ea mollitia non exercitationem qui autem natus aut. Delectus omnis nam fugit voluptates sequi.', '1987-02-08 06:17:09', '1976-10-16 02:57:45'),
(227, 227, 27, 'Enim culpa omnis mollitia aspernatur. Qui magnam et voluptatem molestiae et explicabo sed ea. Ut sunt consequatur nihil aut aspernatur qui fugit voluptas. Accusantium consequatur veniam aut consequatur iste ullam.', '1990-10-28 08:02:04', '1996-09-21 20:00:08'),
(228, 228, 28, 'Iure sint repellendus voluptatem iusto blanditiis. Quae expedita et soluta aliquam perspiciatis. Possimus in ea consequatur officia error saepe aut. Cumque molestias voluptatem in recusandae et quas.', '1997-10-27 10:41:42', '1977-10-17 08:14:50'),
(229, 229, 29, 'Aut omnis corporis fugiat minima amet molestiae deleniti. Sed pariatur non laboriosam iure quisquam magnam.', '1979-04-28 07:15:58', '2013-03-04 00:31:46'),
(230, 230, 30, 'Ullam quibusdam quia non. Quaerat ipsa id impedit est. Sunt neque non ex velit quia doloribus voluptatum vel. Error aperiam rerum et fuga vel voluptatibus repellendus.', '1973-01-20 17:26:03', '1988-10-01 05:38:58'),
(231, 231, 31, 'Recusandae dicta voluptatum qui aut ipsa voluptates repellat. Dolor pariatur veniam ea praesentium. Nisi qui nihil magnam at omnis. Amet dolor et nobis molestiae.', '1987-07-26 15:12:58', '1992-11-05 11:54:40'),
(232, 232, 32, 'Mollitia id ratione sint. Nihil inventore quo perspiciatis et dignissimos. Rem nisi minus illum quae harum culpa. Deleniti et ex deleniti.', '1987-07-31 17:42:11', '1985-09-13 14:20:25'),
(233, 233, 33, 'Dolorem quis quos nemo explicabo placeat. Ut aliquid repellat voluptatibus ut reprehenderit dignissimos. Expedita sit et est molestiae inventore. Eveniet molestiae quos est dolor. Necessitatibus eos eos et sit temporibus libero quaerat.', '1980-06-18 08:29:40', '1994-03-16 08:50:56'),
(234, 234, 34, 'Libero qui aut autem nam voluptas. Unde amet vel voluptatum dolorum illum fugiat. Harum explicabo adipisci numquam aut eum.', '2007-09-04 22:16:45', '2005-02-08 15:16:30'),
(235, 235, 35, 'Magni aut incidunt inventore ad. Sed ea ipsam et in impedit repellat qui.', '1990-12-08 21:32:03', '2011-08-24 08:03:15'),
(236, 236, 36, 'Perferendis libero at ea eaque totam cumque enim. Ut consequatur aut ad porro aliquam. Enim velit maxime rerum numquam assumenda.', '1970-02-05 15:37:17', '2014-11-29 00:54:11'),
(237, 237, 37, 'Eos eos sed a repellat est voluptatem vel. Pariatur nihil suscipit tempora culpa voluptatem. Qui voluptas voluptatem in sint quam ad.', '1988-04-11 09:26:23', '1972-08-06 18:10:04'),
(238, 238, 38, 'Sint consectetur repudiandae nulla recusandae optio. Sunt ipsum id quam nesciunt. Ea maxime iusto ratione minus iure veritatis et.', '1980-05-17 16:04:59', '2001-10-02 02:06:43'),
(239, 239, 39, 'Ut qui et veritatis animi est accusamus aut. Cupiditate rem eligendi quas hic dicta mollitia sed. Minus et voluptate nesciunt saepe sed natus voluptatem.', '2019-06-17 13:19:27', '1995-06-17 23:36:47'),
(240, 240, 40, 'Deleniti aspernatur atque autem quod. Sit quisquam quod accusantium sunt quas sapiente. Porro vitae qui nemo qui nobis voluptas. Minus in possimus doloribus necessitatibus.', '1973-08-04 18:10:45', '1982-01-02 20:51:50'),
(241, 241, 41, 'Velit itaque earum ipsam molestiae quidem. Ipsum aut et eaque porro voluptates officiis rerum.', '2000-05-22 16:29:14', '2011-10-17 06:43:54'),
(242, 242, 42, 'Qui rerum ea voluptatem et doloribus blanditiis est. Quasi sit quia eos repellendus velit perspiciatis.', '2018-09-26 23:27:14', '1984-08-11 05:41:02'),
(243, 243, 43, 'Ducimus ipsum magnam nulla inventore fugit consequatur quod. Saepe in accusamus ratione dolor et et illo. Temporibus voluptate deserunt dolores dolorem rem.', '1985-12-28 05:44:04', '1996-08-23 08:19:41'),
(244, 244, 44, 'Nihil voluptate fuga quos dicta quia iste. Harum id necessitatibus voluptatum sed sit. Ab cumque est tenetur pariatur odit ut.', '2016-05-02 09:03:59', '1982-09-12 17:16:39'),
(245, 245, 45, 'Perspiciatis facilis magnam reiciendis. Impedit facilis minima officiis accusamus minus ullam. Mollitia quo iure ratione autem excepturi. Corrupti enim voluptas repudiandae nisi.', '1970-01-26 13:50:00', '1998-03-25 00:01:45'),
(246, 246, 46, 'Velit recusandae commodi qui. Ipsam dolor recusandae dolores. Doloremque iure id magnam. Magni adipisci officiis non et tempore quibusdam illo.', '2011-03-23 00:03:26', '1974-01-23 08:54:34'),
(247, 247, 47, 'Doloribus accusamus eos quas saepe. Quas beatae totam voluptas alias quis id. Dolorem sint architecto dicta doloremque et amet quia molestiae. Consequuntur provident exercitationem aut est.', '1997-06-11 23:37:18', '1978-08-12 11:52:45'),
(248, 248, 48, 'Aut sit vero est est. Commodi est non rerum nihil aut. Mollitia animi quia a quia recusandae dolore. Quis quod consequuntur suscipit qui doloribus reprehenderit. Dolorem dolor voluptatem voluptates magni dolores.', '1996-04-08 00:47:02', '2019-02-14 22:14:03'),
(249, 249, 49, 'Recusandae necessitatibus aut explicabo eaque error aliquid dignissimos eius. Beatae minus et qui temporibus. Sapiente adipisci ipsa veniam et quibusdam.', '1972-03-14 12:00:07', '1997-06-19 08:13:54'),
(250, 250, 50, 'Voluptate suscipit quo cum tenetur accusantium sunt. Ex soluta earum vel nobis. Hic veritatis consectetur ea nihil dolorem dolorem ipsum.', '2019-07-22 21:52:01', '1984-02-05 14:29:47'),
(251, 251, 51, 'Iusto et nisi sit ad saepe. Cupiditate at quia est qui excepturi. Aut aut iure est deserunt qui animi non.', '2001-09-11 18:55:56', '1994-04-19 19:25:44'),
(252, 252, 52, 'Architecto aut accusantium amet earum quia. Ratione dicta enim voluptatem. Inventore velit sit esse adipisci reiciendis.', '2016-11-10 14:02:54', '2002-01-21 10:02:04'),
(253, 253, 53, 'Magnam illo unde itaque qui. Eligendi maxime veniam ab quam illum autem nisi. Saepe voluptas molestias cum veritatis aliquam.', '2001-05-05 05:42:44', '1982-02-25 21:20:24'),
(254, 254, 54, 'Qui modi modi nihil voluptates id placeat eveniet. Quae et doloremque molestiae exercitationem voluptas excepturi. Eligendi beatae deleniti sit et nihil aut. Sed praesentium dolore eveniet optio laborum.', '1988-11-21 19:52:04', '1978-11-20 13:04:26'),
(255, 255, 55, 'Qui est dignissimos consequatur dolorum culpa aperiam. Nihil repellat animi necessitatibus et consequatur non dolorem. Nisi at perferendis rerum. Recusandae aut omnis pariatur aut.', '1986-12-09 12:28:24', '2010-04-29 13:45:07'),
(256, 256, 56, 'Culpa eum provident ut ex iusto. Porro dolores error omnis enim deleniti aut laboriosam. Rerum accusantium ipsam enim sit. Explicabo quibusdam aut laboriosam voluptate neque laboriosam sit. Fugit inventore cumque alias est asperiores ipsam.', '2006-12-17 16:45:56', '1997-07-04 02:53:20'),
(257, 257, 57, 'Ut nam eaque reiciendis eos voluptatem a iste. Voluptatem in et consectetur atque deleniti.', '1981-07-07 09:58:07', '2010-04-28 09:06:19'),
(258, 258, 58, 'Delectus pariatur ad ut explicabo voluptatem. Vitae molestiae placeat quo perspiciatis ullam vero voluptate. Quidem animi est facilis at eum. Cum laboriosam molestiae deleniti nisi.', '2017-03-19 03:46:31', '1994-11-30 08:41:34'),
(259, 259, 59, 'Quia placeat saepe quidem consequuntur tenetur et. Rerum architecto voluptas et velit maiores ex odit. Nostrum aliquam tempora in veniam ex amet. Qui rerum explicabo quia doloremque optio. Dolorem exercitationem rerum non minus quia enim.', '1998-12-11 19:33:59', '1994-06-21 13:51:45'),
(260, 260, 60, 'Sint aut quo fugiat enim deserunt. Et ex tempore omnis.', '1988-07-02 00:26:40', '2013-12-09 09:41:38'),
(261, 261, 61, 'Eos consequatur laboriosam omnis. Impedit quaerat ad rerum quo dicta recusandae. Vel dolor repellat consequuntur cumque suscipit dicta sint. Magni aliquid iure fugiat.', '1989-03-15 13:09:44', '2019-08-01 11:06:14'),
(262, 262, 62, 'Eius ducimus facere qui doloremque soluta aliquid ad. Voluptatum at soluta quaerat. Numquam ducimus voluptate suscipit quia porro cum.', '1973-08-29 16:31:23', '1992-03-24 15:11:07'),
(263, 263, 63, 'Eos non nesciunt quia eum tenetur in quisquam. Rerum et perferendis maiores qui est. Modi at vero ut reiciendis quod. Omnis assumenda ullam temporibus et consequuntur dolores. Incidunt aut libero sed autem ratione.', '1985-07-17 04:10:01', '2015-01-24 12:15:06'),
(264, 264, 64, 'Ut debitis id quis odio amet. Ratione ut repudiandae inventore porro maiores. Quasi nihil omnis pariatur quia illo tempore.', '1989-06-29 10:14:08', '1994-03-18 21:14:21'),
(265, 265, 65, 'Consequuntur veniam rerum adipisci ab sed aspernatur maxime. Dolorem maiores dolorum expedita natus.', '1998-03-22 20:06:10', '1995-03-17 07:15:03'),
(266, 266, 66, 'Ut blanditiis explicabo asperiores. Quidem tempora recusandae autem aut atque delectus distinctio.', '1974-07-20 12:01:03', '1991-10-22 00:03:05'),
(267, 267, 67, 'Et et earum nobis. Laudantium ut est veniam necessitatibus voluptates. Modi non incidunt similique libero atque et.', '1976-10-30 22:43:48', '1993-10-07 01:09:42'),
(268, 268, 68, 'Aut corporis soluta et doloribus qui esse consequatur. Eum ab modi et. Et in numquam quidem. Dignissimos eum non pariatur consectetur tempora in.', '1991-09-14 15:08:13', '1996-02-19 12:18:14'),
(269, 269, 69, 'Numquam et odit laudantium accusantium. Aliquid accusamus molestiae optio ut eos eveniet quia. Quo qui aperiam aperiam repellendus consequatur ullam.', '2015-05-12 15:14:17', '1979-05-13 13:29:52'),
(270, 270, 70, 'Eius sit inventore molestiae velit omnis aut. Sit maxime expedita dolorem. Dolores temporibus perspiciatis autem soluta atque. Sed fuga placeat vel tenetur aut beatae.', '2000-08-24 02:15:15', '1985-12-22 22:57:26'),
(271, 271, 71, 'Rem saepe odit et eius nihil ratione quos. Consequatur ex debitis excepturi velit. Est labore repellendus quis quo.', '1976-10-17 23:05:33', '1976-01-15 12:22:19'),
(272, 272, 72, 'Culpa consequatur illo veniam quia voluptatem ut perferendis. In sit itaque at cupiditate commodi occaecati recusandae. Vel est reiciendis qui. Qui ipsa atque est repudiandae ut voluptatibus sit.', '1986-05-12 06:45:43', '2019-08-14 01:37:34'),
(273, 273, 73, 'Recusandae minima in veritatis qui id qui. Et voluptate rem ut in unde. Perferendis aliquid voluptates ut nesciunt quibusdam quia at. Magni praesentium deleniti quaerat in voluptatibus.', '2005-12-18 00:21:06', '1996-09-10 20:30:28'),
(274, 274, 74, 'Sunt libero quia similique asperiores. Quo voluptas adipisci nisi suscipit aut quibusdam. Ipsa amet et debitis molestias quaerat illo. Molestias ullam iusto rerum cumque neque labore ut consequatur.', '2013-02-02 13:00:31', '1985-09-13 21:33:56'),
(275, 275, 75, 'Et quisquam maiores repellat perspiciatis nobis numquam. Ut eum cumque quae animi sit ad suscipit. Omnis distinctio error ut officia quod repellendus minima vel. Consectetur distinctio laborum enim qui quae nulla in.', '2000-11-08 05:00:28', '1993-09-17 21:21:38'),
(276, 276, 76, 'Placeat ut inventore voluptate nisi. Accusantium et incidunt voluptatem. Beatae sapiente maxime voluptatibus consequatur soluta et eos. Tempora quam sequi architecto molestias.', '2001-08-08 05:14:30', '2006-10-26 08:03:20'),
(277, 277, 77, 'Provident sapiente sed voluptate dignissimos sed quae qui incidunt. Recusandae numquam odit mollitia beatae delectus. Inventore animi dignissimos accusamus voluptatem corrupti quia. Voluptatem et qui dolores ut et recusandae et.', '2007-11-02 11:10:06', '1986-06-02 19:52:31'),
(278, 278, 78, 'Dignissimos aut rem dolorem eum. Aut doloremque quaerat praesentium quam neque qui sunt. Labore quod error animi fuga sit.', '1990-01-12 01:44:23', '1974-08-16 21:27:40'),
(279, 279, 79, 'Maiores minima exercitationem dignissimos alias dignissimos. Veritatis accusantium explicabo voluptatem minus. Molestias ex est et harum accusamus. Harum et doloremque aspernatur eos assumenda voluptatem dolorum.', '1986-05-04 01:17:41', '1983-12-08 03:28:51'),
(280, 280, 80, 'Deleniti quia et dignissimos quod nam sint voluptatem suscipit. Esse doloribus aliquam quia odio aliquid quis. Quia impedit et et. Cum ea vel ipsam.', '1999-06-26 17:37:22', '1978-12-15 16:17:24'),
(281, 281, 81, 'Exercitationem a ut non sint id aperiam minus. Vero accusamus inventore quos debitis voluptatem. Eum quo ratione voluptas fuga. Quam illum consequatur minima quia cum omnis quidem voluptatem. Repellendus et sed eveniet molestiae non nihil ab.', '1994-12-08 06:39:54', '1993-11-07 21:33:33'),
(282, 282, 82, 'Omnis nesciunt provident et eum et omnis esse. Maiores debitis veniam consectetur voluptates non possimus beatae ab. Magnam similique impedit incidunt officiis.', '2017-08-10 22:18:58', '2004-06-27 20:26:49'),
(283, 283, 83, 'Omnis sit ea dolores minus omnis repellendus eum. Eius quibusdam est nobis error.', '1979-08-21 21:14:01', '2008-07-20 04:00:49'),
(284, 284, 84, 'Dolores dolor voluptas qui asperiores aut id quas. Harum aspernatur dolores provident aut tempore doloremque ut.', '1996-02-27 21:52:33', '1985-08-31 18:00:53'),
(285, 285, 85, 'Cumque et sit molestias et itaque molestiae non. Quos aut consequatur quidem voluptatem illo. Quas temporibus exercitationem corrupti eaque in. Dolorum quas et quo qui est alias deleniti. Nulla dolorum aut aut ut corporis.', '1970-08-16 23:59:31', '2010-01-18 20:07:02'),
(286, 286, 86, 'Voluptatem rerum modi aut aut reiciendis ut. Veritatis ea ad aliquid totam cumque veniam eos temporibus. Enim iste porro tempore in.', '2001-07-09 18:14:30', '1979-02-07 23:25:40'),
(287, 287, 87, 'Tempore accusamus quasi quia quod voluptas. Quibusdam mollitia repellendus commodi. Laudantium vel ullam sit cumque est eos expedita. Est sapiente est animi officiis.', '1985-12-07 07:33:25', '2001-12-12 16:54:04'),
(288, 288, 88, 'Eius facere consequuntur cum dolores dicta autem pariatur. Animi possimus laudantium molestias reiciendis. Illo velit qui molestiae voluptatem et unde. Est nihil ut deleniti. Adipisci minima delectus eum velit incidunt aperiam magni in.', '2014-01-24 10:18:38', '1983-06-24 14:43:21'),
(289, 289, 89, 'Suscipit amet quia perspiciatis dolorem. Nesciunt sit sint fuga reiciendis qui. Id maxime quia consequatur qui temporibus voluptas. Voluptates qui perspiciatis enim quia vitae sed aliquid. Fugit saepe deleniti aut tenetur.', '1991-02-03 01:28:07', '2009-05-09 14:27:09'),
(290, 290, 90, 'Non temporibus omnis deserunt nobis. Repudiandae facilis rem optio sapiente quasi facilis nulla consequatur. Ex quia id et.', '2014-01-05 23:11:22', '1990-06-17 00:32:12'),
(291, 291, 91, 'Eos esse corporis distinctio sequi qui dolore velit excepturi. Illum reiciendis eum quos quia quos. Amet nobis laudantium amet eum qui non. Non rem et omnis qui et sed.', '1990-12-13 05:40:23', '1977-04-16 12:40:27'),
(292, 292, 92, 'Temporibus et delectus quia in repellendus. Nemo minima ut sed ullam quod ullam veniam. Voluptate quia suscipit tempora architecto in labore. Nostrum culpa alias omnis deserunt.', '1996-12-25 07:11:45', '2003-08-24 20:00:19'),
(293, 293, 93, 'Fugit qui facere atque soluta perferendis qui qui velit. Rerum praesentium harum tempore voluptas dolorem enim tempora. Tempora dolore impedit itaque rem cumque. Deserunt aut eum nihil aut. Sed rerum reiciendis perspiciatis ut molestias.', '1983-02-12 02:08:30', '2014-12-30 07:09:36'),
(294, 294, 94, 'Et quibusdam recusandae possimus quisquam totam. Quia corrupti qui quo ut doloribus blanditiis. Facilis rerum eum nesciunt laboriosam. Vel enim quo soluta vel.', '1990-01-08 22:26:34', '1975-12-02 14:34:49'),
(295, 295, 95, 'Sed ipsam qui eum earum consequuntur et. Qui sit harum et aspernatur.', '2003-02-11 19:29:04', '2008-09-27 01:00:07'),
(296, 296, 96, 'Vero earum quia magni temporibus aliquid. Porro fugiat tempora voluptatem hic harum est. Facere debitis qui provident libero ut.', '1981-06-20 01:37:43', '2015-09-15 08:12:06'),
(297, 297, 97, 'Et fugiat dicta suscipit exercitationem expedita et. Quisquam aliquid quae provident. Blanditiis veniam nemo repellendus dignissimos laborum dolorum tempora quisquam. Dolore in exercitationem nihil vel.', '2005-08-25 11:32:31', '1989-11-22 20:56:38'),
(298, 298, 98, 'Officiis alias minus unde praesentium ut qui. Neque non maiores amet sunt a consequuntur recusandae quaerat. Adipisci at rerum dolor et nam iste.', '1978-10-16 14:52:17', '1999-05-18 20:32:58'),
(299, 299, 99, 'Et soluta corporis dolorum. Consequatur quisquam sint quis nam aut necessitatibus. Eum qui vel dolores vitae soluta.', '1990-05-05 03:25:13', '2006-08-28 21:57:24'),
(300, 300, 100, 'Eveniet vel sint fugit et quia accusantium fugiat et. Error tempora est dolorem nulla sit. Nihil doloremque neque excepturi eius ducimus velit accusantium.', '1987-02-28 15:03:01', '1973-05-01 01:28:32'),
(301, 301, 1, 'Maiores ut commodi molestiae incidunt non harum quaerat laboriosam. Harum dolores quia aut exercitationem magni. Numquam nam deleniti facere aliquid ducimus.', '2004-03-18 00:58:20', '1997-10-15 14:25:45'),
(302, 302, 2, 'Est harum eligendi cumque cum. Ea cum quo consequatur possimus sint aliquam. Deserunt rem officia et et et. Necessitatibus quaerat placeat ipsam deleniti non aut esse.', '1987-09-20 02:13:52', '2000-05-21 23:47:27'),
(303, 303, 3, 'Et dolor excepturi facere. Autem sunt itaque laborum qui modi id. Ea ex officiis tempore labore voluptatibus dolore dolor.', '2015-11-12 02:47:51', '2008-06-26 21:45:39'),
(304, 304, 4, 'Autem est distinctio voluptate dolor quo non eius. Et veniam eveniet sint soluta sequi animi. Sed eum neque laudantium voluptatem fugit dolore. Expedita aliquam sint est est.', '2015-08-15 08:03:21', '2012-04-06 21:16:16'),
(305, 305, 5, 'Illo quod alias est aut est. Eligendi cumque maiores ad rerum illum quod. Possimus officia sunt blanditiis est.', '2000-06-08 05:05:23', '1996-06-10 02:35:25'),
(306, 306, 6, 'Sit sunt unde voluptas aut ullam consequatur aut. Dolores explicabo quisquam itaque autem vero tempore.', '2019-06-04 08:17:12', '1994-08-04 02:15:37'),
(307, 307, 7, 'Accusamus error ipsum et. Saepe doloremque odio amet totam porro. Assumenda id nesciunt et magnam. Eaque a ut nesciunt accusamus est vel et quis.', '1984-04-16 02:46:03', '1975-03-13 10:19:25'),
(308, 308, 8, 'Eaque et vel consequatur qui ad officiis voluptas. Enim ratione debitis placeat ab illo vel. Nesciunt error adipisci deserunt aut necessitatibus voluptatum adipisci. Voluptates laborum omnis iure sit.', '1977-05-08 14:07:31', '1989-05-11 19:18:48'),
(309, 309, 9, 'Dicta rerum officia sunt provident. In quaerat cum eum cumque aut. Maxime qui consequatur odit ad non maiores rem molestiae.', '1998-08-30 07:55:03', '1994-11-17 15:16:42'),
(310, 310, 10, 'Pariatur consequatur eveniet minus possimus. Nam ex consectetur corrupti itaque debitis in. In nobis ipsam nostrum corrupti. Minus iusto quaerat architecto.', '1991-12-05 15:13:31', '1988-03-29 20:14:33'),
(311, 311, 11, 'Et aut vero nobis quaerat quo aut. Ut esse amet voluptate ducimus id voluptas pariatur.', '1992-05-31 06:37:58', '1987-03-24 20:52:48'),
(312, 312, 12, 'Rerum architecto qui consequatur sit voluptatem vero quia. Illum quia ut cum dignissimos quae nemo. Esse deserunt qui ipsam molestiae laboriosam consequatur nihil. Iure iusto et repellat quo recusandae.', '2015-11-22 13:35:31', '2017-10-26 10:23:36'),
(313, 313, 13, 'Sequi aut delectus asperiores fugit dicta amet. Sed quis occaecati corrupti voluptas veniam minus itaque. Quae rerum totam voluptatem molestiae.', '2019-06-01 00:48:33', '2006-02-23 01:12:48'),
(314, 314, 14, 'Totam voluptas quia maxime. Accusamus est error occaecati rem impedit sit non. At vel itaque ab sint laudantium. Officia possimus aut aut ut explicabo.', '1986-12-24 15:07:33', '2005-05-15 18:31:32'),
(315, 315, 15, 'Facilis reiciendis sed voluptatem omnis placeat. Odio est et fugiat voluptas atque quidem. Qui sint animi et sunt odio.', '2000-12-10 12:31:35', '1987-04-10 23:11:57'),
(316, 316, 16, 'Officiis unde et perspiciatis laudantium ut omnis consequatur. Commodi placeat qui enim et autem maiores quis. Similique occaecati qui veniam fugit enim sit. Aut nobis occaecati pariatur dignissimos.', '2003-09-21 18:04:20', '1972-01-10 13:50:33'),
(317, 317, 17, 'Assumenda ducimus nobis doloremque cupiditate omnis dicta fugit. Omnis quasi sit veritatis iste voluptas nostrum doloribus.', '1994-04-11 17:02:18', '2012-09-10 23:56:38'),
(318, 318, 18, 'Voluptas sit doloremque nesciunt earum. Et quae quisquam ut voluptates eaque omnis omnis. Numquam facere molestiae laboriosam non voluptatem voluptate perferendis.', '1979-03-03 07:11:19', '2018-10-06 19:35:55'),
(319, 319, 19, 'Et ex qui rem nobis similique. Blanditiis est aut libero rerum alias ut. Accusantium voluptatem beatae quasi aperiam molestiae tenetur. Excepturi quisquam blanditiis totam dolores cum sit.', '2017-10-08 18:50:16', '1994-02-20 07:54:41'),
(320, 320, 20, 'Rerum autem aut voluptatem est consectetur qui dolores. Dolor consequuntur blanditiis reiciendis facere quis consectetur. Rerum reiciendis sapiente molestiae soluta asperiores quod excepturi.', '1970-01-12 19:02:32', '1987-04-06 00:19:16'),
(321, 321, 21, 'Aut rerum expedita non ad et eos deserunt. Quis quae aut non neque et non. Delectus esse accusamus qui nisi.', '1996-08-25 18:30:52', '2006-12-06 14:34:06'),
(322, 322, 22, 'Est est aspernatur reiciendis et perspiciatis quasi illum. Dolor voluptas vitae sint pariatur quo est. At voluptate fugit culpa eos.', '1999-03-19 09:16:09', '1972-06-26 06:38:40'),
(323, 323, 23, 'Est repellendus possimus ea quo esse a eveniet porro. Quisquam ea odio quis accusamus eveniet dolores. Suscipit ut reprehenderit laudantium nemo perspiciatis praesentium. Expedita aut accusamus provident amet at ipsum numquam.', '1982-09-12 06:26:06', '2016-04-11 16:37:45'),
(324, 324, 24, 'Nulla incidunt eos autem ut praesentium amet vitae aperiam. Voluptatem voluptatem unde distinctio repellat maxime assumenda. Sit architecto possimus ipsam quaerat voluptatem. Mollitia qui ratione est sit sint eos.', '1975-03-13 06:11:38', '1987-09-09 19:05:21'),
(325, 325, 25, 'Sit quo velit impedit alias necessitatibus quis earum. Id pariatur ut ab quo ipsum sunt. Exercitationem qui praesentium qui iure maxime quo soluta.', '2000-03-13 23:59:46', '2016-04-01 19:42:39'),
(326, 326, 26, 'In animi quas natus voluptatibus rerum. Accusamus aut consequatur recusandae vitae veniam accusamus non. Omnis repellendus reprehenderit voluptas quo tenetur.', '2019-11-27 01:27:03', '2019-12-03 08:28:37'),
(327, 327, 27, 'Consequatur cupiditate quis dolores officia ut. Et quia pariatur dolorem doloribus ullam consequatur quia perspiciatis. Eum aut rerum et et cupiditate ipsum. Quo dicta enim ea qui rerum ea.', '1977-07-02 10:25:29', '1997-12-09 00:35:43'),
(328, 328, 28, 'Sunt est ut nam et. Maxime dicta eaque quia similique illo. Et incidunt earum accusantium officia recusandae ipsum.', '1996-03-11 20:22:56', '2009-12-22 02:09:31'),
(329, 329, 29, 'Rerum facere fuga voluptatem accusantium sed molestiae sit qui. Distinctio quam voluptatem aut commodi ad. Occaecati quo quidem laboriosam iusto debitis molestiae. Consequatur asperiores tempora at veniam.', '2018-01-20 12:29:57', '2000-08-06 03:24:52'),
(330, 330, 30, 'Sit vel officia eveniet earum fugit neque. Qui tenetur perspiciatis in dolorem saepe. Natus non quaerat voluptate veniam animi maxime voluptate. Mollitia ullam rem debitis rerum.', '1980-11-22 08:37:44', '2013-09-15 13:10:11'),
(331, 331, 31, 'Magnam occaecati nisi alias recusandae doloribus consectetur aut consectetur. Dolore et et blanditiis. Sunt ut cum hic ut laboriosam.', '2012-07-22 02:18:07', '1983-06-14 03:00:25'),
(332, 332, 32, 'A voluptatum non quo ex est id pariatur. Iste nemo maxime nihil cum fuga et. Quam voluptatibus nam soluta. Laboriosam veritatis possimus incidunt facere minima.', '2005-07-06 17:00:47', '1994-08-17 05:24:57'),
(333, 333, 33, 'Assumenda molestiae vitae sint et et laboriosam accusamus. Consectetur provident doloribus officia aut repudiandae. Atque totam inventore in a sapiente.', '1983-12-11 00:42:19', '1975-10-01 06:23:55'),
(334, 334, 34, 'Tenetur tempora non sit cupiditate eum et. Optio ullam rerum ab dolorem similique tempore eaque. Reprehenderit vitae quis quam voluptatem.', '2005-10-05 17:16:40', '2001-03-02 04:27:02'),
(335, 335, 35, 'Deserunt voluptates fuga et et neque. Sint et nihil minus vitae iusto minus. Provident sint voluptas laborum sed.', '1974-02-12 10:48:41', '1970-10-03 22:37:46'),
(336, 336, 36, 'Ut facilis qui deserunt enim fugiat. Aut quae odio dicta. Pariatur corporis molestiae quia fuga rerum voluptatem aut reiciendis. Nesciunt reiciendis sunt veritatis animi praesentium ut sit.', '2013-04-13 17:04:12', '2004-06-25 10:23:08'),
(337, 337, 37, 'Qui porro ut voluptatem et dolorum provident et eum. Saepe est sed similique fuga in repellendus et. Quibusdam suscipit eius est id quaerat facere. Id vel sit distinctio quisquam soluta qui esse.', '1980-06-07 01:19:34', '1997-01-08 07:40:41'),
(338, 338, 38, 'Asperiores dolorem aut quia debitis et quisquam nam. Debitis quod eligendi sunt vel est quia. Repudiandae qui magnam ad.', '1989-03-06 10:17:49', '1987-02-06 08:45:40'),
(339, 339, 39, 'Dolorum non eius eaque quam. Rem laborum quia quisquam iste ipsa amet. Nisi similique est blanditiis vitae ipsam iste. Suscipit repellendus dolorum sed ea.', '2007-02-25 15:41:29', '2002-03-29 22:09:52'),
(340, 340, 40, 'Earum qui omnis nihil voluptatem autem voluptatum illum. Voluptas odit ratione fugit consectetur. Autem omnis repudiandae pariatur nihil. Aut quia aut aliquid non.', '2008-05-04 10:21:33', '1976-02-10 23:18:44'),
(341, 341, 41, 'Quia possimus quisquam fuga voluptas et nemo sint tempora. Amet voluptatem quaerat quisquam esse ratione. Et saepe fugit sed quis sunt consectetur molestias delectus.', '1995-10-11 10:15:36', '2017-10-18 07:39:36'),
(342, 342, 42, 'Voluptatem et ducimus id voluptates sint non beatae. Ea rerum a placeat exercitationem recusandae doloremque aut.', '1977-02-28 02:32:02', '2011-06-30 01:51:20'),
(343, 343, 43, 'Dolorum sit porro in quis aut ratione molestiae sed. Necessitatibus nostrum libero maxime fugit. Qui repellat ut vitae exercitationem aut inventore hic.', '1999-06-30 07:52:19', '2001-11-20 00:31:09'),
(344, 344, 44, 'Quia et autem enim voluptatem consequatur. Et occaecati iure voluptatem reprehenderit quibusdam rerum quis. Voluptate deleniti quis molestias.', '1975-12-24 07:27:24', '1985-04-14 06:49:52'),
(345, 345, 45, 'Explicabo hic aut et dolorum quo. Nisi perferendis tenetur error aspernatur consequatur nihil mollitia facere. Modi quod porro omnis et.', '1970-01-19 00:14:11', '2014-07-29 20:10:25'),
(346, 346, 46, 'Quam qui rerum laborum soluta laboriosam. Aut praesentium praesentium voluptates voluptates perferendis. Est molestias quasi sint iure blanditiis. Dolores rerum vero ipsam officia.', '1979-07-11 23:22:10', '1977-07-07 10:49:59'),
(347, 347, 47, 'Et voluptatem rem sint. Ea architecto laboriosam voluptas. Vitae illo cupiditate fuga consequatur iste.', '1999-12-19 23:35:16', '1996-12-19 03:46:33'),
(348, 348, 48, 'Perspiciatis quod amet ut tenetur error soluta occaecati. A dolor sed at assumenda et repudiandae omnis. Eligendi impedit perspiciatis distinctio.', '2012-09-09 17:33:31', '2002-12-19 21:06:35'),
(349, 349, 49, 'Quis occaecati et omnis consequuntur iste earum exercitationem voluptatibus. Dolores modi nemo doloribus similique ipsam sed non. Est aut dicta ea aut ea repellendus similique. Omnis tempore error voluptas eligendi molestias.', '1985-04-06 13:06:33', '2016-11-30 08:22:41'),
(350, 350, 50, 'Dolorum et nam distinctio. Iste et nostrum blanditiis totam distinctio nam. Consequatur quos accusantium accusamus quod quos dignissimos. Non non repellat consequuntur aliquam ullam qui.', '2012-11-13 16:22:50', '1977-02-24 09:27:43'),
(351, 351, 51, 'Qui dolorum ullam enim accusantium qui quis optio. Dolores consequuntur veniam dolor et ut. Dolorem est ut voluptatem. Architecto aut quaerat ut et aliquam vero.', '1986-10-21 07:21:52', '2005-07-09 19:09:49'),
(352, 352, 52, 'Itaque velit culpa sit ut. In adipisci rerum ratione voluptates aut pariatur. Rerum exercitationem quis nam placeat suscipit. Blanditiis rerum et nesciunt aliquid repellat repudiandae aliquam.', '2010-06-08 20:01:34', '1974-03-01 02:26:31'),
(353, 353, 53, 'Qui modi commodi culpa. Culpa impedit inventore quas ut laboriosam dolorem ipsam. Quae ratione possimus eveniet est ullam est ut. Eos ipsum nisi ut reprehenderit voluptatem. Laudantium sint cum assumenda deleniti non.', '1985-09-27 23:16:02', '1972-10-17 23:27:03'),
(354, 354, 54, 'Quas qui vel similique repellat porro repellendus qui. Accusamus eligendi blanditiis similique excepturi.', '2006-12-23 14:51:47', '2014-11-17 21:06:26'),
(355, 355, 55, 'Libero amet dolorem quas voluptatem tempora labore ducimus ab. Quod itaque autem numquam aut. Ullam ut est quam culpa quasi perferendis reiciendis. Voluptates assumenda quibusdam magnam hic magnam et. Illum officia optio unde.', '1979-12-11 13:30:09', '1985-04-14 07:56:38'),
(356, 356, 56, 'Explicabo mollitia asperiores nostrum explicabo possimus qui id. Est eligendi id voluptate sapiente qui dignissimos. Aut porro sapiente enim ea mollitia.', '1990-01-23 08:18:29', '2019-04-13 07:05:29'),
(357, 357, 57, 'Et omnis dolor voluptatum provident facilis molestiae recusandae. Nemo asperiores magnam consectetur laborum reiciendis recusandae. Ea autem deleniti enim illum magni eveniet nemo.', '1978-07-04 03:56:28', '2003-07-27 11:58:20'),
(358, 358, 58, 'Et iusto sit perspiciatis quo. Fuga iusto et aliquid sapiente quae rerum reprehenderit. Et et laudantium est. Itaque quae aut quasi quisquam quam voluptatem.', '2012-02-05 15:17:11', '1985-03-20 07:37:49'),
(359, 359, 59, 'Aut ab nihil non facilis accusantium. Aut non dolores facere rerum et ut asperiores. Minima molestiae neque qui aut ducimus nemo.', '2018-06-15 23:21:12', '1998-04-08 05:09:37'),
(360, 360, 60, 'Impedit ducimus iste minus est doloremque. Consectetur qui ea est perferendis hic et eos. Quis vel mollitia veniam enim corporis nulla a.', '1978-10-31 06:35:13', '1994-06-17 02:18:58'),
(361, 361, 61, 'Et eos cum accusamus non quia non praesentium molestias. Vel cumque consequatur et quaerat perspiciatis voluptas. Debitis dolor molestias at. Quibusdam aut aliquam eligendi omnis dolorum.', '1996-06-16 08:38:55', '1992-06-03 21:15:06'),
(362, 362, 62, 'Qui dicta maiores quae nostrum. Eligendi distinctio voluptatem perferendis incidunt adipisci qui. Quam rerum tempora soluta aut inventore. Cumque et animi molestias rem.', '1990-03-22 12:44:35', '1981-09-11 23:47:42'),
(363, 363, 63, 'Porro minus laudantium amet vitae et. Expedita enim id molestiae sapiente debitis. Ut sit unde est omnis corporis. Doloribus autem nulla facere hic possimus aperiam. Provident aut id odio nam architecto praesentium.', '1980-01-26 02:48:02', '1976-05-31 14:49:04'),
(364, 364, 64, 'Hic deleniti quas sit itaque voluptatem itaque. Sunt nemo reiciendis fuga consequatur reiciendis voluptas. Eum illum inventore voluptas odio.', '1992-02-22 22:48:07', '2003-03-18 14:38:38'),
(365, 365, 65, 'Vero ut ut ex sint sit placeat. Impedit perspiciatis eveniet sunt voluptatem est et autem. Quibusdam id dolor inventore et.', '1983-07-01 23:54:22', '1974-08-29 15:20:52'),
(366, 366, 66, 'Nihil blanditiis ratione pariatur. Sed quisquam sed sunt. Qui illo qui porro eos unde. Repudiandae est est id. Et corrupti quia nisi voluptas quae.', '1972-05-13 09:09:41', '2014-03-05 02:02:39'),
(367, 367, 67, 'Eum cupiditate assumenda rerum est omnis. Perspiciatis eum non error.', '1971-07-03 15:24:37', '2012-02-16 20:45:01'),
(368, 368, 68, 'Id quis recusandae debitis et nihil sit beatae. Dicta aut non fuga nam. Eius ut enim ab nihil omnis cum incidunt.', '1976-04-04 13:36:13', '2015-05-13 19:49:02'),
(369, 369, 69, 'Impedit tempora earum explicabo voluptatem ex eum. Aut occaecati eius architecto molestias soluta accusamus. Laboriosam nemo eos aperiam dignissimos sit rerum fuga. Impedit sed debitis eum ea voluptas sint rerum.', '1974-12-03 13:18:27', '1999-04-22 15:52:36'),
(370, 370, 70, 'Omnis illum voluptas sunt ut nihil nemo enim. Sapiente reprehenderit quia ratione qui velit qui. Ut maiores sequi expedita est quo.', '2007-01-22 08:07:26', '1988-02-23 03:30:15'),
(371, 371, 71, 'Incidunt distinctio soluta vel tempora. Labore enim labore consequatur officia nisi iusto. Est ratione nostrum necessitatibus qui id dolorum quis laudantium. Fugiat sint quis sunt.', '1995-04-25 09:05:57', '1972-07-08 18:05:57'),
(372, 372, 72, 'Ut eos reiciendis dolorem quos. Quam ut ab sit similique praesentium ut aspernatur. Ea eos quisquam officiis laudantium culpa et. Nulla at consequatur aut doloribus vel doloremque deserunt.', '2012-04-13 22:49:07', '1975-03-20 23:09:45'),
(373, 373, 73, 'Unde omnis natus voluptatibus ad. Soluta dignissimos corrupti voluptates aut voluptas iusto doloremque. Nobis qui accusamus accusamus exercitationem.', '2003-09-07 03:39:51', '1992-08-12 17:35:17'),
(374, 374, 74, 'Qui assumenda nulla molestiae ut repudiandae quibusdam. Quaerat officia vel modi quia. Dolor quam accusamus molestiae eaque.', '2008-01-04 16:45:03', '2000-07-24 12:25:27'),
(375, 375, 75, 'Libero deserunt occaecati sed et. Ut minima beatae in qui ab sapiente. Aut voluptate non aut aspernatur et praesentium aliquam.', '1980-08-11 14:12:15', '1973-03-06 00:35:18'),
(376, 376, 76, 'Perspiciatis commodi voluptatem ea est impedit non. Id et soluta voluptatem error recusandae nobis ut. Perferendis in perferendis esse autem at saepe.', '1979-04-08 20:10:49', '2007-09-17 21:21:40'),
(377, 377, 77, 'Et molestiae architecto pariatur qui est voluptatem quos. Repellat ut minima dignissimos non ut aliquam aut dolores. Nisi pariatur natus dicta modi et quis tenetur harum. Et voluptas doloremque vitae ut aliquid provident ipsa.', '2014-08-05 00:04:48', '2003-11-06 16:51:17'),
(378, 378, 78, 'Eum voluptatem iusto quis blanditiis. A et autem ducimus tempore velit consequuntur. Dignissimos voluptas occaecati vel rerum eos enim provident.', '2017-01-11 19:44:58', '2006-12-02 19:18:30'),
(379, 379, 79, 'Voluptas assumenda velit et sapiente rerum. Nam neque perspiciatis et fugit dolor et. Optio est et quia consequatur.', '2008-11-26 19:12:00', '2006-01-26 11:58:48'),
(380, 380, 80, 'Eos possimus aut ipsum laborum ullam sed. Qui ea laboriosam magnam dolor aspernatur eius. Autem ut velit explicabo explicabo.', '2001-11-14 12:13:48', '1984-01-28 00:22:52'),
(381, 381, 81, 'Provident veritatis ea eum nesciunt et labore ducimus repellat. Possimus dolores ut dolorum temporibus. Dolor ut repellendus ut. Est ad enim odit. Ipsa qui ut sed magni.', '1970-03-17 08:43:41', '1972-02-07 22:51:32'),
(382, 382, 82, 'Quaerat id consectetur quos nobis. Quasi non tenetur officiis voluptatem qui unde molestiae et. Illo consequuntur voluptatem magnam neque ut tenetur. Dolorem deleniti qui exercitationem dolorem enim ipsam dolore dolore. Iusto dolores nemo quia esse.', '1990-09-30 23:10:13', '2000-04-03 19:47:10'),
(383, 383, 83, 'Nihil numquam consequuntur aut ipsa ipsum. Minus aperiam nobis animi accusantium est. Illo possimus dolorem rerum laborum veritatis aut repudiandae. Id dolorem omnis nesciunt hic sed.', '1971-03-23 19:29:40', '2008-12-29 15:00:05'),
(384, 384, 84, 'Et et voluptas repellat perspiciatis totam et natus delectus. Sed mollitia minima at. Mollitia fugiat maiores asperiores repudiandae. Hic quidem omnis veniam molestias.', '2007-01-24 06:29:15', '1976-06-14 03:33:09'),
(385, 385, 85, 'Architecto aut qui laborum eveniet aperiam. Consequatur necessitatibus veritatis magni ducimus tempora animi sint. Expedita fugiat et nisi. Nihil laboriosam cupiditate qui ut repudiandae.', '2018-12-08 15:14:16', '2016-11-16 05:58:39'),
(386, 386, 86, 'Et ea hic quaerat molestiae blanditiis. Consequatur rerum ab expedita vitae sit. Dolor est quia eos molestiae.', '1997-01-11 14:35:45', '1970-11-06 04:26:09'),
(387, 387, 87, 'Dolor dolorum et eos numquam veritatis qui sit. Magnam ea ut rerum ipsam ipsum. Corrupti unde dicta earum quis. Sit recusandae possimus aut et quia. Voluptates amet nostrum aperiam itaque.', '1986-06-06 15:27:34', '1992-07-17 19:16:03'),
(388, 388, 88, 'Magni ut quia voluptas qui vero dolor. Minima itaque odio similique est tempora. Possimus esse voluptatem nostrum dolor rerum nisi et. Labore dolores consequatur modi possimus quia. Delectus impedit accusantium similique rerum possimus quam et.', '1983-06-20 14:41:37', '1985-04-17 12:22:48'),
(389, 389, 89, 'Cupiditate nisi fuga est. Odit atque laudantium quod ut. Ut quia iste delectus ea voluptas necessitatibus. Neque assumenda aperiam aut eos et. Et perferendis quasi deserunt sed et iure.', '2007-05-28 11:01:24', '1998-06-04 19:21:59'),
(390, 390, 90, 'Voluptatem voluptate blanditiis quas autem corrupti. Cupiditate sit rerum dolore est aut fugiat. Quos quod labore at numquam iste. Iusto ipsum et occaecati sint commodi placeat.', '1985-11-27 13:12:47', '1979-11-20 06:48:46'),
(391, 391, 91, 'Aspernatur nihil aut facilis sunt vero ea. Earum eos facere est culpa sit cumque perspiciatis. Libero amet facilis nobis ipsam incidunt quasi et nihil. Ipsam ducimus numquam eos eum suscipit ipsam ex.', '1975-11-23 13:08:10', '1997-08-21 22:17:11'),
(392, 392, 92, 'Ab qui veniam in aut illo et et. Sed ut velit iure ad dolorem ullam voluptatem. Culpa eveniet est dolor non sequi. Aut nemo quo tenetur sint.', '1983-10-08 07:59:31', '1970-10-06 00:57:02'),
(393, 393, 93, 'Et ea optio et. Distinctio repellendus deleniti et suscipit debitis molestiae quia. Rerum eaque aliquam sint explicabo et quia. Rerum animi ab consectetur est.', '1978-05-30 16:24:23', '1988-02-26 22:46:15'),
(394, 394, 94, 'Eius harum voluptates et praesentium laborum sapiente tempora. Et voluptas aliquid quia nulla. Laborum voluptatem expedita sit. Modi iusto minima quis ut.', '1986-07-05 19:52:33', '2017-02-23 11:48:06'),
(395, 395, 95, 'Est id qui quasi dolorum qui. Molestiae vel ducimus tempora reprehenderit eius qui delectus. Iste accusantium quasi rem ut iste.', '2001-10-24 04:51:12', '2006-02-23 13:34:02'),
(396, 396, 96, 'Delectus non totam nihil natus rerum. Quibusdam ut laborum delectus accusamus dignissimos omnis neque. In consectetur sint ratione molestiae accusamus consequatur. Nesciunt amet necessitatibus similique voluptas.', '2000-07-08 16:59:07', '2001-09-07 12:30:28'),
(397, 397, 97, 'Autem optio qui ut vel et debitis. Quam sit porro consectetur sed. Et aut sit doloribus at veritatis nesciunt fuga.', '1977-05-22 22:31:35', '1994-05-24 14:12:39'),
(398, 398, 98, 'Dolores doloremque et magni. Quos iure ea placeat. Aspernatur totam et esse delectus. Sit quia tempora voluptatem accusamus assumenda esse.', '1997-05-27 05:07:54', '1996-08-01 01:02:04'),
(399, 399, 99, 'Quod deleniti consequuntur laboriosam consequuntur et deleniti quibusdam. Error vel modi inventore nihil nihil accusantium ex. Ex ut iusto provident placeat laborum. Tempora excepturi ut voluptatem eaque.', '1970-10-30 20:20:25', '2006-07-31 18:33:11'),
(400, 400, 100, 'Ipsum rerum et quo eum adipisci tenetur aliquid. Sint dolor qui facere numquam neque minus voluptatibus. Et quaerat consequuntur sunt eum et.', '1995-10-08 03:41:37', '2001-05-25 10:55:48');
DROP TRIGGER IF EXISTS `log_users_tests`;
DELIMITER $$
CREATE TRIGGER `log_users_tests` AFTER UPDATE ON `users_edu_lessons_tests` FOR EACH ROW BEGIN
	INSERT INTO 
		`users_edu_lessons_tests_logs`(`users_edu_lessons_tests_id`, `description`) 
	VALUES (OLD.`id`, OLD.`description`);
END
$$
DELIMITER ;

DROP TABLE IF EXISTS `users_edu_lessons_tests_logs`;
CREATE TABLE IF NOT EXISTS `users_edu_lessons_tests_logs` (
  `id` int(11) NOT NULL AUTO_INCREMENT,
  `users_edu_lessons_tests_id` int(11) NOT NULL,
  `description` varchar(255) DEFAULT NULL COMMENT 'Ответ на задание',
  `create_date` timestamp NOT NULL DEFAULT CURRENT_TIMESTAMP COMMENT 'Дата создания',
  PRIMARY KEY (`id`),
  KEY `users_edu_lessons_tests` (`users_edu_lessons_tests_id`)
) ENGINE=InnoDB AUTO_INCREMENT=101 DEFAULT CHARSET=utf8 COMMENT='Таблица логов';

INSERT INTO `users_edu_lessons_tests_logs` (`id`, `users_edu_lessons_tests_id`, `description`, `create_date`) VALUES
(1, 1, 'Vitae quidem voluptas aperiam. Ut itaque omnis aspernatur voluptas id qui non.', '1989-12-05 00:50:20'),
(2, 2, 'Ut ut omnis repudiandae voluptate totam aut voluptatem. Iusto dolorem molestiae iste hic aut nobis. Accusantium est dolores facilis sunt. Pariatur inventore odio repudiandae voluptatibus qui placeat distinctio aut.', '1994-04-08 22:20:08'),
(3, 3, 'Officiis nesciunt eaque rerum laborum at et consequatur quaerat. Omnis doloremque dolore soluta ipsa qui minima alias. Et debitis voluptatem hic aut. Quia commodi vero qui alias aliquid molestias.', '1986-02-02 07:19:06'),
(4, 4, 'Omnis sapiente aut dolorem perspiciatis et. Deserunt voluptatem et est tempora ut perspiciatis possimus. Aperiam sequi doloribus et accusamus doloribus maiores.', '1996-04-15 04:12:45'),
(5, 5, 'Magnam dolores quam voluptas voluptatum explicabo ab. Omnis nam id quibusdam reiciendis ea. Dolorem nesciunt aut asperiores voluptate omnis sit et. Voluptatum enim aspernatur nobis et.', '1988-12-09 08:41:47'),
(6, 6, 'In suscipit excepturi exercitationem sit ut neque. Ab voluptatem sunt sit ex voluptas. Accusamus et necessitatibus repellendus quos eligendi nihil.', '2001-10-03 04:44:29'),
(7, 7, 'Natus autem ut eum quia itaque libero autem. Vel quod odit incidunt. Quasi ipsa nobis molestias enim enim.', '2017-10-16 15:15:32'),
(8, 8, 'Inventore molestiae nulla a eos repudiandae consequatur. Fugiat aliquid dolorem labore natus sit et voluptatem. Molestiae consequatur et et. Vel delectus in officiis consequatur qui dolorum suscipit.', '1992-07-21 00:44:42'),
(9, 9, 'Nihil ratione molestiae vel quo consequuntur. Voluptatem iste perspiciatis nemo est voluptatem. Nulla est consequatur distinctio in expedita. Quam eius qui cupiditate aut.', '2000-04-08 21:53:39'),
(10, 10, 'Rerum ipsam sint dolor at alias autem. Reiciendis repellendus enim cum voluptate. Ipsum inventore ea qui adipisci.', '2006-09-21 01:36:31'),
(11, 11, 'Nihil aut iusto eum qui accusantium aut. Quas expedita sunt enim ab et et qui. Praesentium voluptas qui omnis quos natus.', '1979-07-20 03:44:50'),
(12, 12, 'Molestias velit laboriosam quia quibusdam quas dolorum in. Minima inventore beatae necessitatibus quia aut magnam autem. Voluptas illo aliquid nam. Eum tempora soluta quaerat fuga.', '1996-03-26 06:16:00'),
(13, 13, 'Ea ab blanditiis et ut dolor aliquam quas. At quo dicta magnam qui magnam quia. Illum qui est voluptates fugit aliquam. Dolores id aliquam porro est.', '1983-08-25 11:45:03'),
(14, 14, 'In quis autem quia praesentium. Impedit sequi unde in sapiente adipisci velit optio et. Id et iusto accusantium veritatis temporibus dolor molestiae maiores. Eos voluptates nihil vitae illum esse sit.', '2018-03-17 12:04:56'),
(15, 15, 'Dolorum tempore officiis pariatur omnis. Dolores architecto neque sunt delectus a ipsam. Dolorum omnis sunt modi tempore ipsum dolorem doloribus. Sapiente amet repellendus omnis ipsum voluptate doloremque. Illo earum maxime laborum molestiae nemo eos.', '2007-04-28 10:51:06'),
(16, 16, 'Aut sed deserunt in aliquam itaque animi in. Cupiditate voluptas modi ut cum repellat occaecati necessitatibus accusantium. Doloremque quo et numquam amet delectus totam similique.', '1980-05-27 06:23:52'),
(17, 17, 'Deleniti asperiores sit nostrum accusantium. Praesentium quia enim animi qui. Adipisci nemo est similique unde dicta. Reprehenderit maxime sed et.', '2015-03-14 11:43:38'),
(18, 18, 'Asperiores sint corporis sunt eveniet similique. Omnis voluptatibus ut omnis assumenda saepe esse nulla. Sequi non et quae commodi corrupti et sunt. Dolores aut nam corrupti voluptatem natus cupiditate recusandae.', '1971-07-17 03:54:15'),
(19, 19, 'In perspiciatis quae molestiae eos sunt soluta nemo. Quas ad veniam qui dolorem. Voluptates et nobis vero.', '1982-07-03 11:01:53'),
(20, 20, 'Maxime voluptatem nobis aut accusantium. Nihil est sequi fugit aut vel facilis et. Facere voluptate voluptas eligendi et voluptas qui id.', '1981-07-21 05:22:27'),
(21, 21, 'Et quaerat enim vel. Doloribus aut ducimus dolorem tenetur vel ipsam.', '2003-04-14 15:17:49'),
(22, 22, 'Error reprehenderit adipisci illum ad officia ut eius dolor. Inventore ratione ipsum natus ratione qui sit dolorum. Officia at et et accusantium est beatae.', '1983-08-30 17:01:55'),
(23, 23, 'Possimus autem quis tenetur et. Est vel at cumque enim et. Laborum ut a atque accusantium cupiditate et.', '1972-11-15 13:32:35'),
(24, 24, 'Ad omnis eos modi blanditiis quia non quos. Ut magnam temporibus eum et nobis autem aut. Fugiat mollitia aut debitis cum ab laboriosam sit. Soluta et a qui sed autem.', '1970-04-25 23:17:45'),
(25, 25, 'Temporibus ipsum eos et. Ipsum aspernatur doloremque laboriosam iure cumque officia cum enim. Sequi aut unde voluptas tenetur autem placeat nam consectetur. Veritatis libero omnis dolor hic libero.', '2014-11-16 09:48:06'),
(26, 26, 'Quo expedita aliquam illo nisi et perferendis qui. Aliquid et debitis ut qui asperiores. Hic ipsam et aut sapiente.', '1971-03-09 13:03:33'),
(27, 27, 'Iste odio dolor minus assumenda voluptates quidem dolores. Magnam nam ut eos laboriosam impedit. Sint soluta nostrum facere et ex distinctio.', '2019-10-12 04:33:01'),
(28, 28, 'Et temporibus commodi rerum praesentium est ipsam facilis. Quidem eos minus esse laudantium adipisci et culpa. Totam rem qui omnis esse officiis enim architecto.', '1998-11-28 15:04:30'),
(29, 29, 'Qui sed perferendis incidunt magni autem fugit delectus. Illum omnis dolores nobis in consequatur debitis. Minus harum nisi fugiat est fuga placeat. Dolorem explicabo vel optio illo.', '1981-05-14 22:38:15'),
(30, 30, 'Sed porro amet sed sint reprehenderit sit in sit. Qui et corrupti in hic repellendus. Qui aperiam dolor quas tempora mollitia assumenda. Modi ad sit sed esse.', '2006-08-28 08:20:52'),
(31, 31, 'Modi occaecati nisi pariatur placeat minima vel. Voluptatibus minus vel officia voluptas. Voluptates non molestias vitae. Possimus quos et sapiente delectus assumenda in.', '2017-03-03 21:59:06'),
(32, 32, 'Dolor ut porro esse ea. Id corporis itaque aperiam quasi nihil veniam distinctio minima. Ea quia odit qui est molestiae esse. Et occaecati dolores ut eius exercitationem modi.', '1997-05-20 21:46:20'),
(33, 33, 'Eos ea placeat quaerat omnis. In autem doloremque quos dolorem. Consequatur reprehenderit ex voluptas aut nobis exercitationem.', '1976-08-03 04:32:12'),
(34, 34, 'Qui aut minima omnis velit. Amet ut quis optio sed blanditiis est eaque. Est magni dignissimos est facere ratione quis incidunt itaque. Veniam reprehenderit ipsum assumenda enim distinctio sed.', '1974-05-13 12:45:55'),
(35, 35, 'Id in omnis mollitia. Quam et quibusdam ab cumque distinctio fugiat officiis. Sunt laboriosam voluptas quaerat consequuntur sapiente labore beatae. Rerum ad consequuntur eius repellat neque molestiae. Possimus fuga architecto veniam delectus et aliquam.', '1990-04-14 15:28:06'),
(36, 36, 'Qui numquam molestias ipsam quia eius quae est. Magni odio ducimus exercitationem optio sit doloremque dolorem. Cumque dolore praesentium dolor rerum debitis sit aut. Repudiandae et id sit aut a.', '1970-06-16 02:47:26'),
(37, 37, 'Aut consectetur ex provident quia sit quae. Pariatur ut dignissimos ipsa ipsum voluptatum sapiente. Necessitatibus vel deleniti inventore qui molestiae provident. Ea ducimus nisi ipsam a consectetur officiis.', '1995-07-17 21:19:27'),
(38, 38, 'Recusandae voluptatem reiciendis vel consequuntur. Natus sint sit distinctio aut facilis ea. Ut perspiciatis quis tenetur perspiciatis enim dolor quia quam.', '2015-01-04 23:01:19'),
(39, 39, 'Saepe voluptatibus tempore doloribus voluptate autem vero at. Optio id sapiente harum repellendus commodi sit. Est autem error sit reiciendis laboriosam.', '1974-05-28 22:08:27'),
(40, 40, 'Doloribus quia libero aut non dolorum fugit. Qui dolores ratione id laboriosam. Et consectetur consequatur numquam sed et.', '2007-01-02 05:53:30'),
(41, 41, 'Temporibus vero dolorem sint impedit dolorum. Cum possimus aut velit nulla ut aut. Et et qui illum repellat sapiente. Perferendis labore corrupti ex expedita.', '2008-06-28 22:20:38'),
(42, 42, 'Molestiae eum impedit consequatur adipisci nemo consequatur. Molestiae et animi cum tenetur impedit officia est. Eum odio natus excepturi quidem unde quisquam.', '2010-12-08 15:44:36'),
(43, 43, 'Nam voluptatum harum qui architecto blanditiis. Fugit nemo rem ut nemo officia quia. Et eligendi rerum exercitationem iusto sed est.', '2011-03-17 20:50:16'),
(44, 44, 'Ad sint accusamus pariatur reiciendis. Ea cum libero beatae amet repellendus cum eveniet.', '2009-02-20 09:12:29'),
(45, 45, 'Assumenda aperiam dolor sit ad est et quos debitis. Aut est iusto et repellendus alias. Quo omnis est qui voluptas omnis.', '1970-02-01 02:31:45'),
(46, 46, 'Rerum assumenda nostrum non rem odio cum magni voluptatem. Rerum quasi odio quibusdam dolore. Saepe qui et quo quam fugit ut excepturi. Earum magnam nulla incidunt vitae laudantium nihil quis.', '2005-04-01 09:58:22'),
(47, 47, 'Quos omnis rerum ex ut et. Autem ut quod deleniti quis aspernatur voluptatibus. Omnis dolores ea non et. Omnis nostrum et temporibus et modi cumque nulla. Rem doloremque rerum aut odit debitis tempore in.', '2001-02-10 14:30:39'),
(48, 48, 'In dicta tempore magni reprehenderit et. Odit accusamus alias dolores voluptatibus magni dolorem. Saepe nesciunt quo quae aliquid facilis eum sapiente.', '1995-09-09 18:04:34'),
(49, 49, 'Ut sunt quasi non quia. Consequatur beatae tempora illo ab ut. Libero eaque quia praesentium iusto veniam quia.', '1981-02-12 09:10:03'),
(50, 50, 'Eum quo sint numquam enim et. Dicta cum labore molestiae voluptatem animi. Quas reprehenderit praesentium dolores eveniet aperiam.', '1985-11-12 03:09:13'),
(51, 51, 'Consequuntur minima culpa architecto voluptatibus consequatur quas eligendi. Et maiores totam molestiae et molestiae. Magnam omnis et ad ab voluptatem autem et laboriosam. Sed nostrum ea fugit sit.', '2006-04-19 09:36:50'),
(52, 52, 'Velit ullam blanditiis et nulla et voluptatem dolores. Dicta ratione vel numquam. Est et ea eveniet laboriosam quis suscipit omnis. Est tempora laborum voluptatum ipsum.', '1970-04-17 22:17:44'),
(53, 53, 'Rem praesentium unde veniam aliquid qui. Voluptatibus illo harum corporis excepturi sit officiis asperiores. Beatae voluptas nostrum ipsam numquam facilis voluptates quis nulla. Non adipisci tempora magnam similique.', '2010-09-08 14:11:08'),
(54, 54, 'Id accusantium aliquid debitis eveniet itaque. Eos repellendus consequuntur harum error. Fugiat necessitatibus aut magni nobis at dolor.', '1970-06-15 17:13:33'),
(55, 55, 'Quas qui mollitia voluptatem. Non harum sint quo impedit dolorum porro laudantium. Unde vel molestiae magni a.', '2015-07-15 19:06:34'),
(56, 56, 'Dolor officiis sit libero illum. Nostrum molestiae est officiis cumque alias. Perferendis natus omnis dolor.', '2014-08-24 07:04:09'),
(57, 57, 'Maiores enim dolores dolores officiis. Similique voluptas consequuntur libero laborum numquam ut. Nihil autem velit molestias reprehenderit. Quidem voluptatum eos illo quam recusandae rem.', '1974-02-16 04:32:01'),
(58, 58, 'Neque libero dolor reprehenderit tenetur quasi adipisci ea autem. Soluta praesentium cupiditate totam eos fuga aut hic. Omnis facere nulla iure non necessitatibus qui.', '1980-09-22 06:59:18'),
(59, 59, 'Velit ab sit architecto aliquam consequuntur. Aliquam omnis totam alias. Iusto occaecati aut est eaque dolore ut.', '1993-12-16 10:11:03'),
(60, 60, 'Nemo saepe maxime non mollitia magni. Quaerat ratione dolorem alias quasi. Et et culpa id consequatur voluptas cum sint. Cumque sit dolor similique.', '1988-11-13 02:05:58'),
(61, 61, 'Quisquam qui minima dolores. Eum eum laboriosam maxime voluptatem culpa labore assumenda. Eum blanditiis minima qui asperiores vero.', '2008-11-16 16:00:21'),
(62, 62, 'Et maiores alias laboriosam dolor eius. Error fugiat repellendus aut et. Tempore deleniti cumque dolor dolores qui.', '1976-04-18 14:20:54'),
(63, 63, 'Repellendus hic repellat provident nesciunt minus autem sint. Ducimus sed provident exercitationem unde culpa harum voluptatem.', '2008-12-02 18:08:39'),
(64, 64, 'Corporis assumenda sunt sunt repellat. Fugiat recusandae ad repellat ipsam labore explicabo. Aut hic dolores consectetur ut et sit possimus id.', '2015-01-21 19:26:05'),
(65, 65, 'Dignissimos quod et nisi dicta consequatur. Unde eos magni maxime architecto et sit ut. Expedita qui qui esse rerum. Voluptate voluptatibus adipisci aut praesentium dolor possimus et.', '2019-10-02 14:48:31'),
(66, 66, 'Dolores unde voluptatem voluptas assumenda repellendus ratione explicabo. Sunt aut aut vero vel qui eligendi itaque. Velit dolorum suscipit rerum consectetur. At molestiae non consequatur in omnis et omnis.', '1987-02-07 19:13:38'),
(67, 67, 'Assumenda atque et rerum magnam. Quae modi rem voluptates est. Et quisquam inventore architecto dolorem rerum.', '2010-12-28 12:35:02'),
(68, 68, 'Quae sunt velit exercitationem quos qui. Qui vero illo ipsam et quis natus. Facere a quia quod quis. Ullam quam sed cum et.', '1999-09-13 19:25:43'),
(69, 69, 'Perferendis iste fugit blanditiis quod. Adipisci fuga quia fugiat vel. Nobis beatae ut occaecati corporis ex. Voluptatem rerum repudiandae officia eos. Eveniet beatae ex et necessitatibus.', '2004-10-08 17:10:34'),
(70, 70, 'Natus placeat quaerat iure enim veniam corrupti aliquid. Deleniti tempore quia sint optio nihil ducimus mollitia.', '1998-07-13 06:34:23'),
(71, 71, 'Voluptates voluptas quos voluptate non quod consequuntur. Doloremque omnis dolor omnis odit porro reiciendis perferendis doloremque. Sed dolores aut sunt similique. Error fuga vel sint. Sed rerum dolores tenetur.', '2004-02-17 09:18:02'),
(72, 72, 'Quo possimus molestiae assumenda harum repellendus. Animi omnis perspiciatis laudantium consequuntur repellat neque ab. Quam odit est velit velit odit. Veniam architecto harum maxime.', '1989-09-18 18:35:30'),
(73, 73, 'Ut totam dolor minima omnis similique quis expedita. Vel possimus reiciendis tempore id aut alias. Esse excepturi sapiente quo et id ipsam. Reprehenderit fuga laborum sed impedit quia cumque similique fuga.', '2017-08-03 07:11:02'),
(74, 74, 'Quis quia sapiente mollitia. Dolor magni illum nihil ea dolorum architecto ut. Et amet voluptas quaerat laborum ab. Illo et velit sed cumque ullam distinctio voluptatibus recusandae.', '2000-08-30 05:16:43'),
(75, 75, 'Blanditiis consequatur ut repellendus dolores esse. Maxime est earum aut ut molestiae nam in. Deserunt consectetur at qui. Mollitia quos aspernatur corporis excepturi ut minima.', '1985-10-15 23:22:11'),
(76, 76, 'Quo magnam velit nemo in. Quisquam est voluptatem corporis necessitatibus. Dolorem laudantium omnis rerum repudiandae dolorum alias officia. Neque fugiat soluta soluta rerum in aut numquam.', '1998-12-14 04:39:29'),
(77, 77, 'Accusantium ipsa dicta assumenda saepe. Voluptate incidunt incidunt ducimus quia minima. Molestias eligendi autem eos accusantium voluptatem deserunt nam.', '2001-10-16 04:59:07'),
(78, 78, 'Magni iure voluptates eius quae minima nisi itaque. Et eius recusandae laboriosam occaecati amet. Magnam facere in dignissimos perspiciatis cum nulla et.', '1998-01-20 19:36:06'),
(79, 79, 'Voluptatem excepturi qui soluta illo fugit. Laboriosam ut eos maxime sapiente. Assumenda distinctio illum ea et qui ipsam minus. Voluptatum vel et nemo praesentium harum.', '1998-04-03 14:52:19'),
(80, 80, 'Possimus est eaque laborum aut. Qui temporibus earum veniam eum molestiae autem autem. Eligendi blanditiis consequuntur sed nulla quas molestiae. Expedita in quaerat dicta sit qui.', '1980-01-07 22:33:27'),
(81, 81, 'Perspiciatis voluptatem eos error. Sed rerum voluptates fugiat. Eos nisi quod ea sed hic. Nisi itaque iusto et et cupiditate ea.', '2015-11-14 17:49:17'),
(82, 82, 'Vitae in necessitatibus incidunt praesentium. Sit voluptas laudantium ut beatae natus quae eius. Et et distinctio itaque enim odit quidem.', '1984-08-26 13:00:32'),
(83, 83, 'Recusandae harum omnis rerum facilis mollitia doloremque cum. Et esse accusantium at fugit similique maiores natus. Est vero qui magnam qui id dolores. Quos eaque veritatis doloribus nostrum consequuntur sit. Iure sed consequatur soluta qui voluptatem inc', '1971-06-12 16:53:39'),
(84, 84, 'Officia consequuntur ducimus iusto quam ea dolor id. Eaque recusandae exercitationem ea minima voluptas in et. Sed autem aperiam eaque ea quis fugit.', '2006-08-03 07:19:17'),
(85, 85, 'Mollitia temporibus nobis beatae dolor ipsam et quis. Voluptatem deserunt molestias ipsa totam itaque delectus porro. Neque ut veritatis et neque et. Molestiae dolor et omnis quisquam enim praesentium enim quia.', '2018-02-15 08:10:36'),
(86, 86, 'Amet corporis qui explicabo esse dignissimos id nobis. Animi excepturi sapiente maxime est quae rerum. Voluptas sapiente voluptate sit culpa rerum reiciendis totam. Dolorem id id veniam eum tempora.', '2006-05-07 16:44:40'),
(87, 87, 'Atque quo nostrum aliquam omnis enim voluptates. Molestias rerum vel aut. Nihil inventore officiis ut dolorum qui dolor quo. Sit dolor quia ipsum architecto nihil magni id sunt. Rem quisquam asperiores autem.', '2000-06-02 15:52:12'),
(88, 88, 'Accusantium magnam accusamus reprehenderit optio. Nesciunt cupiditate ullam sint impedit dolor et ut. Sed qui tempore commodi nam. Expedita voluptatem placeat enim quo.', '2013-01-04 08:55:53'),
(89, 89, 'Aut beatae veniam repellendus fugit est. Ducimus qui mollitia illo velit qui id id. Ea excepturi quo rerum nemo autem provident.', '1984-09-12 12:04:38'),
(90, 90, 'Rem ipsam possimus nemo veritatis tempore sint qui ut. Fuga aut quia earum voluptas. Mollitia aliquid est itaque animi dolorem.', '1998-05-02 05:20:27'),
(91, 91, 'Recusandae provident et possimus vitae quibusdam et. Ut et nulla unde sapiente molestias itaque consectetur. Non quod error ducimus voluptas explicabo et odio. Id amet quos aliquid ipsam id. Magnam placeat similique eos et.', '2018-12-19 03:06:08'),
(92, 92, 'Ea accusamus quos in natus ut consequatur alias ex. Quisquam dolorem placeat non molestias. Voluptatibus voluptatem ea nesciunt vel in consequatur magni. Ut velit est est fugiat quae magni.', '1978-09-14 05:42:48'),
(93, 93, 'Debitis quidem suscipit itaque ut. Hic excepturi rem assumenda. Consequatur quasi maxime sit. Et possimus maiores est ut. Ut atque vel dolorum.', '1985-07-03 19:26:59'),
(94, 94, 'Sit ullam cum illo voluptas vero laboriosam. Asperiores et odio sunt sunt repellat et qui. Reprehenderit labore nulla eum non doloribus illum voluptatem est.', '1993-10-20 01:28:52'),
(95, 95, 'Nesciunt laborum et itaque quod officiis. Recusandae incidunt aut qui odit vitae consequatur placeat. Non expedita unde at.', '1985-06-08 05:33:38'),
(96, 96, 'Unde omnis iure perferendis possimus. Nisi ex ut quibusdam nostrum et illo velit impedit. Voluptas recusandae similique harum error hic. Est harum reprehenderit ab sed.', '2002-10-17 11:07:51'),
(97, 97, 'Velit culpa perferendis magni magnam dolor quo aliquam. Fuga suscipit quia nemo exercitationem.', '1979-03-19 18:01:57'),
(98, 98, 'Id rerum qui qui atque officia a dolor vitae. Error ab magnam dolorem ut. Sequi iste qui eos quidem natus ut et molestiae.', '2018-02-04 13:46:43'),
(99, 99, 'Est molestias beatae placeat debitis dignissimos non. Temporibus officia enim tenetur soluta qui. Magnam error soluta dolorem nihil.', '1980-12-19 05:36:02'),
(100, 100, 'Assumenda similique molestias saepe ut similique. Corrupti qui doloribus ex modi voluptates iste repellat a. Sed ea esse nulla doloremque exercitationem laboriosam et. Ut non dolores ullam possimus.', '2016-09-02 01:27:47');

DROP TABLE IF EXISTS `users_edu_modules`;
CREATE TABLE IF NOT EXISTS `users_edu_modules` (
  `id` int(11) NOT NULL AUTO_INCREMENT,
  `users_id` int(11) DEFAULT NULL COMMENT 'Пользователь',
  `modules_id` int(11) DEFAULT NULL COMMENT 'Модуль',
  `status` smallint(1) DEFAULT '0' COMMENT 'Статус',
  `create_date` timestamp NOT NULL DEFAULT CURRENT_TIMESTAMP COMMENT 'Дата создания',
  `update_date` timestamp NOT NULL DEFAULT CURRENT_TIMESTAMP ON UPDATE CURRENT_TIMESTAMP COMMENT 'Дата обновления',
  PRIMARY KEY (`id`),
  KEY `users_id_index` (`users_id`),
  KEY `modules_id_index` (`modules_id`),
  KEY `status_index` (`status`)
) ENGINE=InnoDB AUTO_INCREMENT=401 DEFAULT CHARSET=utf8;

INSERT INTO `users_edu_modules` (`id`, `users_id`, `modules_id`, `status`, `create_date`, `update_date`) VALUES
(1, 1, 1, 0, '2019-08-05 01:29:09', '1994-05-08 05:25:55'),
(2, 2, 2, 0, '1970-09-14 07:00:15', '1974-10-07 18:25:16'),
(3, 3, 3, 0, '2018-11-16 04:37:18', '1980-02-16 04:17:00'),
(4, 4, 4, 0, '1973-12-01 15:50:32', '1986-02-19 14:51:42'),
(5, 5, 1, 0, '2016-09-13 13:09:04', '2019-05-12 01:47:02'),
(6, 6, 2, 0, '2014-11-16 21:33:53', '1983-06-10 16:02:14'),
(7, 7, 3, 0, '1981-10-26 02:00:53', '1992-01-31 06:00:05'),
(8, 8, 4, 0, '1977-08-23 10:22:32', '1992-01-24 06:08:08'),
(9, 9, 1, 0, '1981-07-18 21:22:05', '2018-01-07 09:53:36'),
(10, 10, 2, 0, '2019-02-23 08:24:26', '1987-05-15 05:48:07'),
(11, 11, 3, 0, '1996-02-29 23:19:24', '1973-07-11 16:29:05'),
(12, 12, 4, 0, '1993-05-08 13:15:59', '1984-12-09 13:26:07'),
(13, 13, 1, 0, '1980-02-16 19:53:37', '1987-08-30 03:20:13'),
(14, 14, 2, 0, '1978-11-24 23:55:09', '2008-05-25 12:33:32'),
(15, 15, 3, 0, '1985-04-03 12:30:57', '1994-04-07 16:43:14'),
(16, 16, 4, 0, '1996-09-28 03:30:20', '1972-07-07 01:24:16'),
(17, 17, 1, 0, '2002-05-14 08:28:39', '2002-10-03 16:39:00'),
(18, 18, 2, 0, '1996-09-10 17:07:17', '1997-11-10 13:37:57'),
(19, 19, 3, 0, '1990-07-30 17:11:08', '2005-03-22 13:14:57'),
(20, 20, 4, 0, '2017-08-30 03:47:19', '1993-04-08 08:13:49'),
(21, 21, 1, 0, '1996-06-26 04:26:18', '1977-06-28 21:02:32'),
(22, 22, 2, 0, '2011-01-18 00:38:52', '1970-05-22 11:47:31'),
(23, 23, 3, 0, '1993-11-06 07:01:07', '2008-11-27 19:22:08'),
(24, 24, 4, 0, '1996-06-06 01:05:23', '1987-07-05 16:49:09'),
(25, 25, 1, 0, '1971-04-07 00:51:59', '2003-09-06 22:13:52'),
(26, 26, 2, 0, '1985-08-01 20:36:36', '2014-07-30 06:01:29'),
(27, 27, 3, 0, '1980-10-17 15:33:07', '1983-11-18 00:10:04'),
(28, 28, 4, 0, '1989-09-24 12:31:33', '2008-01-23 15:43:10'),
(29, 29, 1, 0, '1985-12-15 19:03:26', '2009-12-19 10:23:44'),
(30, 30, 2, 0, '1972-01-07 15:24:44', '1983-11-12 09:40:43'),
(31, 31, 3, 0, '1984-03-10 11:35:59', '1997-02-06 11:39:59'),
(32, 32, 4, 0, '2005-04-21 21:40:01', '2016-05-14 16:25:07'),
(33, 33, 1, 0, '2014-10-01 23:09:06', '1971-11-12 17:56:02'),
(34, 34, 2, 0, '1976-08-05 20:25:26', '2001-10-31 21:23:04'),
(35, 35, 3, 0, '1981-06-04 19:49:44', '1985-07-02 02:47:04'),
(36, 36, 4, 0, '1990-11-16 22:08:35', '2009-04-16 07:13:29'),
(37, 37, 1, 0, '1970-05-09 23:17:13', '1990-10-02 10:02:24'),
(38, 38, 2, 0, '1989-03-12 06:08:55', '1991-01-02 22:32:46'),
(39, 39, 3, 0, '1995-11-28 01:44:47', '1999-10-12 06:34:34'),
(40, 40, 4, 0, '1970-02-02 07:58:55', '1992-10-31 22:07:54'),
(41, 41, 1, 0, '2010-07-19 20:05:13', '2012-05-31 15:09:02'),
(42, 42, 2, 0, '1980-12-13 09:43:43', '1995-04-29 03:41:36'),
(43, 43, 3, 0, '1970-05-02 20:19:52', '2017-09-03 17:47:28'),
(44, 44, 4, 0, '1975-05-22 21:47:33', '1982-12-31 06:49:49'),
(45, 45, 1, 0, '2015-09-06 21:47:21', '1999-07-07 08:02:48'),
(46, 46, 2, 0, '2017-03-04 00:43:37', '2014-07-29 03:45:21'),
(47, 47, 3, 0, '1998-07-11 12:19:54', '1988-03-06 17:32:30'),
(48, 48, 4, 0, '1999-04-29 23:56:02', '2019-03-24 15:58:45'),
(49, 49, 1, 0, '2017-05-28 15:29:43', '1985-12-10 06:22:33'),
(50, 50, 2, 0, '2011-12-17 20:14:49', '2010-08-05 17:01:01'),
(51, 51, 3, 0, '1999-04-15 10:57:43', '2016-02-27 11:10:45'),
(52, 52, 4, 0, '2017-02-01 10:45:26', '2016-04-24 11:27:08'),
(53, 53, 1, 0, '2004-06-04 13:57:59', '2005-10-06 07:01:52'),
(54, 54, 2, 0, '1980-07-26 09:46:48', '2010-01-01 06:11:20'),
(55, 55, 3, 0, '1974-05-02 11:09:01', '2003-06-22 12:45:49'),
(56, 56, 4, 0, '2010-01-12 13:26:23', '1986-09-20 20:34:22'),
(57, 57, 1, 0, '1992-12-12 11:18:39', '2012-05-07 12:48:17'),
(58, 58, 2, 0, '1994-06-21 20:02:09', '2003-04-25 16:06:43'),
(59, 59, 3, 0, '1997-03-04 18:05:17', '2000-05-08 21:18:03'),
(60, 60, 4, 0, '2014-02-03 16:02:07', '2012-05-18 00:31:21'),
(61, 61, 1, 0, '1980-04-16 08:28:40', '2017-06-30 09:54:54'),
(62, 62, 2, 0, '1978-02-10 12:32:30', '2015-08-15 17:39:48'),
(63, 63, 3, 0, '2000-02-28 21:12:45', '1981-01-24 21:24:13'),
(64, 64, 4, 0, '1970-09-23 21:35:41', '2004-02-07 12:55:32'),
(65, 65, 1, 0, '2000-11-17 14:31:15', '1999-02-24 12:24:55'),
(66, 66, 2, 0, '1984-06-14 15:03:37', '1970-03-03 13:12:04'),
(67, 67, 3, 0, '1975-01-09 22:30:36', '1976-05-06 19:48:24'),
(68, 68, 4, 0, '1978-11-09 04:42:56', '1993-09-28 16:44:15'),
(69, 69, 1, 0, '2018-08-17 07:28:47', '2012-02-11 22:41:06'),
(70, 70, 2, 0, '2011-01-23 22:16:10', '1997-06-03 11:24:55'),
(71, 71, 3, 0, '2001-06-30 04:32:37', '2012-01-12 09:13:25'),
(72, 72, 4, 0, '2002-11-23 09:18:24', '1982-03-24 01:18:30'),
(73, 73, 1, 0, '1970-01-07 12:04:17', '1971-08-04 02:03:06'),
(74, 74, 2, 0, '1981-06-02 08:02:46', '1994-02-22 15:55:02'),
(75, 75, 3, 0, '1978-04-02 12:36:14', '1998-12-19 11:39:55'),
(76, 76, 4, 0, '2015-01-25 20:22:18', '1996-03-09 06:46:57'),
(77, 77, 1, 0, '1981-01-18 04:31:51', '2013-03-16 14:13:44'),
(78, 78, 2, 0, '2011-04-25 02:43:11', '2014-11-27 13:38:10'),
(79, 79, 3, 0, '2014-09-26 05:48:48', '2014-11-03 18:32:39'),
(80, 80, 4, 0, '1980-11-12 13:27:39', '1996-06-09 08:24:55'),
(81, 81, 1, 0, '2014-10-21 20:58:56', '1998-11-13 09:24:15'),
(82, 82, 2, 0, '2014-11-18 02:07:09', '1998-12-18 23:29:05'),
(83, 83, 3, 0, '1995-11-26 17:10:14', '1974-09-22 11:00:03'),
(84, 84, 4, 0, '2001-10-24 01:06:43', '1987-12-26 00:30:41'),
(85, 85, 1, 0, '1999-07-27 17:51:27', '1992-06-01 22:08:50'),
(86, 86, 2, 0, '1973-09-17 09:04:01', '2011-12-14 13:06:02'),
(87, 87, 3, 0, '1996-04-28 08:38:08', '1987-12-31 18:53:50'),
(88, 88, 4, 0, '1992-02-23 08:47:21', '1979-03-26 03:02:32'),
(89, 89, 1, 0, '1992-12-10 10:35:52', '2018-11-25 13:32:16'),
(90, 90, 2, 0, '2007-01-10 08:39:00', '2015-12-12 07:50:51'),
(91, 91, 3, 0, '1983-05-02 21:41:51', '2002-06-02 07:43:46'),
(92, 92, 4, 0, '2002-01-13 02:54:02', '1993-04-12 08:04:57'),
(93, 93, 1, 0, '1980-09-19 19:28:11', '2016-01-17 09:03:17'),
(94, 94, 2, 0, '2002-10-21 17:54:35', '1996-10-15 13:29:48'),
(95, 95, 3, 0, '1992-02-19 19:00:32', '1981-07-22 11:56:53'),
(96, 96, 4, 0, '1992-06-18 10:54:43', '1996-02-15 15:57:10'),
(97, 97, 1, 0, '1997-07-19 04:24:07', '2004-03-18 07:48:26'),
(98, 98, 2, 0, '2019-11-04 16:16:49', '1970-05-17 08:04:44'),
(99, 99, 3, 0, '1979-07-29 17:06:25', '1992-12-01 13:38:08'),
(100, 100, 4, 0, '2016-05-02 23:48:14', '1988-04-19 03:31:29'),
(101, 1, 1, 0, '1980-12-17 21:05:53', '2018-12-03 13:46:24'),
(102, 2, 2, 0, '1992-10-08 20:20:54', '2010-02-27 05:56:02'),
(103, 3, 3, 0, '1985-04-29 19:27:15', '1981-04-25 18:30:14'),
(104, 4, 4, 0, '2001-01-19 07:03:17', '1999-02-03 21:22:37'),
(105, 5, 1, 0, '2010-08-02 06:57:04', '2006-10-28 19:46:31'),
(106, 6, 2, 0, '2010-10-15 07:09:49', '2016-08-09 05:20:12'),
(107, 7, 3, 0, '1978-03-01 02:56:29', '2005-01-09 03:18:56'),
(108, 8, 4, 0, '1970-12-18 03:05:33', '2001-05-31 09:52:09'),
(109, 9, 1, 0, '1998-07-24 19:19:30', '1985-12-31 11:07:43'),
(110, 10, 2, 0, '2013-05-08 22:47:39', '2015-04-06 05:15:51'),
(111, 11, 3, 0, '1972-12-20 13:20:57', '1991-12-10 18:17:52'),
(112, 12, 4, 0, '1981-08-30 17:45:13', '2013-01-16 15:03:47'),
(113, 13, 1, 0, '1972-07-20 08:07:18', '1999-02-21 02:20:14'),
(114, 14, 2, 0, '2017-10-09 10:03:09', '2001-09-29 21:46:52'),
(115, 15, 3, 0, '1978-07-04 14:15:34', '1970-02-24 12:37:55'),
(116, 16, 4, 0, '2003-06-27 11:38:13', '1982-06-07 01:27:23'),
(117, 17, 1, 0, '1983-06-01 08:58:42', '1986-05-09 14:50:28'),
(118, 18, 2, 0, '2002-02-04 20:03:06', '2006-10-28 00:01:42'),
(119, 19, 3, 0, '1989-09-02 10:53:00', '1993-08-24 01:22:18'),
(120, 20, 4, 0, '2014-05-21 18:28:36', '1990-12-15 20:00:21'),
(121, 21, 1, 0, '1995-07-18 23:28:55', '1978-02-28 01:09:35'),
(122, 22, 2, 0, '1992-08-28 19:10:02', '1977-09-30 18:13:16'),
(123, 23, 3, 0, '1988-08-24 08:34:25', '1987-12-07 15:36:27'),
(124, 24, 4, 0, '1999-03-19 02:12:48', '1983-12-13 13:05:08'),
(125, 25, 1, 0, '2007-06-02 06:56:47', '2019-10-18 03:38:51'),
(126, 26, 2, 0, '1970-12-16 12:22:49', '1993-07-23 22:57:34'),
(127, 27, 3, 0, '1982-12-21 08:01:14', '1990-04-13 00:02:51'),
(128, 28, 4, 0, '2013-03-30 20:01:53', '2006-04-14 14:57:37'),
(129, 29, 1, 0, '1973-12-04 11:20:09', '1997-09-27 14:51:18'),
(130, 30, 2, 0, '1971-10-25 03:42:47', '2018-12-06 21:52:45'),
(131, 31, 3, 0, '1994-05-17 22:48:41', '1995-11-06 13:21:17'),
(132, 32, 4, 0, '1999-10-09 05:44:24', '1996-03-16 13:53:09'),
(133, 33, 1, 0, '1985-08-21 01:55:28', '2010-02-27 18:19:13'),
(134, 34, 2, 0, '2016-02-08 11:47:14', '1990-06-26 09:08:01'),
(135, 35, 3, 0, '1981-09-24 05:00:12', '2006-12-06 08:28:37'),
(136, 36, 4, 0, '2019-10-05 19:03:28', '1982-07-09 06:08:00'),
(137, 37, 1, 0, '1997-05-07 06:28:26', '2011-12-24 04:35:58'),
(138, 38, 2, 0, '2019-12-27 05:51:26', '1983-07-20 11:59:10'),
(139, 39, 3, 0, '2018-10-17 06:40:13', '2016-05-30 00:32:05'),
(140, 40, 4, 0, '1991-04-18 15:46:45', '2016-03-26 21:25:49'),
(141, 41, 1, 0, '1977-01-08 20:56:07', '2007-08-03 19:12:21'),
(142, 42, 2, 0, '1993-08-15 17:17:17', '2003-08-10 10:45:44'),
(143, 43, 3, 0, '1986-08-27 03:29:17', '2003-11-18 03:42:41'),
(144, 44, 4, 0, '1978-04-11 05:47:33', '2004-03-15 14:08:59'),
(145, 45, 1, 0, '1990-03-09 00:31:06', '2013-01-13 13:52:53'),
(146, 46, 2, 0, '1994-09-19 16:11:52', '1989-10-22 15:55:12'),
(147, 47, 3, 0, '2010-07-20 07:59:13', '1982-02-15 05:04:47'),
(148, 48, 4, 0, '1991-06-04 18:06:28', '1972-10-22 15:35:03'),
(149, 49, 1, 0, '1992-09-22 07:18:19', '1982-11-09 07:17:38'),
(150, 50, 2, 0, '1979-11-17 04:11:18', '2004-03-11 09:25:22'),
(151, 51, 3, 0, '2002-09-19 08:12:37', '1988-04-20 04:11:08'),
(152, 52, 4, 0, '2011-09-19 17:20:41', '1998-08-01 18:29:25'),
(153, 53, 1, 0, '2018-03-02 22:37:58', '1983-06-27 18:21:26'),
(154, 54, 2, 0, '2007-10-06 15:45:13', '2004-10-15 06:35:38'),
(155, 55, 3, 0, '1990-03-05 20:39:16', '2013-06-21 07:28:44'),
(156, 56, 4, 0, '2002-08-16 18:55:57', '1990-12-10 13:27:30'),
(157, 57, 1, 0, '2011-07-03 17:12:27', '1970-01-01 04:19:44'),
(158, 58, 2, 0, '2003-08-16 20:04:44', '1990-12-13 00:38:11'),
(159, 59, 3, 0, '2002-06-15 17:05:33', '1972-01-08 13:13:46'),
(160, 60, 4, 0, '2002-09-03 18:21:48', '1978-11-15 06:29:25'),
(161, 61, 1, 0, '2003-06-12 19:43:16', '2005-07-03 17:11:12'),
(162, 62, 2, 0, '1997-11-25 22:43:51', '2016-10-08 20:44:12'),
(163, 63, 3, 0, '1971-02-25 20:08:07', '2003-08-19 16:35:11'),
(164, 64, 4, 0, '1989-07-25 17:39:03', '2015-04-11 19:27:32'),
(165, 65, 1, 0, '1976-05-24 18:54:44', '1992-03-04 01:33:54'),
(166, 66, 2, 0, '2009-12-03 17:22:26', '2009-09-10 02:15:55'),
(167, 67, 3, 0, '2004-01-14 01:40:26', '2017-06-25 16:52:55'),
(168, 68, 4, 0, '2010-04-14 12:31:25', '1978-05-15 06:54:43'),
(169, 69, 1, 0, '1987-12-19 03:22:47', '2002-08-07 05:42:14'),
(170, 70, 2, 0, '1979-12-07 11:38:12', '1993-01-25 13:18:04'),
(171, 71, 3, 0, '1974-03-13 12:48:15', '1982-08-07 16:44:31'),
(172, 72, 4, 0, '2013-12-30 21:15:29', '1977-08-10 16:09:49'),
(173, 73, 1, 0, '1981-02-22 16:27:47', '2004-02-21 04:21:12'),
(174, 74, 2, 0, '1971-12-21 07:33:19', '1988-04-25 08:00:31'),
(175, 75, 3, 0, '1971-09-24 04:53:12', '1979-01-06 08:37:58'),
(176, 76, 4, 0, '1974-06-27 01:50:22', '1986-08-13 04:23:55'),
(177, 77, 1, 0, '2016-01-27 11:03:06', '2010-11-17 18:46:11'),
(178, 78, 2, 0, '1984-09-09 23:23:06', '1982-05-06 05:41:09'),
(179, 79, 3, 0, '2015-03-09 18:58:48', '2011-02-21 21:35:50'),
(180, 80, 4, 0, '1996-02-14 07:37:40', '1991-07-22 18:55:48'),
(181, 81, 1, 0, '1982-11-26 03:47:06', '1992-01-16 18:04:51'),
(182, 82, 2, 0, '2007-11-30 08:33:47', '1994-03-26 10:23:08'),
(183, 83, 3, 0, '1982-03-12 05:01:57', '1995-06-23 21:28:56'),
(184, 84, 4, 0, '2015-11-30 13:58:30', '1997-09-19 10:56:32'),
(185, 85, 1, 0, '1978-10-08 17:22:21', '1999-09-11 12:49:43'),
(186, 86, 2, 0, '1995-11-18 11:45:57', '1976-04-15 20:02:11'),
(187, 87, 3, 0, '2001-08-06 11:49:19', '1998-12-17 11:33:49'),
(188, 88, 4, 0, '1980-03-17 04:20:06', '1992-06-01 09:23:01'),
(189, 89, 1, 0, '1999-04-21 18:25:26', '2016-02-26 02:36:15'),
(190, 90, 2, 0, '1988-03-08 19:37:25', '2015-11-11 05:21:26'),
(191, 91, 3, 0, '1974-08-26 19:03:17', '2016-05-20 11:48:19'),
(192, 92, 4, 0, '2007-12-25 10:01:04', '2015-12-31 23:11:42'),
(193, 93, 1, 0, '1994-08-11 10:21:45', '2003-11-26 16:34:20'),
(194, 94, 2, 0, '2001-11-15 05:08:53', '1997-09-25 01:28:11'),
(195, 95, 3, 0, '1981-02-18 21:10:24', '1994-10-29 22:20:33'),
(196, 96, 4, 0, '1984-03-01 05:54:31', '1973-12-25 20:29:20'),
(197, 97, 1, 0, '1988-07-31 16:21:50', '2000-07-26 12:45:39'),
(198, 98, 2, 0, '1970-03-04 23:43:59', '2019-07-06 14:42:57'),
(199, 99, 3, 0, '1984-10-08 03:51:43', '2001-08-12 21:17:04'),
(200, 100, 4, 0, '1971-02-28 10:43:54', '2008-08-21 02:57:33'),
(201, 1, 1, 0, '2002-09-20 05:44:59', '1980-08-18 18:45:40'),
(202, 2, 2, 0, '1985-03-30 21:37:27', '1998-06-26 12:12:19'),
(203, 3, 3, 0, '2002-09-13 17:57:07', '1982-07-22 03:32:37'),
(204, 4, 4, 0, '1996-02-23 06:32:28', '1986-05-21 11:05:34'),
(205, 5, 1, 0, '2007-12-29 18:38:28', '2006-09-13 06:26:18'),
(206, 6, 2, 0, '1984-10-26 02:17:08', '2005-04-07 00:06:04'),
(207, 7, 3, 0, '2011-11-08 23:37:56', '2013-09-30 22:44:39'),
(208, 8, 4, 0, '1989-05-03 21:02:10', '1971-12-19 08:42:46'),
(209, 9, 1, 0, '1977-09-10 19:18:21', '2018-10-10 02:13:23'),
(210, 10, 2, 0, '1975-11-09 17:37:51', '2005-10-27 17:49:53'),
(211, 11, 3, 0, '2017-01-30 04:42:07', '2001-07-07 12:20:39'),
(212, 12, 4, 0, '2004-01-27 13:37:04', '2002-10-31 20:12:59'),
(213, 13, 1, 0, '1983-05-25 05:08:14', '1986-07-23 19:12:48'),
(214, 14, 2, 0, '2014-04-28 19:42:12', '1991-08-25 01:27:13'),
(215, 15, 3, 0, '1991-07-11 22:21:01', '1972-12-28 02:08:18'),
(216, 16, 4, 0, '1971-05-04 07:36:35', '1972-08-02 17:55:27'),
(217, 17, 1, 0, '1970-06-20 16:27:41', '1998-05-05 12:33:31'),
(218, 18, 2, 0, '2014-03-01 09:39:55', '2004-10-10 09:06:41'),
(219, 19, 3, 0, '1983-08-22 20:30:52', '1999-01-29 22:25:17'),
(220, 20, 4, 0, '1974-06-22 03:34:10', '1980-05-23 05:34:33'),
(221, 21, 1, 0, '2019-01-01 18:54:52', '1989-02-16 05:36:54'),
(222, 22, 2, 0, '2009-03-01 18:31:12', '1971-08-05 23:56:27'),
(223, 23, 3, 0, '1970-07-02 16:25:11', '2006-08-27 14:04:52'),
(224, 24, 4, 0, '2013-07-27 06:16:18', '1981-10-12 04:55:12'),
(225, 25, 1, 0, '1974-02-11 15:45:06', '2014-12-16 19:54:18'),
(226, 26, 2, 0, '1993-02-13 02:53:43', '1996-03-25 02:49:27'),
(227, 27, 3, 0, '2003-06-04 09:59:12', '1998-03-08 02:39:15'),
(228, 28, 4, 0, '1986-02-22 07:55:16', '2000-04-03 11:58:06'),
(229, 29, 1, 0, '2003-05-21 15:16:36', '1991-09-20 14:16:31'),
(230, 30, 2, 0, '2019-02-19 11:44:45', '1975-12-07 23:49:06'),
(231, 31, 3, 0, '1994-07-23 12:54:22', '1999-06-14 17:25:50'),
(232, 32, 4, 0, '1970-02-17 20:00:36', '1986-04-27 07:32:13'),
(233, 33, 1, 0, '1978-05-13 16:20:58', '1974-10-03 08:09:38'),
(234, 34, 2, 0, '2010-01-09 09:04:25', '2016-09-26 11:12:25'),
(235, 35, 3, 0, '2004-07-05 16:02:42', '1979-03-06 13:10:24'),
(236, 36, 4, 0, '1988-05-01 10:35:08', '2002-04-13 05:57:15'),
(237, 37, 1, 0, '2000-04-15 00:07:03', '1984-05-12 09:41:18'),
(238, 38, 2, 0, '1989-08-28 23:47:05', '1997-09-15 19:08:45'),
(239, 39, 3, 0, '1982-06-18 19:36:24', '1986-02-07 17:54:11'),
(240, 40, 4, 0, '2013-07-21 09:02:50', '2000-10-22 03:48:08'),
(241, 41, 1, 0, '2001-05-15 11:07:45', '2002-06-24 16:37:11'),
(242, 42, 2, 0, '2011-12-25 22:24:15', '2019-01-06 15:32:47'),
(243, 43, 3, 0, '1987-09-14 08:08:41', '2008-04-14 04:11:57'),
(244, 44, 4, 0, '2015-06-14 17:50:12', '2015-04-09 18:55:19'),
(245, 45, 1, 0, '1975-05-16 19:54:05', '1970-04-03 04:27:34'),
(246, 46, 2, 0, '1976-09-10 03:45:12', '1999-12-02 04:14:46'),
(247, 47, 3, 0, '2013-11-16 04:38:37', '1986-11-22 12:01:10'),
(248, 48, 4, 0, '2003-09-20 22:46:16', '2019-07-14 19:40:22'),
(249, 49, 1, 0, '2010-11-26 10:32:18', '1981-07-16 09:13:02'),
(250, 50, 2, 0, '1999-02-17 20:04:36', '2013-11-30 11:16:42'),
(251, 51, 3, 0, '1979-12-04 23:39:01', '1997-01-29 01:19:31'),
(252, 52, 4, 0, '2010-09-13 19:16:04', '1970-07-02 10:27:45'),
(253, 53, 1, 0, '1979-12-07 04:09:33', '1972-02-11 04:35:53'),
(254, 54, 2, 0, '1977-12-10 18:08:11', '1973-06-05 17:37:38'),
(255, 55, 3, 0, '2009-06-06 17:12:51', '1991-10-19 20:25:36'),
(256, 56, 4, 0, '1991-04-05 19:57:21', '1979-05-11 03:55:22'),
(257, 57, 1, 0, '2019-01-15 04:41:30', '2000-08-14 01:51:32'),
(258, 58, 2, 0, '1978-05-16 23:44:25', '2018-10-23 02:31:24'),
(259, 59, 3, 0, '1995-09-22 01:05:14', '2016-03-02 18:51:28'),
(260, 60, 4, 0, '1980-12-29 15:51:03', '1991-01-22 12:06:31'),
(261, 61, 1, 0, '2019-07-14 15:50:11', '1996-05-19 16:30:08'),
(262, 62, 2, 0, '1988-10-08 20:56:21', '2010-03-19 11:18:40'),
(263, 63, 3, 0, '2013-05-15 07:00:00', '1986-12-08 22:55:35'),
(264, 64, 4, 0, '2019-09-30 16:53:04', '1986-12-18 02:48:27'),
(265, 65, 1, 0, '1984-04-18 06:03:05', '1975-04-05 01:32:23'),
(266, 66, 2, 0, '1991-10-03 08:14:52', '1972-12-11 11:39:20'),
(267, 67, 3, 0, '2012-08-31 07:47:01', '1999-11-14 11:48:01'),
(268, 68, 4, 0, '1981-04-01 02:12:00', '1992-11-26 12:58:38'),
(269, 69, 1, 0, '2012-03-26 18:59:35', '1970-11-12 18:17:33'),
(270, 70, 2, 0, '1990-12-28 14:48:08', '1976-09-06 09:40:37'),
(271, 71, 3, 0, '2000-02-02 12:29:52', '2006-03-20 07:48:11'),
(272, 72, 4, 0, '2007-05-30 03:05:06', '2010-09-13 20:21:03'),
(273, 73, 1, 0, '2005-11-10 04:16:33', '2000-09-18 19:17:11'),
(274, 74, 2, 0, '1972-01-26 05:31:41', '1999-03-02 19:57:25'),
(275, 75, 3, 0, '2016-10-29 05:46:39', '2012-11-01 08:46:20'),
(276, 76, 4, 0, '1980-09-21 15:14:55', '1975-10-10 03:53:44'),
(277, 77, 1, 0, '1983-02-01 07:13:30', '1994-05-05 13:39:36'),
(278, 78, 2, 0, '1993-04-13 11:48:24', '2001-11-28 14:30:28'),
(279, 79, 3, 0, '2018-01-23 12:13:04', '2014-04-10 11:21:11'),
(280, 80, 4, 0, '2017-07-09 15:25:36', '2009-09-07 18:41:20'),
(281, 81, 1, 0, '2002-11-15 02:28:37', '2003-02-28 13:22:28'),
(282, 82, 2, 0, '2016-12-07 12:10:51', '2008-06-12 06:20:22'),
(283, 83, 3, 0, '2003-09-26 06:31:55', '1973-08-18 01:26:49'),
(284, 84, 4, 0, '2017-03-13 10:14:34', '2015-04-14 01:38:51'),
(285, 85, 1, 0, '2005-03-11 13:38:56', '1972-06-18 05:01:39'),
(286, 86, 2, 0, '2016-02-18 04:56:13', '1988-05-21 06:38:54'),
(287, 87, 3, 0, '1989-10-28 12:52:38', '2017-10-14 04:48:35'),
(288, 88, 4, 0, '1973-03-03 17:45:41', '1976-02-02 10:08:01'),
(289, 89, 1, 0, '1999-01-02 09:03:46', '1990-10-03 22:47:52'),
(290, 90, 2, 0, '2014-10-20 09:41:16', '2003-06-29 22:42:42'),
(291, 91, 3, 0, '1976-05-11 04:22:02', '1988-04-16 20:46:04'),
(292, 92, 4, 0, '1996-04-07 05:43:34', '1975-12-08 09:09:05'),
(293, 93, 1, 0, '2017-09-04 18:56:46', '1990-02-21 00:45:11'),
(294, 94, 2, 0, '1972-01-02 19:12:29', '2004-11-20 20:01:59'),
(295, 95, 3, 0, '2002-09-21 00:28:12', '1987-05-23 14:00:53'),
(296, 96, 4, 0, '2018-11-23 22:46:53', '1999-10-15 18:38:03'),
(297, 97, 1, 0, '2015-09-10 13:12:52', '1999-08-16 03:04:11'),
(298, 98, 2, 0, '2002-10-20 17:49:13', '2018-12-03 13:27:55'),
(299, 99, 3, 0, '1971-02-12 09:24:47', '1982-02-13 04:02:42'),
(300, 100, 4, 0, '1973-12-13 10:48:29', '1971-05-28 09:23:27'),
(301, 1, 1, 0, '1974-05-04 13:57:30', '1986-10-08 05:00:43'),
(302, 2, 2, 0, '2018-03-21 09:28:01', '2002-06-16 02:51:45'),
(303, 3, 3, 0, '1977-07-23 11:34:07', '1991-02-24 04:24:56'),
(304, 4, 4, 0, '1988-01-24 19:41:04', '1992-05-22 08:36:45'),
(305, 5, 1, 0, '1981-05-20 01:55:40', '1988-11-11 09:10:04'),
(306, 6, 2, 0, '2014-09-27 04:42:56', '1998-05-16 04:06:12'),
(307, 7, 3, 0, '1971-01-31 21:54:40', '2007-06-23 22:55:43'),
(308, 8, 4, 0, '2020-01-15 10:23:26', '1992-07-14 07:45:47'),
(309, 9, 1, 0, '1995-02-17 23:29:01', '1982-07-16 09:04:38'),
(310, 10, 2, 0, '2009-10-17 16:54:18', '2001-08-18 11:46:49'),
(311, 11, 3, 0, '1972-12-21 04:17:50', '1996-12-26 19:49:28'),
(312, 12, 4, 0, '1991-04-05 10:35:25', '1982-05-28 03:19:22'),
(313, 13, 1, 0, '2016-12-25 14:50:31', '1989-02-23 13:18:03'),
(314, 14, 2, 0, '2004-03-08 02:50:20', '1972-10-06 03:46:43'),
(315, 15, 3, 0, '1972-03-15 13:29:40', '2003-08-26 19:05:54'),
(316, 16, 4, 0, '1995-01-09 11:52:53', '1996-11-19 03:21:08'),
(317, 17, 1, 0, '2000-05-11 01:20:45', '2008-12-06 22:16:38'),
(318, 18, 2, 0, '1986-10-06 10:53:16', '1998-07-06 05:25:42'),
(319, 19, 3, 0, '1991-07-19 17:11:57', '1978-05-02 15:17:14'),
(320, 20, 4, 0, '2019-12-19 13:25:43', '2016-08-13 13:20:36'),
(321, 21, 1, 0, '1976-08-28 22:05:39', '2007-06-08 19:14:08'),
(322, 22, 2, 0, '1992-02-16 19:24:41', '2011-12-18 22:55:51'),
(323, 23, 3, 0, '2008-10-23 16:39:36', '1979-04-18 01:26:04'),
(324, 24, 4, 0, '1975-05-19 05:05:22', '1991-07-17 18:44:49'),
(325, 25, 1, 0, '2001-08-18 09:27:37', '1986-01-13 07:52:50'),
(326, 26, 2, 0, '1985-04-12 01:38:39', '2019-01-08 14:07:15'),
(327, 27, 3, 0, '1974-07-19 15:46:39', '2011-09-28 13:42:58'),
(328, 28, 4, 0, '1992-04-10 00:16:02', '1970-03-22 22:46:49'),
(329, 29, 1, 0, '1973-10-21 04:07:50', '2007-06-14 00:34:14'),
(330, 30, 2, 0, '2012-02-19 01:43:32', '1989-06-28 02:48:00'),
(331, 31, 3, 0, '2007-12-17 01:35:17', '1981-01-16 02:23:23'),
(332, 32, 4, 0, '1989-10-29 23:20:54', '2007-09-13 21:34:16'),
(333, 33, 1, 0, '1994-10-25 10:36:47', '1996-03-13 21:31:20'),
(334, 34, 2, 0, '1989-10-19 15:40:10', '1992-04-22 19:10:35'),
(335, 35, 3, 0, '1970-11-03 18:11:43', '1977-08-01 23:45:25'),
(336, 36, 4, 0, '1978-03-19 23:21:20', '1972-11-08 10:03:46'),
(337, 37, 1, 0, '2004-08-18 02:17:07', '2007-01-12 00:40:44'),
(338, 38, 2, 0, '2014-03-04 22:37:48', '2001-10-28 19:19:13'),
(339, 39, 3, 0, '2019-05-03 20:36:04', '1998-09-06 00:34:48'),
(340, 40, 4, 0, '2012-09-04 16:31:36', '1985-01-03 11:26:59'),
(341, 41, 1, 0, '1988-06-22 13:24:55', '1976-12-21 04:18:08'),
(342, 42, 2, 0, '1995-04-13 01:26:34', '2017-04-04 04:06:44'),
(343, 43, 3, 0, '1987-11-12 18:35:30', '2015-02-11 15:04:18'),
(344, 44, 4, 0, '1989-12-07 16:29:33', '1991-05-10 02:07:39'),
(345, 45, 1, 0, '2007-09-07 10:42:36', '1987-08-05 09:58:45'),
(346, 46, 2, 0, '2017-11-26 16:05:02', '1991-08-14 21:49:57'),
(347, 47, 3, 0, '1974-03-14 03:50:22', '2001-05-08 15:07:44'),
(348, 48, 4, 0, '1979-05-22 18:29:28', '1980-04-03 13:38:09'),
(349, 49, 1, 0, '1992-05-14 04:16:42', '2015-09-24 07:13:27'),
(350, 50, 2, 0, '1973-04-30 03:28:32', '1994-09-29 00:20:24'),
(351, 51, 3, 0, '1975-02-25 14:50:36', '2007-02-19 21:42:17'),
(352, 52, 4, 0, '1998-01-26 15:42:40', '2019-05-07 06:16:52'),
(353, 53, 1, 0, '2006-03-12 17:22:41', '2008-07-30 01:20:50'),
(354, 54, 2, 0, '2020-01-22 18:35:30', '1988-09-29 07:36:28'),
(355, 55, 3, 0, '2003-11-14 18:27:38', '2000-08-31 14:14:52'),
(356, 56, 4, 0, '1976-02-18 05:22:26', '2000-03-26 21:42:50'),
(357, 57, 1, 0, '1996-05-31 04:05:02', '2010-07-18 16:36:06'),
(358, 58, 2, 0, '1974-08-22 19:10:17', '1975-03-17 04:54:39'),
(359, 59, 3, 0, '1999-12-17 12:49:57', '1982-02-10 06:05:57'),
(360, 60, 4, 0, '1972-09-22 13:56:58', '1989-09-19 01:19:22'),
(361, 61, 1, 0, '2016-05-01 23:08:10', '2010-09-05 23:10:59'),
(362, 62, 2, 0, '1972-01-25 09:38:30', '2008-02-04 04:19:39'),
(363, 63, 3, 0, '1981-04-18 01:07:28', '2010-06-14 20:18:14'),
(364, 64, 4, 0, '1970-12-20 08:26:17', '2002-09-25 00:58:03'),
(365, 65, 1, 0, '2000-09-16 14:41:01', '1971-10-31 00:56:34'),
(366, 66, 2, 0, '1984-08-06 12:06:21', '1978-09-28 09:25:20'),
(367, 67, 3, 0, '2006-04-13 08:03:00', '1979-03-28 02:43:57'),
(368, 68, 4, 0, '2010-07-18 03:13:36', '1970-08-11 12:54:32'),
(369, 69, 1, 0, '1984-09-24 02:55:35', '1987-01-10 07:02:41'),
(370, 70, 2, 0, '1976-03-28 17:44:43', '1993-12-16 05:17:59'),
(371, 71, 3, 0, '1999-09-06 17:58:36', '2001-02-14 08:36:58'),
(372, 72, 4, 0, '1996-03-06 18:28:50', '1995-07-05 21:53:26'),
(373, 73, 1, 0, '1982-04-09 05:08:39', '2016-08-18 04:53:29'),
(374, 74, 2, 0, '1999-09-27 07:17:05', '1970-10-02 16:34:06'),
(375, 75, 3, 0, '2007-06-16 18:31:56', '1989-05-05 12:55:48'),
(376, 76, 4, 0, '2011-02-02 00:31:27', '1986-12-22 15:12:17'),
(377, 77, 1, 0, '2010-09-28 11:27:40', '1980-01-25 03:51:13'),
(378, 78, 2, 0, '1985-11-04 06:57:13', '2005-04-17 01:50:06'),
(379, 79, 3, 0, '1972-09-10 09:35:49', '1973-06-01 09:28:47'),
(380, 80, 4, 0, '1998-12-28 22:43:50', '1981-09-20 00:20:32'),
(381, 81, 1, 0, '1986-04-09 18:59:38', '1997-10-18 18:36:19'),
(382, 82, 2, 0, '2016-02-15 11:12:09', '2014-04-06 00:17:08'),
(383, 83, 3, 0, '1997-10-28 19:00:36', '2002-08-18 01:45:46'),
(384, 84, 4, 0, '1983-10-09 00:54:55', '1983-09-24 19:13:50'),
(385, 85, 1, 0, '1989-07-14 13:22:55', '2012-01-14 11:44:22'),
(386, 86, 2, 0, '2001-06-24 19:11:02', '1974-02-14 02:11:44'),
(387, 87, 3, 0, '1974-12-19 11:48:55', '1987-11-10 22:22:56'),
(388, 88, 4, 0, '1995-10-20 03:51:11', '2008-05-09 19:31:04'),
(389, 89, 1, 0, '1970-04-09 09:29:10', '1981-06-13 19:22:43'),
(390, 90, 2, 0, '1973-08-01 18:57:45', '1977-05-18 06:21:28'),
(391, 91, 3, 0, '1977-08-08 11:37:01', '1981-10-01 04:04:07'),
(392, 92, 4, 0, '2000-04-08 08:23:58', '1971-08-13 19:07:09'),
(393, 93, 1, 0, '1987-08-06 04:29:05', '1975-04-09 02:58:48'),
(394, 94, 2, 0, '1986-09-07 04:21:56', '2003-05-19 01:08:24'),
(395, 95, 3, 0, '2013-10-30 20:45:00', '2000-12-16 16:45:26'),
(396, 96, 4, 0, '2014-05-05 02:43:59', '1997-10-21 23:54:19'),
(397, 97, 1, 0, '1990-12-15 17:03:06', '2019-05-12 21:48:45'),
(398, 98, 2, 0, '1991-03-05 18:57:18', '1995-01-08 03:50:01'),
(399, 99, 3, 0, '2013-04-19 23:30:10', '2005-01-06 17:54:14'),
(400, 100, 4, 0, '1972-02-29 22:37:51', '1972-10-24 00:26:14');
DROP TABLE IF EXISTS `studying_proccess_view`;

CREATE ALGORITHM=UNDEFINED DEFINER=`root`@`localhost` SQL SECURITY DEFINER VIEW `studying_proccess_view`  AS  select `users_edu_modules`.`users_id` AS `users_id`,`users_edu_modules`.`modules_id` AS `modules_id`,`users_edu_modules`.`status` AS `modules_status`,`users_edu_courses`.`courses_id` AS `courses_id`,`users_edu_courses`.`status` AS `courses_status`,`users_edu_lessons`.`lessons_id` AS `lessons_id`,`users_edu_lessons`.`start_date` AS `start_date`,`users_edu_lessons`.`status` AS `lessons_status`,`users_edu_lessons_tests`.`tests_id` AS `tests_id`,`users_edu_lessons_tests`.`description` AS `description` from (((`users_edu_modules` join `users_edu_courses` on((`users_edu_courses`.`users_edu_modules_id` = `users_edu_modules`.`id`))) join `users_edu_lessons` on((`users_edu_lessons`.`users_edu_courses_id` = `users_edu_courses`.`id`))) join `users_edu_lessons_tests` on((`users_edu_lessons_tests`.`users_edu_lessons_id` = `users_edu_lessons`.`id`))) ;
DROP TABLE IF EXISTS `users_data_view`;

CREATE ALGORITHM=UNDEFINED DEFINER=`root`@`localhost` SQL SECURITY DEFINER VIEW `users_data_view`  AS  select `users`.`id` AS `id`,`users`.`email` AS `email`,`profile`.`first_name` AS `first_name`,`profile`.`last_name` AS `last_name`,`profile`.`phone` AS `phone`,`profile`.`birthday` AS `birthday` from (`users` join `profile` on((`profile`.`user_id` = `users`.`id`))) ;


ALTER TABLE `edu_courses`
  ADD CONSTRAINT `edu_courses_ibfk_1` FOREIGN KEY (`modules_id`) REFERENCES `edu_modules` (`id`) ON DELETE CASCADE,
  ADD CONSTRAINT `edu_courses_ibfk_2` FOREIGN KEY (`tests_id`) REFERENCES `tests` (`id`) ON DELETE SET NULL ON UPDATE SET NULL;

ALTER TABLE `edu_lessons`
  ADD CONSTRAINT `edu_lessons_ibfk_1` FOREIGN KEY (`courses_id`) REFERENCES `edu_courses` (`id`) ON DELETE CASCADE;

ALTER TABLE `edu_lessons_tests`
  ADD CONSTRAINT `edu_lessons_tests_ibfk_1` FOREIGN KEY (`lessons_id`) REFERENCES `edu_lessons` (`id`) ON DELETE CASCADE;

ALTER TABLE `edu_modules`
  ADD CONSTRAINT `edu_modules_ibfk_1` FOREIGN KEY (`tests_id`) REFERENCES `tests` (`id`) ON DELETE SET NULL ON UPDATE SET NULL;

ALTER TABLE `profile`
  ADD CONSTRAINT `profile_ibfk_1` FOREIGN KEY (`user_id`) REFERENCES `users` (`id`) ON DELETE CASCADE;

ALTER TABLE `tests_questions`
  ADD CONSTRAINT `tests_questions_ibfk_1` FOREIGN KEY (`test_id`) REFERENCES `tests` (`id`) ON DELETE CASCADE;

ALTER TABLE `tests_questions_answers`
  ADD CONSTRAINT `tests_questions_answers_ibfk_1` FOREIGN KEY (`question_id`) REFERENCES `tests_questions` (`id`) ON DELETE CASCADE;

ALTER TABLE `users_edu_courses`
  ADD CONSTRAINT `users_edu_courses_ibfk_1` FOREIGN KEY (`users_edu_modules_id`) REFERENCES `users_edu_modules` (`id`) ON DELETE CASCADE,
  ADD CONSTRAINT `users_edu_courses_ibfk_2` FOREIGN KEY (`courses_id`) REFERENCES `edu_courses` (`id`) ON DELETE CASCADE;

ALTER TABLE `users_edu_lessons`
  ADD CONSTRAINT `users_edu_lessons_ibfk_1` FOREIGN KEY (`users_edu_courses_id`) REFERENCES `users_edu_courses` (`id`) ON DELETE CASCADE,
  ADD CONSTRAINT `users_edu_lessons_ibfk_2` FOREIGN KEY (`lessons_id`) REFERENCES `edu_lessons` (`id`) ON DELETE CASCADE;

ALTER TABLE `users_edu_lessons_tests`
  ADD CONSTRAINT `users_edu_lessons_tests_ibfk_1` FOREIGN KEY (`users_edu_lessons_id`) REFERENCES `users_edu_lessons` (`id`) ON DELETE CASCADE,
  ADD CONSTRAINT `users_edu_lessons_tests_ibfk_2` FOREIGN KEY (`tests_id`) REFERENCES `edu_lessons_tests` (`id`) ON DELETE CASCADE;

ALTER TABLE `users_edu_lessons_tests_logs`
  ADD CONSTRAINT `users_edu_lessons_tests_logs_ibfk` FOREIGN KEY (`users_edu_lessons_tests_id`) REFERENCES `users_edu_lessons_tests` (`id`) ON DELETE CASCADE;

ALTER TABLE `users_edu_modules`
  ADD CONSTRAINT `users_edu_modules_ibfk_1` FOREIGN KEY (`users_id`) REFERENCES `users` (`id`) ON DELETE CASCADE,
  ADD CONSTRAINT `users_edu_modules_ibfk_2` FOREIGN KEY (`modules_id`) REFERENCES `edu_modules` (`id`) ON DELETE CASCADE;
COMMIT;

/*!40101 SET CHARACTER_SET_CLIENT=@OLD_CHARACTER_SET_CLIENT */;
/*!40101 SET CHARACTER_SET_RESULTS=@OLD_CHARACTER_SET_RESULTS */;
/*!40101 SET COLLATION_CONNECTION=@OLD_COLLATION_CONNECTION */;
